class_id_a,module_a,class_id_b,module_b
0,BMG715,811,BMG728
0,BMG715,4,BMG718
0,BMG715,117,ACF753
4,BMG718,5,BMG715
4,BMG718,6,BMG715
4,BMG718,811,BMG728
4,BMG718,117,ACF753
117,ACF753,5,BMG715
117,ACF753,6,BMG715
5,BMG715,811,BMG728
6,BMG715,811,BMG728
811,BMG728,810,BMG725
1,BMG738,1090,ECO702
1090,ECO702,220,BMG738
1090,ECO702,221,BMG738
2,MEC114,294,MEC120
2,MEC114,809,MEC120
2,MEC114,1197,DES141
2,MEC114,1198,BME104
2,MEC114,1199,BME104
2,MEC114,1584,MEC113
2,MEC114,1585,MEC113
2,MEC114,722,MEC116
2,MEC114,723,MEC116
2,MEC114,1841,MEC116
2,MEC114,1842,MEC116
2,MEC114,694,MEC113
2,MEC114,727,MEC116
2,MEC114,726,MEC116
2,MEC114,1081,BME104
2,MEC114,1691,MEC116
2,MEC114,1596,MEC113
2,MEC114,159,BME104
159,BME104,256,COM133
159,BME104,257,COM133
159,BME104,1923,COM102
159,BME104,1922,COM102
159,BME104,147,ARC119
159,BME104,660,BEN137
159,BME104,790,BEN133
159,BME104,1304,COM117
159,BME104,1306,COM109
159,BME104,676,COM133
159,BME104,677,COM163
159,BME104,294,MEC120
159,BME104,678,COM163
159,BME104,679,COM163
159,BME104,809,MEC120
159,BME104,683,COM155
159,BME104,49,BEN137
159,BME104,50,BEN137
159,BME104,1460,BEN136
159,BME104,1462,BEN136
159,BME104,55,BEN134
159,BME104,56,BEN134
159,BME104,1463,BEN136
159,BME104,1464,BEN141
159,BME104,699,COM117
159,BME104,1846,BEN131
159,BME104,194,DES135
159,BME104,706,BEN138
159,BME104,1091,ARC119
159,BME104,1476,BEN133
159,BME104,1478,BEN138
159,BME104,1479,BEN138
159,BME104,1480,BEN138
159,BME104,1481,BEN137
159,BME104,74,MEC114
159,BME104,1098,BEN133
159,BME104,1354,COM188
159,BME104,1355,COM102
159,BME104,1485,BEN138
159,BME104,1106,ARC119
159,BME104,1107,ARC119
159,BME104,468,BEN141
159,BME104,469,BEN141
159,BME104,470,BEN141
159,BME104,728,BEN131
159,BME104,729,BEN131
159,BME104,730,BEN131
159,BME104,1628,MEC114
159,BME104,481,BEN141
159,BME104,1633,BEN134
159,BME104,228,BEN137
159,BME104,484,ARC120
159,BME104,1637,BEN136
159,BME104,999,BEN131
159,BME104,488,ARC119
159,BME104,744,BEN136
159,BME104,1638,COM109
159,BME104,491,ARC120
159,BME104,1639,COM109
159,BME104,1765,COM188
159,BME104,1777,COM155
159,BME104,1778,COM155
159,BME104,1013,BEN136
159,BME104,1017,BEN131
159,BME104,1279,BEN136
1081,BME104,256,COM133
1081,BME104,257,COM133
1081,BME104,1923,COM102
1081,BME104,1922,COM102
1081,BME104,790,BEN133
1081,BME104,1304,COM117
1081,BME104,1306,COM109
1081,BME104,676,COM133
1081,BME104,677,COM163
1081,BME104,294,MEC120
1081,BME104,678,COM163
1081,BME104,679,COM163
1081,BME104,809,MEC120
1081,BME104,683,COM155
1081,BME104,49,BEN137
1081,BME104,50,BEN137
1081,BME104,1460,BEN136
1081,BME104,1462,BEN136
1081,BME104,55,BEN134
1081,BME104,56,BEN134
1081,BME104,1463,BEN136
1081,BME104,1464,BEN141
1081,BME104,699,COM117
1081,BME104,1846,BEN131
1081,BME104,194,DES135
1081,BME104,706,BEN138
1081,BME104,1091,ARC119
1081,BME104,1476,BEN133
1081,BME104,1478,BEN138
1081,BME104,1479,BEN138
1081,BME104,1480,BEN138
1081,BME104,1481,BEN137
1081,BME104,74,MEC114
1081,BME104,1098,BEN133
1081,BME104,1354,COM188
1081,BME104,1355,COM102
1081,BME104,1485,BEN138
1081,BME104,1106,ARC119
1081,BME104,1107,ARC119
1081,BME104,470,BEN141
1081,BME104,1628,MEC114
1081,BME104,1633,BEN134
1081,BME104,228,BEN137
1081,BME104,484,ARC120
1081,BME104,1637,BEN136
1081,BME104,999,BEN131
1081,BME104,744,BEN136
1081,BME104,1638,COM109
1081,BME104,1639,COM109
1081,BME104,491,ARC120
1081,BME104,1765,COM188
1081,BME104,1777,COM155
1081,BME104,1778,COM155
1081,BME104,1013,BEN136
1081,BME104,1017,BEN131
1081,BME104,1279,BEN136
1198,BME104,256,COM133
1198,BME104,257,COM133
1198,BME104,1923,COM102
1198,BME104,1922,COM102
1198,BME104,147,ARC119
1198,BME104,660,BEN137
1198,BME104,790,BEN133
1198,BME104,1304,COM117
1198,BME104,1306,COM109
1198,BME104,676,COM133
1198,BME104,677,COM163
1198,BME104,294,MEC120
1198,BME104,678,COM163
1198,BME104,679,COM163
1198,BME104,809,MEC120
1198,BME104,683,COM155
1198,BME104,49,BEN137
1198,BME104,50,BEN137
1198,BME104,1460,BEN136
1198,BME104,1462,BEN136
1198,BME104,55,BEN134
1198,BME104,56,BEN134
1198,BME104,1463,BEN136
1198,BME104,1464,BEN141
1198,BME104,699,COM117
1198,BME104,1846,BEN131
1198,BME104,194,DES135
1198,BME104,706,BEN138
1198,BME104,1091,ARC119
1198,BME104,1476,BEN133
1198,BME104,1478,BEN138
1198,BME104,1479,BEN138
1198,BME104,1480,BEN138
1198,BME104,1481,BEN137
1198,BME104,74,MEC114
1198,BME104,1098,BEN133
1198,BME104,1354,COM188
1198,BME104,1355,COM102
1198,BME104,1485,BEN138
1198,BME104,1106,ARC119
1198,BME104,1107,ARC119
1198,BME104,468,BEN141
1198,BME104,469,BEN141
1198,BME104,470,BEN141
1198,BME104,728,BEN131
1198,BME104,729,BEN131
1198,BME104,730,BEN131
1198,BME104,1628,MEC114
1198,BME104,481,BEN141
1198,BME104,1633,BEN134
1198,BME104,228,BEN137
1198,BME104,484,ARC120
1198,BME104,1637,BEN136
1198,BME104,999,BEN131
1198,BME104,488,ARC119
1198,BME104,744,BEN136
1198,BME104,1638,COM109
1198,BME104,491,ARC120
1198,BME104,1639,COM109
1198,BME104,1765,COM188
1198,BME104,1777,COM155
1198,BME104,1778,COM155
1198,BME104,1013,BEN136
1198,BME104,1017,BEN131
1198,BME104,1279,BEN136
1199,BME104,256,COM133
1199,BME104,257,COM133
1199,BME104,1923,COM102
1199,BME104,1922,COM102
1199,BME104,147,ARC119
1199,BME104,660,BEN137
1199,BME104,790,BEN133
1199,BME104,1304,COM117
1199,BME104,1306,COM109
1199,BME104,676,COM133
1199,BME104,677,COM163
1199,BME104,294,MEC120
1199,BME104,678,COM163
1199,BME104,679,COM163
1199,BME104,809,MEC120
1199,BME104,683,COM155
1199,BME104,49,BEN137
1199,BME104,50,BEN137
1199,BME104,1460,BEN136
1199,BME104,1462,BEN136
1199,BME104,55,BEN134
1199,BME104,56,BEN134
1199,BME104,1463,BEN136
1199,BME104,1464,BEN141
1199,BME104,699,COM117
1199,BME104,1846,BEN131
1199,BME104,194,DES135
1199,BME104,706,BEN138
1199,BME104,1091,ARC119
1199,BME104,1476,BEN133
1199,BME104,1478,BEN138
1199,BME104,1479,BEN138
1199,BME104,1480,BEN138
1199,BME104,1481,BEN137
1199,BME104,74,MEC114
1199,BME104,1098,BEN133
1199,BME104,1354,COM188
1199,BME104,1355,COM102
1199,BME104,1485,BEN138
1199,BME104,1106,ARC119
1199,BME104,1107,ARC119
1199,BME104,468,BEN141
1199,BME104,469,BEN141
1199,BME104,470,BEN141
1199,BME104,728,BEN131
1199,BME104,729,BEN131
1199,BME104,730,BEN131
1199,BME104,1628,MEC114
1199,BME104,481,BEN141
1199,BME104,1633,BEN134
1199,BME104,228,BEN137
1199,BME104,484,ARC120
1199,BME104,1637,BEN136
1199,BME104,999,BEN131
1199,BME104,488,ARC119
1199,BME104,744,BEN136
1199,BME104,1638,COM109
1199,BME104,491,ARC120
1199,BME104,1639,COM109
1199,BME104,1765,COM188
1199,BME104,1777,COM155
1199,BME104,1778,COM155
1199,BME104,1013,BEN136
1199,BME104,1017,BEN131
1199,BME104,1279,BEN136
74,MEC114,294,MEC120
74,MEC114,809,MEC120
74,MEC114,1197,DES141
74,MEC114,1584,MEC113
74,MEC114,1585,MEC113
74,MEC114,722,MEC116
74,MEC114,723,MEC116
74,MEC114,1841,MEC116
74,MEC114,1842,MEC116
74,MEC114,694,MEC113
74,MEC114,727,MEC116
74,MEC114,726,MEC116
74,MEC114,1691,MEC116
74,MEC114,1596,MEC113
1628,MEC114,294,MEC120
1628,MEC114,809,MEC120
1628,MEC114,1197,DES141
1628,MEC114,1584,MEC113
1628,MEC114,1585,MEC113
1628,MEC114,722,MEC116
1628,MEC114,723,MEC116
1628,MEC114,1841,MEC116
1628,MEC114,1842,MEC116
1628,MEC114,694,MEC113
1628,MEC114,727,MEC116
1628,MEC114,726,MEC116
1628,MEC114,1691,MEC116
1628,MEC114,1596,MEC113
694,MEC113,1841,MEC116
694,MEC113,722,MEC116
694,MEC113,723,MEC116
694,MEC113,1842,MEC116
694,MEC113,726,MEC116
694,MEC113,727,MEC116
694,MEC113,1691,MEC116
1584,MEC113,1841,MEC116
1584,MEC113,722,MEC116
1584,MEC113,723,MEC116
1584,MEC113,1842,MEC116
1584,MEC113,726,MEC116
1584,MEC113,727,MEC116
1584,MEC113,1691,MEC116
1585,MEC113,1841,MEC116
1585,MEC113,722,MEC116
1585,MEC113,723,MEC116
1585,MEC113,1842,MEC116
1585,MEC113,726,MEC116
1585,MEC113,727,MEC116
1585,MEC113,1691,MEC116
1596,MEC113,1841,MEC116
1596,MEC113,722,MEC116
1596,MEC113,723,MEC116
1596,MEC113,1842,MEC116
1596,MEC113,726,MEC116
1596,MEC113,727,MEC116
1596,MEC113,1691,MEC116
294,MEC120,256,COM133
294,MEC120,257,COM133
294,MEC120,1923,COM102
294,MEC120,1922,COM102
294,MEC120,660,BEN137
294,MEC120,790,BEN133
294,MEC120,1304,COM117
294,MEC120,1306,COM109
294,MEC120,1691,MEC116
294,MEC120,676,COM133
294,MEC120,677,COM163
294,MEC120,678,COM163
294,MEC120,679,COM163
294,MEC120,683,COM155
294,MEC120,1841,MEC116
294,MEC120,1842,MEC116
294,MEC120,49,BEN137
294,MEC120,50,BEN137
294,MEC120,1460,BEN136
294,MEC120,1462,BEN136
294,MEC120,55,BEN134
294,MEC120,56,BEN134
294,MEC120,1463,BEN136
294,MEC120,699,COM117
294,MEC120,1464,BEN141
294,MEC120,1846,BEN131
294,MEC120,194,DES135
294,MEC120,706,BEN138
294,MEC120,1091,ARC119
294,MEC120,1476,BEN133
294,MEC120,1478,BEN138
294,MEC120,1479,BEN138
294,MEC120,1480,BEN138
294,MEC120,1481,BEN137
294,MEC120,1098,BEN133
294,MEC120,1354,COM188
294,MEC120,1355,COM102
294,MEC120,1485,BEN138
294,MEC120,722,MEC116
294,MEC120,1107,ARC119
294,MEC120,723,MEC116
294,MEC120,1106,ARC119
294,MEC120,469,BEN141
294,MEC120,726,MEC116
294,MEC120,727,MEC116
294,MEC120,470,BEN141
294,MEC120,728,BEN131
294,MEC120,729,BEN131
294,MEC120,730,BEN131
294,MEC120,481,BEN141
294,MEC120,1633,BEN134
294,MEC120,228,BEN137
294,MEC120,484,ARC120
294,MEC120,1637,BEN136
294,MEC120,999,BEN131
294,MEC120,488,ARC119
294,MEC120,744,BEN136
294,MEC120,1638,COM109
294,MEC120,491,ARC120
294,MEC120,1639,COM109
294,MEC120,1765,COM188
294,MEC120,1777,COM155
294,MEC120,1778,COM155
294,MEC120,1013,BEN136
294,MEC120,1017,BEN131
294,MEC120,1279,BEN136
722,MEC116,809,MEC120
722,MEC116,1197,DES141
723,MEC116,809,MEC120
723,MEC116,1197,DES141
726,MEC116,809,MEC120
726,MEC116,1197,DES141
727,MEC116,809,MEC120
727,MEC116,1197,DES141
809,MEC120,256,COM133
809,MEC120,257,COM133
809,MEC120,1923,COM102
809,MEC120,1922,COM102
809,MEC120,147,ARC119
809,MEC120,660,BEN137
809,MEC120,790,BEN133
809,MEC120,1304,COM117
809,MEC120,1306,COM109
809,MEC120,1691,MEC116
809,MEC120,676,COM133
809,MEC120,677,COM163
809,MEC120,678,COM163
809,MEC120,679,COM163
809,MEC120,683,COM155
809,MEC120,1841,MEC116
809,MEC120,1842,MEC116
809,MEC120,49,BEN137
809,MEC120,50,BEN137
809,MEC120,1460,BEN136
809,MEC120,1462,BEN136
809,MEC120,55,BEN134
809,MEC120,56,BEN134
809,MEC120,1463,BEN136
809,MEC120,699,COM117
809,MEC120,1464,BEN141
809,MEC120,1846,BEN131
809,MEC120,194,DES135
809,MEC120,706,BEN138
809,MEC120,1091,ARC119
809,MEC120,1476,BEN133
809,MEC120,1478,BEN138
809,MEC120,1479,BEN138
809,MEC120,1480,BEN138
809,MEC120,1481,BEN137
809,MEC120,1098,BEN133
809,MEC120,1354,COM188
809,MEC120,1355,COM102
809,MEC120,1485,BEN138
809,MEC120,1106,ARC119
809,MEC120,1107,ARC119
809,MEC120,468,BEN141
809,MEC120,469,BEN141
809,MEC120,470,BEN141
809,MEC120,728,BEN131
809,MEC120,729,BEN131
809,MEC120,730,BEN131
809,MEC120,481,BEN141
809,MEC120,1633,BEN134
809,MEC120,228,BEN137
809,MEC120,484,ARC120
809,MEC120,1637,BEN136
809,MEC120,999,BEN131
809,MEC120,488,ARC119
809,MEC120,744,BEN136
809,MEC120,1638,COM109
809,MEC120,491,ARC120
809,MEC120,1639,COM109
809,MEC120,1765,COM188
809,MEC120,1777,COM155
809,MEC120,1778,COM155
809,MEC120,1013,BEN136
809,MEC120,1017,BEN131
809,MEC120,1279,BEN136
1691,MEC116,1197,DES141
1841,MEC116,1197,DES141
1842,MEC116,1197,DES141
1197,DES141,1920,SOC110
1197,DES141,514,DES142
1197,DES141,516,DES142
1197,DES141,1158,POL109
1197,DES141,383,DES142
1197,DES141,1161,TDF103
1197,DES141,1162,TDF103
1197,DES141,395,TDF104
1197,DES141,396,DES142
1197,DES141,1418,TDF104
1197,DES141,1422,CMM151
1197,DES141,1425,LAW139
1197,DES141,146,CMM109
1197,DES141,1426,LAW139
1197,DES141,1944,LAW101
1197,DES141,793,LAW140
1197,DES141,154,CMM172
1197,DES141,1689,POL109
1197,DES141,1690,CMM107
1197,DES141,542,LAW140
1197,DES141,1573,LAW143
1197,DES141,1580,ART104
1197,DES141,1581,POL117
1197,DES141,1069,CMM175
1197,DES141,1454,LAW139
1197,DES141,1071,SOC110
1197,DES141,1455,LAW140
1197,DES141,1073,LAW139
1197,DES141,1074,LAW139
1197,DES141,1075,LAW143
1197,DES141,1456,LAW140
1197,DES141,696,CMM170
1197,DES141,1210,CMM107
1197,DES141,961,CMM175
1197,DES141,1985,TDF104
1197,DES141,1092,CMM109
1197,DES141,719,CMM170
1197,DES141,849,CMM167
1197,DES141,980,PUP121
1197,DES141,856,LAW143
1197,DES141,857,LAW143
1197,DES141,858,LAW143
1197,DES141,1111,CMM151
1197,DES141,1114,PUP101
1197,DES141,1627,LAW139
1197,DES141,1630,LAW140
1197,DES141,1250,SOC103
1197,DES141,740,SOC103
1197,DES141,741,SOC103
1197,DES141,1124,PUP121
1197,DES141,103,PUP101
1197,DES141,1126,POL103
1197,DES141,1127,CMM170
1197,DES141,1766,ART103
1197,DES141,1003,CMM176
1197,DES141,122,ART103
1197,DES141,497,ART104
1197,DES141,498,ART104
1197,DES141,885,LAW140
1197,DES141,886,LAW140
1197,DES141,1014,TDF103
1197,DES141,1781,CMM167
1197,DES141,1786,ART104
1197,DES141,123,POL103
1197,DES141,124,POL103
1197,DES141,127,POL117
3,EEE528,1280,SUR503
3,EEE528,1281,SUR503
3,EEE528,1921,SUR511
3,EEE528,773,ENH524
3,EEE528,137,SUR511
3,EEE528,779,MEC501
3,EEE528,1677,SUR511
3,EEE528,656,ARC521
3,EEE528,536,SUR503
3,EEE528,1177,ENH524
3,EEE528,1945,SUR511
3,EEE528,1309,EEE515
3,EEE528,165,MEC528
3,EEE528,1587,ARC521
3,EEE528,1467,ENE521
3,EEE528,1226,ARC521
3,EEE528,1751,CIV529
3,EEE528,472,BEN509
3,EEE528,219,MEC501
3,EEE528,733,EEE515
3,EEE528,737,EEE515
3,EEE528,482,ARC526
3,EEE528,1380,EEE508
3,EEE528,489,ARC526
3,EEE528,366,SUR503
3,EEE528,1137,ENE521
3,EEE528,242,SUR503
3,EEE528,115,EEE505
3,EEE528,116,EEE505
3,EEE528,1791,EEE515
115,EEE505,1280,SUR503
115,EEE505,1281,SUR503
115,EEE505,1921,SUR511
115,EEE505,384,MEC524
115,EEE505,1413,EEE528
115,EEE505,773,ENH524
115,EEE505,137,SUR511
115,EEE505,779,MEC501
115,EEE505,1677,SUR511
115,EEE505,656,ARC521
115,EEE505,536,SUR503
115,EEE505,1177,ENH524
115,EEE505,1945,SUR511
115,EEE505,1309,EEE515
115,EEE505,1572,MEC524
115,EEE505,165,MEC528
115,EEE505,1587,ARC521
115,EEE505,1467,ENE521
115,EEE505,1226,ARC521
115,EEE505,715,BME505
115,EEE505,724,BME505
115,EEE505,725,BME505
115,EEE505,1751,CIV529
115,EEE505,472,BEN509
115,EEE505,216,EEE528
115,EEE505,983,BME505
115,EEE505,219,MEC501
115,EEE505,1367,DES505
115,EEE505,733,EEE515
115,EEE505,608,MEC509
115,EEE505,737,EEE515
115,EEE505,482,ARC526
115,EEE505,1380,EEE508
115,EEE505,1640,BMG527
115,EEE505,489,ARC526
115,EEE505,1386,MEC509
115,EEE505,1770,BMG527
115,EEE505,1388,MEC509
115,EEE505,749,MEC524
115,EEE505,366,SUR503
115,EEE505,1137,ENE521
115,EEE505,242,SUR503
115,EEE505,1018,MEC509
115,EEE505,1022,BME505
115,EEE505,1791,EEE515
116,EEE505,1280,SUR503
116,EEE505,1281,SUR503
116,EEE505,1921,SUR511
116,EEE505,384,MEC524
116,EEE505,1413,EEE528
116,EEE505,773,ENH524
116,EEE505,137,SUR511
116,EEE505,779,MEC501
116,EEE505,1677,SUR511
116,EEE505,656,ARC521
116,EEE505,536,SUR503
116,EEE505,1177,ENH524
116,EEE505,1945,SUR511
116,EEE505,1309,EEE515
116,EEE505,1572,MEC524
116,EEE505,165,MEC528
116,EEE505,1587,ARC521
116,EEE505,1467,ENE521
116,EEE505,1226,ARC521
116,EEE505,715,BME505
116,EEE505,724,BME505
116,EEE505,725,BME505
116,EEE505,1751,CIV529
116,EEE505,472,BEN509
116,EEE505,216,EEE528
116,EEE505,983,BME505
116,EEE505,219,MEC501
116,EEE505,1367,DES505
116,EEE505,733,EEE515
116,EEE505,608,MEC509
116,EEE505,737,EEE515
116,EEE505,482,ARC526
116,EEE505,1380,EEE508
116,EEE505,1640,BMG527
116,EEE505,489,ARC526
116,EEE505,1386,MEC509
116,EEE505,1770,BMG527
116,EEE505,1388,MEC509
116,EEE505,749,MEC524
116,EEE505,366,SUR503
116,EEE505,1137,ENE521
116,EEE505,242,SUR503
116,EEE505,1018,MEC509
116,EEE505,1022,BME505
116,EEE505,1791,EEE515
733,EEE515,1380,EEE508
733,EEE515,1413,EEE528
733,EEE515,779,MEC501
733,EEE515,216,EEE528
733,EEE515,219,MEC501
737,EEE515,1380,EEE508
737,EEE515,1413,EEE528
737,EEE515,165,MEC528
737,EEE515,779,MEC501
737,EEE515,216,EEE528
737,EEE515,219,MEC501
1309,EEE515,1380,EEE508
1309,EEE515,1413,EEE528
1309,EEE515,165,MEC528
1309,EEE515,779,MEC501
1309,EEE515,216,EEE528
1309,EEE515,219,MEC501
1380,EEE508,1280,SUR503
1380,EEE508,1281,SUR503
1380,EEE508,1921,SUR511
1380,EEE508,1413,EEE528
1380,EEE508,773,ENH524
1380,EEE508,137,SUR511
1380,EEE508,779,MEC501
1380,EEE508,1677,SUR511
1380,EEE508,656,ARC521
1380,EEE508,536,SUR503
1380,EEE508,1177,ENH524
1380,EEE508,1945,SUR511
1380,EEE508,165,MEC528
1380,EEE508,1587,ARC521
1380,EEE508,1467,ENE521
1380,EEE508,1226,ARC521
1380,EEE508,1751,CIV529
1380,EEE508,472,BEN509
1380,EEE508,216,EEE528
1380,EEE508,219,MEC501
1380,EEE508,482,ARC526
1380,EEE508,489,ARC526
1380,EEE508,366,SUR503
1380,EEE508,1137,ENE521
1380,EEE508,242,SUR503
1380,EEE508,1791,EEE515
1791,EEE515,1413,EEE528
1791,EEE515,779,MEC501
1791,EEE515,216,EEE528
1791,EEE515,219,MEC501
216,EEE528,1280,SUR503
216,EEE528,1281,SUR503
216,EEE528,1921,SUR511
216,EEE528,773,ENH524
216,EEE528,137,SUR511
216,EEE528,779,MEC501
216,EEE528,1677,SUR511
216,EEE528,656,ARC521
216,EEE528,536,SUR503
216,EEE528,1177,ENH524
216,EEE528,1945,SUR511
216,EEE528,165,MEC528
216,EEE528,1587,ARC521
216,EEE528,1467,ENE521
216,EEE528,1226,ARC521
216,EEE528,1751,CIV529
216,EEE528,472,BEN509
216,EEE528,219,MEC501
216,EEE528,482,ARC526
216,EEE528,489,ARC526
216,EEE528,366,SUR503
216,EEE528,1137,ENE521
216,EEE528,242,SUR503
1413,EEE528,1280,SUR503
1413,EEE528,1281,SUR503
1413,EEE528,1921,SUR511
1413,EEE528,773,ENH524
1413,EEE528,137,SUR511
1413,EEE528,779,MEC501
1413,EEE528,1677,SUR511
1413,EEE528,656,ARC521
1413,EEE528,536,SUR503
1413,EEE528,1177,ENH524
1413,EEE528,1945,SUR511
1413,EEE528,165,MEC528
1413,EEE528,1587,ARC521
1413,EEE528,1467,ENE521
1413,EEE528,1226,ARC521
1413,EEE528,1751,CIV529
1413,EEE528,472,BEN509
1413,EEE528,219,MEC501
1413,EEE528,482,ARC526
1413,EEE528,489,ARC526
1413,EEE528,366,SUR503
1413,EEE528,1137,ENE521
1413,EEE528,242,SUR503
165,MEC528,384,MEC524
165,MEC528,779,MEC501
165,MEC528,1572,MEC524
165,MEC528,715,BME505
165,MEC528,724,BME505
165,MEC528,725,BME505
165,MEC528,983,BME505
165,MEC528,219,MEC501
165,MEC528,608,MEC509
165,MEC528,1640,BMG527
165,MEC528,1386,MEC509
165,MEC528,1770,BMG527
165,MEC528,749,MEC524
165,MEC528,1018,MEC509
165,MEC528,1022,BME505
137,SUR511,1281,SUR503
137,SUR511,773,ENH524
137,SUR511,779,MEC501
137,SUR511,1291,BEN511
137,SUR511,1177,ENH524
137,SUR511,1209,SUR509
137,SUR511,1467,ENE521
137,SUR511,1226,ARC521
137,SUR511,1751,CIV529
137,SUR511,472,BEN509
137,SUR511,219,MEC501
137,SUR511,482,ARC526
137,SUR511,489,ARC526
137,SUR511,366,SUR503
219,MEC501,1280,SUR503
219,MEC501,1281,SUR503
219,MEC501,1921,SUR511
219,MEC501,384,MEC524
219,MEC501,773,ENH524
219,MEC501,1677,SUR511
219,MEC501,656,ARC521
219,MEC501,536,SUR503
219,MEC501,1177,ENH524
219,MEC501,1945,SUR511
219,MEC501,1572,MEC524
219,MEC501,1587,ARC521
219,MEC501,1467,ENE521
219,MEC501,1226,ARC521
219,MEC501,715,BME505
219,MEC501,724,BME505
219,MEC501,725,BME505
219,MEC501,1751,CIV529
219,MEC501,472,BEN509
219,MEC501,983,BME505
219,MEC501,1367,DES505
219,MEC501,608,MEC509
219,MEC501,482,ARC526
219,MEC501,1640,BMG527
219,MEC501,489,ARC526
219,MEC501,1386,MEC509
219,MEC501,1770,BMG527
219,MEC501,1388,MEC509
219,MEC501,749,MEC524
219,MEC501,366,SUR503
219,MEC501,1137,ENE521
219,MEC501,242,SUR503
219,MEC501,1018,MEC509
219,MEC501,1022,BME505
242,SUR503,1921,SUR511
242,SUR503,773,ENH524
242,SUR503,779,MEC501
242,SUR503,1677,SUR511
242,SUR503,656,ARC521
242,SUR503,1177,ENH524
242,SUR503,1945,SUR511
242,SUR503,1467,ENE521
242,SUR503,1226,ARC521
242,SUR503,1751,CIV529
242,SUR503,472,BEN509
242,SUR503,482,ARC526
242,SUR503,489,ARC526
242,SUR503,1772,SUR501
366,SUR503,1921,SUR511
366,SUR503,773,ENH524
366,SUR503,779,MEC501
366,SUR503,1677,SUR511
366,SUR503,1177,ENH524
366,SUR503,1945,SUR511
366,SUR503,1970,SUR536
366,SUR503,1467,ENE521
366,SUR503,1226,ARC521
366,SUR503,1751,CIV529
366,SUR503,472,BEN509
366,SUR503,482,ARC526
366,SUR503,489,ARC526
366,SUR503,1772,SUR501
366,SUR503,1137,ENE521
472,BEN509,1280,SUR503
472,BEN509,1281,SUR503
472,BEN509,1921,SUR511
472,BEN509,773,ENH524
472,BEN509,779,MEC501
472,BEN509,1677,SUR511
472,BEN509,656,ARC521
472,BEN509,536,SUR503
472,BEN509,1177,ENH524
472,BEN509,1945,SUR511
472,BEN509,1587,ARC521
472,BEN509,1466,ARC519
472,BEN509,1467,ENE521
472,BEN509,1226,ARC521
472,BEN509,1751,CIV529
472,BEN509,471,ARC519
472,BEN509,477,ARC519
472,BEN509,480,ARC519
472,BEN509,482,ARC526
472,BEN509,489,ARC526
472,BEN509,1137,ENE521
482,ARC526,1280,SUR503
482,ARC526,1281,SUR503
482,ARC526,1921,SUR511
482,ARC526,773,ENH524
482,ARC526,779,MEC501
482,ARC526,1677,SUR511
482,ARC526,656,ARC521
482,ARC526,536,SUR503
482,ARC526,1177,ENH524
482,ARC526,1945,SUR511
482,ARC526,1587,ARC521
482,ARC526,1467,ENE521
482,ARC526,1226,ARC521
482,ARC526,1751,CIV529
482,ARC526,1137,ENE521
489,ARC526,1280,SUR503
489,ARC526,1281,SUR503
489,ARC526,1921,SUR511
489,ARC526,773,ENH524
489,ARC526,779,MEC501
489,ARC526,1677,SUR511
489,ARC526,656,ARC521
489,ARC526,536,SUR503
489,ARC526,1177,ENH524
489,ARC526,1945,SUR511
489,ARC526,1587,ARC521
489,ARC526,1467,ENE521
489,ARC526,1226,ARC521
489,ARC526,1751,CIV529
489,ARC526,1137,ENE521
536,SUR503,1921,SUR511
536,SUR503,1284,SUR536
536,SUR503,773,ENH524
536,SUR503,779,MEC501
536,SUR503,1677,SUR511
536,SUR503,1177,ENH524
536,SUR503,1945,SUR511
536,SUR503,1970,SUR536
536,SUR503,1587,ARC521
536,SUR503,1226,ARC521
536,SUR503,1751,CIV529
536,SUR503,1772,SUR501
536,SUR503,1137,ENE521
656,ARC521,1281,SUR503
656,ARC521,1921,SUR511
656,ARC521,773,ENH524
656,ARC521,779,MEC501
656,ARC521,1677,SUR511
656,ARC521,1177,ENH524
656,ARC521,1945,SUR511
656,ARC521,1467,ENE521
656,ARC521,1751,CIV529
773,ENH524,1280,SUR503
773,ENH524,1281,SUR503
773,ENH524,1921,SUR511
773,ENH524,779,MEC501
773,ENH524,1677,SUR511
773,ENH524,1945,SUR511
773,ENH524,1819,ENH530
773,ENH524,1587,ARC521
773,ENH524,1467,ENE521
773,ENH524,1226,ARC521
773,ENH524,1102,ENH531
773,ENH524,1751,CIV529
773,ENH524,739,ENH530
773,ENH524,1137,ENE521
773,ENH524,762,ENH531
779,MEC501,1280,SUR503
779,MEC501,1281,SUR503
779,MEC501,1921,SUR511
779,MEC501,384,MEC524
779,MEC501,1677,SUR511
779,MEC501,1177,ENH524
779,MEC501,1945,SUR511
779,MEC501,1572,MEC524
779,MEC501,1587,ARC521
779,MEC501,1467,ENE521
779,MEC501,1226,ARC521
779,MEC501,715,BME505
779,MEC501,724,BME505
779,MEC501,725,BME505
779,MEC501,1751,CIV529
779,MEC501,983,BME505
779,MEC501,1367,DES505
779,MEC501,608,MEC509
779,MEC501,1640,BMG527
779,MEC501,1386,MEC509
779,MEC501,1770,BMG527
779,MEC501,1388,MEC509
779,MEC501,749,MEC524
779,MEC501,1137,ENE521
779,MEC501,1018,MEC509
779,MEC501,1022,BME505
1137,ENE521,1280,SUR503
1137,ENE521,1921,SUR511
1137,ENE521,902,ENE530
1137,ENE521,1677,SUR511
1137,ENE521,1177,ENH524
1137,ENE521,1945,SUR511
1137,ENE521,1587,ARC521
1137,ENE521,1226,ARC521
1137,ENE521,1751,CIV529
1137,ENE521,892,ENE522
1177,ENH524,1280,SUR503
1177,ENH524,1281,SUR503
1177,ENH524,1921,SUR511
1177,ENH524,1677,SUR511
1177,ENH524,1945,SUR511
1177,ENH524,1819,ENH530
1177,ENH524,1587,ARC521
1177,ENH524,1467,ENE521
1177,ENH524,1226,ARC521
1177,ENH524,1102,ENH531
1177,ENH524,1751,CIV529
1177,ENH524,739,ENH530
1177,ENH524,762,ENH531
1226,ARC521,1280,SUR503
1226,ARC521,1281,SUR503
1226,ARC521,1921,SUR511
1226,ARC521,1677,SUR511
1226,ARC521,1945,SUR511
1226,ARC521,1467,ENE521
1226,ARC521,1751,CIV529
1280,SUR503,1921,SUR511
1280,SUR503,1677,SUR511
1280,SUR503,1945,SUR511
1280,SUR503,1970,SUR536
1280,SUR503,1751,CIV529
1280,SUR503,1772,SUR501
1281,SUR503,1921,SUR511
1281,SUR503,1677,SUR511
1281,SUR503,1945,SUR511
1281,SUR503,1467,ENE521
1281,SUR503,1751,CIV529
1281,SUR503,1772,SUR501
1467,ENE521,1921,SUR511
1467,ENE521,1677,SUR511
1467,ENE521,1945,SUR511
1467,ENE521,1064,ENE530
1467,ENE521,1751,CIV529
1467,ENE521,892,ENE522
1467,ENE521,253,ENE530
1587,ARC521,1921,SUR511
1587,ARC521,1677,SUR511
1587,ARC521,1945,SUR511
1587,ARC521,1751,CIV529
1677,SUR511,642,BEN511
1677,SUR511,1284,SUR536
1677,SUR511,643,BEN511
1677,SUR511,1283,BEN511
1677,SUR511,1287,BEN511
1677,SUR511,1288,BEN511
1677,SUR511,1291,BEN511
1677,SUR511,160,BEN511
1677,SUR511,1582,SUR509
1677,SUR511,1970,SUR536
1677,SUR511,1588,SUR509
1677,SUR511,1209,SUR509
1677,SUR511,1751,CIV529
1677,SUR511,233,BEN511
1677,SUR511,234,BEN511
1751,CIV529,1921,SUR511
1751,CIV529,644,BLD534
1751,CIV529,1945,SUR511
1751,CIV529,1053,CIV532
1751,CIV529,1852,CIV520
1751,CIV529,1725,BLD534
1751,CIV529,1899,TRA509
1921,SUR511,642,BEN511
1921,SUR511,1284,SUR536
1921,SUR511,643,BEN511
1921,SUR511,1283,BEN511
1921,SUR511,1287,BEN511
1921,SUR511,1288,BEN511
1921,SUR511,1291,BEN511
1921,SUR511,160,BEN511
1921,SUR511,1582,SUR509
1921,SUR511,1970,SUR536
1921,SUR511,1588,SUR509
1921,SUR511,1209,SUR509
1921,SUR511,233,BEN511
1921,SUR511,234,BEN511
1945,SUR511,642,BEN511
1945,SUR511,1284,SUR536
1945,SUR511,643,BEN511
1945,SUR511,1283,BEN511
1945,SUR511,1287,BEN511
1945,SUR511,1288,BEN511
1945,SUR511,1291,BEN511
1945,SUR511,160,BEN511
1945,SUR511,1582,SUR509
1945,SUR511,1970,SUR536
1945,SUR511,1588,SUR509
1945,SUR511,1209,SUR509
1945,SUR511,233,BEN511
1945,SUR511,234,BEN511
7,SOP541,1924,SOP507
7,SOP541,1252,SOC511
7,SOP541,1101,PUP531
7,SOP541,1264,SOC511
7,SOP541,1138,PUP531
7,SOP541,1971,SOC506
7,SOP541,1139,PUP531
7,SOP541,1977,PUP553
1101,PUP531,129,CMM526
1101,PUP531,1924,SOP507
1101,PUP531,1686,CMM529
1101,PUP531,151,LAW502
1101,PUP531,1439,POL520
1101,PUP531,1200,CMM533
1101,PUP531,1201,CMM533
1101,PUP531,1971,SOC506
1101,PUP531,1977,PUP553
1101,PUP531,59,PUP510
1101,PUP531,828,CMM553
1101,PUP531,1086,LAW562
1101,PUP531,1856,CMM547
1101,PUP531,1857,CMM560
1101,PUP531,707,LAW506
1101,PUP531,68,LAW502
1101,PUP531,69,LAW502
1101,PUP531,708,LAW506
1101,PUP531,1109,POL506
1101,PUP531,600,LAW516
1101,PUP531,346,CMM521
1101,PUP531,607,SOC517
1101,PUP531,993,LAW550
1101,PUP531,994,LAW550
1101,PUP531,995,LAW550
1101,PUP531,1252,SOC511
1101,PUP531,1254,LAW515
1101,PUP531,1511,LAW560
1101,PUP531,1256,POL506
1101,PUP531,1512,LAW543
1101,PUP531,1768,CMM533
1101,PUP531,1773,CMM549
1101,PUP531,1520,LAW506
1101,PUP531,1521,LAW506
1101,PUP531,1264,SOC511
1101,PUP531,2036,POL520
1101,PUP531,887,LAW515
1101,PUP531,888,LAW515
1101,PUP531,890,LAW502
1101,PUP531,891,LAW502
1138,PUP531,129,CMM526
1138,PUP531,1924,SOP507
1138,PUP531,1686,CMM529
1138,PUP531,151,LAW502
1138,PUP531,1439,POL520
1138,PUP531,1200,CMM533
1138,PUP531,1201,CMM533
1138,PUP531,1971,SOC506
1138,PUP531,1977,PUP553
1138,PUP531,59,PUP510
1138,PUP531,828,CMM553
1138,PUP531,1086,LAW562
1138,PUP531,1856,CMM547
1138,PUP531,1857,CMM560
1138,PUP531,707,LAW506
1138,PUP531,68,LAW502
1138,PUP531,69,LAW502
1138,PUP531,1109,POL506
1138,PUP531,600,LAW516
1138,PUP531,346,CMM521
1138,PUP531,607,SOC517
1138,PUP531,993,LAW550
1138,PUP531,994,LAW550
1138,PUP531,995,LAW550
1138,PUP531,1252,SOC511
1138,PUP531,1254,LAW515
1138,PUP531,1511,LAW560
1138,PUP531,1256,POL506
1138,PUP531,1512,LAW543
1138,PUP531,1768,CMM533
1138,PUP531,1773,CMM549
1138,PUP531,1520,LAW506
1138,PUP531,1521,LAW506
1138,PUP531,1264,SOC511
1138,PUP531,2036,POL520
1138,PUP531,887,LAW515
1138,PUP531,888,LAW515
1138,PUP531,890,LAW502
1138,PUP531,891,LAW502
1139,PUP531,129,CMM526
1139,PUP531,1924,SOP507
1139,PUP531,1686,CMM529
1139,PUP531,151,LAW502
1139,PUP531,1439,POL520
1139,PUP531,1200,CMM533
1139,PUP531,1201,CMM533
1139,PUP531,1971,SOC506
1139,PUP531,1977,PUP553
1139,PUP531,59,PUP510
1139,PUP531,828,CMM553
1139,PUP531,1086,LAW562
1139,PUP531,1856,CMM547
1139,PUP531,1857,CMM560
1139,PUP531,707,LAW506
1139,PUP531,68,LAW502
1139,PUP531,69,LAW502
1139,PUP531,1109,POL506
1139,PUP531,600,LAW516
1139,PUP531,346,CMM521
1139,PUP531,607,SOC517
1139,PUP531,993,LAW550
1139,PUP531,994,LAW550
1139,PUP531,995,LAW550
1139,PUP531,1252,SOC511
1139,PUP531,1254,LAW515
1139,PUP531,1511,LAW560
1139,PUP531,1256,POL506
1139,PUP531,1512,LAW543
1139,PUP531,1768,CMM533
1139,PUP531,1773,CMM549
1139,PUP531,1520,LAW506
1139,PUP531,1521,LAW506
1139,PUP531,1264,SOC511
1139,PUP531,2036,POL520
1139,PUP531,887,LAW515
1139,PUP531,888,LAW515
1139,PUP531,890,LAW502
1139,PUP531,891,LAW502
1924,SOP507,1252,SOC511
1924,SOP507,1256,POL506
1924,SOP507,1264,SOC511
1924,SOP507,1971,SOC506
1924,SOP507,1109,POL506
1924,SOP507,2036,POL520
1924,SOP507,1977,PUP553
1924,SOP507,59,PUP510
1924,SOP507,1439,POL520
1971,SOC506,129,CMM526
1971,SOC506,1686,CMM529
1971,SOC506,151,LAW502
1971,SOC506,1439,POL520
1971,SOC506,1200,CMM533
1971,SOC506,1201,CMM533
1971,SOC506,1977,PUP553
1971,SOC506,828,CMM553
1971,SOC506,1856,CMM547
1971,SOC506,1857,CMM560
1971,SOC506,707,LAW506
1971,SOC506,68,LAW502
1971,SOC506,69,LAW502
1971,SOC506,708,LAW506
1971,SOC506,1109,POL506
1971,SOC506,600,LAW516
1971,SOC506,346,CMM521
1971,SOC506,607,SOC517
1971,SOC506,993,LAW550
1971,SOC506,994,LAW550
1971,SOC506,995,LAW550
1971,SOC506,1252,SOC511
1971,SOC506,1256,POL506
1971,SOC506,1512,LAW543
1971,SOC506,1768,CMM533
1971,SOC506,1773,CMM549
1971,SOC506,1264,SOC511
1971,SOC506,1520,LAW506
1971,SOC506,1521,LAW506
1971,SOC506,2036,POL520
1971,SOC506,890,LAW502
1971,SOC506,891,LAW502
1977,PUP553,151,LAW502
1977,PUP553,1439,POL520
1977,PUP553,59,PUP510
1977,PUP553,1086,LAW562
1977,PUP553,707,LAW506
1977,PUP553,68,LAW502
1977,PUP553,69,LAW502
1977,PUP553,708,LAW506
1977,PUP553,1109,POL506
1977,PUP553,600,LAW516
1977,PUP553,607,SOC517
1977,PUP553,993,LAW550
1977,PUP553,994,LAW550
1977,PUP553,995,LAW550
1977,PUP553,1252,SOC511
1977,PUP553,1254,LAW515
1977,PUP553,1511,LAW560
1977,PUP553,1256,POL506
1977,PUP553,1512,LAW543
1977,PUP553,1520,LAW506
1977,PUP553,1521,LAW506
1977,PUP553,1264,SOC511
1977,PUP553,2036,POL520
1977,PUP553,887,LAW515
1977,PUP553,888,LAW515
1977,PUP553,890,LAW502
1977,PUP553,891,LAW502
1252,SOC511,129,CMM526
1252,SOC511,1686,CMM529
1252,SOC511,151,LAW502
1252,SOC511,1439,POL520
1252,SOC511,1200,CMM533
1252,SOC511,1201,CMM533
1252,SOC511,828,CMM553
1252,SOC511,1856,CMM547
1252,SOC511,1857,CMM560
1252,SOC511,707,LAW506
1252,SOC511,68,LAW502
1252,SOC511,69,LAW502
1252,SOC511,708,LAW506
1252,SOC511,1109,POL506
1252,SOC511,600,LAW516
1252,SOC511,346,CMM521
1252,SOC511,607,SOC517
1252,SOC511,993,LAW550
1252,SOC511,994,LAW550
1252,SOC511,995,LAW550
1252,SOC511,1256,POL506
1252,SOC511,1512,LAW543
1252,SOC511,1768,CMM533
1252,SOC511,1773,CMM549
1252,SOC511,1520,LAW506
1252,SOC511,1521,LAW506
1252,SOC511,2036,POL520
1252,SOC511,890,LAW502
1252,SOC511,891,LAW502
1264,SOC511,129,CMM526
1264,SOC511,1686,CMM529
1264,SOC511,151,LAW502
1264,SOC511,1439,POL520
1264,SOC511,1200,CMM533
1264,SOC511,1201,CMM533
1264,SOC511,828,CMM553
1264,SOC511,1856,CMM547
1264,SOC511,1857,CMM560
1264,SOC511,707,LAW506
1264,SOC511,68,LAW502
1264,SOC511,69,LAW502
1264,SOC511,1109,POL506
1264,SOC511,600,LAW516
1264,SOC511,346,CMM521
1264,SOC511,607,SOC517
1264,SOC511,993,LAW550
1264,SOC511,994,LAW550
1264,SOC511,995,LAW550
1264,SOC511,1256,POL506
1264,SOC511,1512,LAW543
1264,SOC511,1768,CMM533
1264,SOC511,1773,CMM549
1264,SOC511,1520,LAW506
1264,SOC511,1521,LAW506
1264,SOC511,2036,POL520
1264,SOC511,890,LAW502
1264,SOC511,891,LAW502
8,CMM740,1008,CMM712
9,SLT701,24,SLT702
9,SLT701,25,SLT702
9,SLT701,241,SLT702
9,SLT701,240,SLT702
24,SLT702,226,SLT701
24,SLT702,227,SLT701
24,SLT702,225,SLT701
25,SLT702,226,SLT701
25,SLT702,227,SLT701
25,SLT702,225,SLT701
240,SLT702,226,SLT701
240,SLT702,227,SLT701
240,SLT702,225,SLT701
241,SLT702,226,SLT701
241,SLT702,227,SLT701
241,SLT702,225,SLT701
10,PUP714,393,SOP708
10,PUP714,11,AED703
10,PUP714,931,SOP708
11,AED703,931,SOP708
11,AED703,1796,PCS710
11,AED703,262,SOP715
11,AED703,584,SOP712
11,AED703,393,SOP708
393,SOP708,1796,PCS710
393,SOP708,262,SOP715
393,SOP708,584,SOP712
931,SOP708,1796,PCS710
931,SOP708,262,SOP715
931,SOP708,584,SOP712
262,SOP715,584,SOP712
12,ENE811,1176,CIV808
12,ENE811,1433,CIV807
12,ENE811,1434,ENE810
1176,CIV808,1433,CIV807
1176,CIV808,1434,ENE810
1433,CIV807,1434,ENE810
13,FIR806,16,FIR804
13,FIR806,97,FIR820
13,FIR806,96,FIR820
16,FIR804,96,FIR820
16,FIR804,97,FIR820
16,FIR804,650,FIR820
16,FIR804,14,FIR806
16,FIR804,1904,FIR806
14,FIR806,96,FIR820
1904,FIR806,97,FIR820
1904,FIR806,650,FIR820
17,BMG940,1089,BMG933
1089,BMG933,18,BMG940
1089,BMG933,19,BMG940
21,ENE323,546,ENE325
21,ENE323,100,BEN316
21,ENE323,709,BEN316
21,ENE323,1006,ENE327
21,ENE323,238,ENE327
21,ENE323,496,ENE327
21,ENE323,495,ENE327
21,ENE323,467,BEN316
21,ENE323,475,ARC326
21,ENE323,476,BEN316
21,ENE323,381,ARC326
238,ENE327,1926,COM397
238,ENE327,390,ENE323
238,ENE327,781,MEC358
238,ENE327,782,MEC358
238,ENE327,1941,ENH323
238,ENE327,1942,ENH323
238,ENE327,1566,CMP330
238,ENE327,1440,BEN315
238,ENE327,546,ENE325
238,ENE327,1188,SUR344
238,ENE327,1833,CMP301
238,ENE327,1834,BEN314
238,ENE327,681,CMP331
238,ENE327,937,CMP302
238,ENE327,1321,CMP330
238,ENE327,684,CMP302
238,ENE327,685,CMP302
238,ENE327,1323,COM397
238,ENE327,943,BEN315
238,ENE327,1324,COM397
238,ENE327,1326,CMP301
238,ENE327,1327,COM399
238,ENE327,1586,BEN314
238,ENE327,1979,EEE316
238,ENE327,1475,ENH323
238,ENE327,837,CMP331
238,ENE327,1863,SUR344
238,ENE327,1353,CMP329
238,ENE327,1356,CMP330
238,ENE327,1486,SUR344
238,ENE327,1233,BEN312
238,ENE327,979,EEE316
238,ENE327,341,BEN315
238,ENE327,597,CMP329
238,ENE327,598,CMP329
238,ENE327,606,ARC322
238,ENE327,736,MEC358
238,ENE327,738,MEC316
238,ENE327,1123,BEN315
238,ENE327,486,ARC328
238,ENE327,232,SUR335
238,ENE327,493,ARC328
238,ENE327,1389,MEC316
238,ENE327,1136,MEC358
238,ENE327,1782,COM399
238,ENE327,2038,COM399
238,ENE327,1273,EEE316
238,ENE327,380,EEE316
495,ENE327,1926,COM397
495,ENE327,390,ENE323
495,ENE327,781,MEC358
495,ENE327,782,MEC358
495,ENE327,22,ENE323
495,ENE327,1941,ENH323
495,ENE327,1942,ENH323
495,ENE327,1566,CMP330
495,ENE327,1440,BEN315
495,ENE327,546,ENE325
495,ENE327,1188,SUR344
495,ENE327,1833,CMP301
495,ENE327,1834,BEN314
495,ENE327,681,CMP331
495,ENE327,937,CMP302
495,ENE327,1321,CMP330
495,ENE327,684,CMP302
495,ENE327,685,CMP302
495,ENE327,1323,COM397
495,ENE327,943,BEN315
495,ENE327,1324,COM397
495,ENE327,1326,CMP301
495,ENE327,1327,COM399
495,ENE327,1586,BEN314
495,ENE327,1979,EEE316
495,ENE327,1475,ENH323
495,ENE327,1477,ENE323
495,ENE327,837,CMP331
495,ENE327,1863,SUR344
495,ENE327,1353,CMP329
495,ENE327,1356,CMP330
495,ENE327,1486,SUR344
495,ENE327,1233,BEN312
495,ENE327,979,EEE316
495,ENE327,341,BEN315
495,ENE327,597,CMP329
495,ENE327,598,CMP329
495,ENE327,606,ARC322
495,ENE327,736,MEC358
495,ENE327,738,MEC316
495,ENE327,1123,BEN315
495,ENE327,486,ARC328
495,ENE327,232,SUR335
495,ENE327,493,ARC328
495,ENE327,1389,MEC316
495,ENE327,1136,MEC358
495,ENE327,1141,MEC358
495,ENE327,1782,COM399
495,ENE327,2038,COM399
495,ENE327,761,ARC322
495,ENE327,1273,EEE316
495,ENE327,380,EEE316
496,ENE327,1926,COM397
496,ENE327,390,ENE323
496,ENE327,781,MEC358
496,ENE327,782,MEC358
496,ENE327,1941,ENH323
496,ENE327,1942,ENH323
496,ENE327,1566,CMP330
496,ENE327,1440,BEN315
496,ENE327,546,ENE325
496,ENE327,1188,SUR344
496,ENE327,1833,CMP301
496,ENE327,1834,BEN314
496,ENE327,681,CMP331
496,ENE327,937,CMP302
496,ENE327,1321,CMP330
496,ENE327,684,CMP302
496,ENE327,685,CMP302
496,ENE327,1323,COM397
496,ENE327,943,BEN315
496,ENE327,1324,COM397
496,ENE327,1326,CMP301
496,ENE327,1327,COM399
496,ENE327,1586,BEN314
496,ENE327,1979,EEE316
496,ENE327,1475,ENH323
496,ENE327,837,CMP331
496,ENE327,1353,CMP329
496,ENE327,1356,CMP330
496,ENE327,1486,SUR344
496,ENE327,979,EEE316
496,ENE327,597,CMP329
496,ENE327,598,CMP329
496,ENE327,606,ARC322
496,ENE327,736,MEC358
496,ENE327,738,MEC316
496,ENE327,1123,BEN315
496,ENE327,486,ARC328
496,ENE327,232,SUR335
496,ENE327,493,ARC328
496,ENE327,1389,MEC316
496,ENE327,1136,MEC358
496,ENE327,1782,COM399
496,ENE327,2038,COM399
496,ENE327,1273,EEE316
496,ENE327,380,EEE316
546,ENE325,1440,BEN315
546,ENE325,1123,BEN315
546,ENE325,1477,ENE323
546,ENE325,390,ENE323
546,ENE325,112,ENE323
546,ENE325,1006,ENE327
546,ENE325,943,BEN315
546,ENE325,22,ENE323
546,ENE325,341,BEN315
1006,ENE327,390,ENE323
1006,ENE327,1031,SUR344
1006,ENE327,136,CMP301
1006,ENE327,1030,BEN314
1006,ENE327,1926,COM397
1006,ENE327,781,MEC358
1006,ENE327,782,MEC358
1006,ENE327,22,ENE323
1006,ENE327,1941,ENH323
1006,ENE327,1942,ENH323
1006,ENE327,1566,CMP330
1006,ENE327,1440,BEN315
1006,ENE327,1188,SUR344
1006,ENE327,1833,CMP301
1006,ENE327,1834,BEN314
1006,ENE327,681,CMP331
1006,ENE327,937,CMP302
1006,ENE327,1321,CMP330
1006,ENE327,684,CMP302
1006,ENE327,685,CMP302
1006,ENE327,1323,COM397
1006,ENE327,943,BEN315
1006,ENE327,1324,COM397
1006,ENE327,1326,CMP301
1006,ENE327,1327,COM399
1006,ENE327,1586,BEN314
1006,ENE327,1590,ARC322
1006,ENE327,1979,EEE316
1006,ENE327,1475,ENH323
1006,ENE327,1477,ENE323
1006,ENE327,837,CMP331
1006,ENE327,1863,SUR344
1006,ENE327,1353,CMP329
1006,ENE327,1356,CMP330
1006,ENE327,1486,SUR344
1006,ENE327,1233,BEN312
1006,ENE327,979,EEE316
1006,ENE327,341,BEN315
1006,ENE327,597,CMP329
1006,ENE327,598,CMP329
1006,ENE327,606,ARC322
1006,ENE327,736,MEC358
1006,ENE327,738,MEC316
1006,ENE327,1123,BEN315
1006,ENE327,486,ARC328
1006,ENE327,232,SUR335
1006,ENE327,493,ARC328
1006,ENE327,1389,MEC316
1006,ENE327,112,ENE323
1006,ENE327,1136,MEC358
1006,ENE327,1141,MEC358
1006,ENE327,1782,COM399
1006,ENE327,2038,COM399
1006,ENE327,761,ARC322
1006,ENE327,1273,EEE316
1006,ENE327,380,EEE316
22,ENE323,100,BEN316
22,ENE323,709,BEN316
22,ENE323,467,BEN316
22,ENE323,951,ARC326
22,ENE323,476,BEN316
22,ENE323,381,ARC326
22,ENE323,478,ARC326
112,ENE323,100,BEN316
112,ENE323,709,BEN316
112,ENE323,721,BEN316
112,ENE323,467,BEN316
112,ENE323,476,BEN316
112,ENE323,381,ARC326
390,ENE323,100,BEN316
390,ENE323,709,BEN316
390,ENE323,467,BEN316
390,ENE323,475,ARC326
390,ENE323,476,BEN316
390,ENE323,381,ARC326
1477,ENE323,100,BEN316
1477,ENE323,709,BEN316
1477,ENE323,721,BEN316
1477,ENE323,467,BEN316
1477,ENE323,951,ARC326
1477,ENE323,476,BEN316
1477,ENE323,381,ARC326
1477,ENE323,478,ARC326
381,ARC326,100,BEN316
381,ARC326,709,BEN316
381,ARC326,721,BEN316
381,ARC326,467,BEN316
381,ARC326,476,BEN316
475,ARC326,467,BEN316
475,ARC326,709,BEN316
478,ARC326,100,BEN316
478,ARC326,709,BEN316
478,ARC326,467,BEN316
478,ARC326,476,BEN316
951,ARC326,100,BEN316
951,ARC326,709,BEN316
951,ARC326,467,BEN316
951,ARC326,476,BEN316
100,BEN316,1440,BEN315
100,BEN316,1123,BEN315
100,BEN316,711,BLD304
100,BEN316,712,BLD304
100,BEN316,1421,BLD304
100,BEN316,943,BEN315
100,BEN316,1233,BEN312
100,BEN316,341,BEN315
467,BEN316,1440,BEN315
467,BEN316,1123,BEN315
467,BEN316,711,BLD304
467,BEN316,712,BLD304
467,BEN316,1421,BLD304
467,BEN316,943,BEN315
467,BEN316,1233,BEN312
467,BEN316,341,BEN315
476,BEN316,1440,BEN315
476,BEN316,1123,BEN315
476,BEN316,711,BLD304
476,BEN316,712,BLD304
476,BEN316,1421,BLD304
476,BEN316,943,BEN315
476,BEN316,1233,BEN312
476,BEN316,341,BEN315
709,BEN316,1440,BEN315
709,BEN316,1123,BEN315
709,BEN316,711,BLD304
709,BEN316,712,BLD304
709,BEN316,1421,BLD304
709,BEN316,943,BEN315
709,BEN316,1233,BEN312
709,BEN316,341,BEN315
721,BEN316,1440,BEN315
721,BEN316,1123,BEN315
721,BEN316,711,BLD304
721,BEN316,712,BLD304
721,BEN316,1421,BLD304
721,BEN316,943,BEN315
721,BEN316,341,BEN315
23,ART502,519,ART501
23,ART502,527,ART501
23,ART502,528,ART501
23,ART502,529,ART501
23,ART502,504,ART501
23,ART502,505,ART501
27,ENE706,485,ENE703
27,ENE706,938,ENE711
27,ENE706,492,ENE703
27,ENE706,1484,ENE711
27,ENE706,635,ENE700
27,ENE706,636,ENE700
27,ENE706,222,ENE705
27,ENE706,223,ENE705
222,ENE705,485,ENE703
222,ENE705,938,ENE711
222,ENE705,492,ENE703
222,ENE705,1484,ENE711
222,ENE705,636,ENE700
223,ENE705,485,ENE703
223,ENE705,635,ENE700
223,ENE705,938,ENE711
223,ENE705,492,ENE703
223,ENE705,1484,ENE711
635,ENE700,938,ENE711
635,ENE700,1484,ENE711
636,ENE700,938,ENE711
636,ENE700,1484,ENE711
29,FIN508,1840,FIN505
29,FIN508,853,FIN505
853,FIN505,865,FIN508
853,FIN505,1832,FIN507
853,FIN505,1835,FIN507
853,FIN505,1556,FIN507
853,FIN505,1557,FIN507
853,FIN505,1652,FIN507
853,FIN505,1847,FIN508
853,FIN505,1849,FIN508
853,FIN505,1564,FIN508
853,FIN505,1565,FIN508
1840,FIN505,865,FIN508
1840,FIN505,1832,FIN507
1840,FIN505,1835,FIN507
1840,FIN505,1556,FIN507
1840,FIN505,1557,FIN507
1840,FIN505,1652,FIN507
1840,FIN505,1847,FIN508
1840,FIN505,1849,FIN508
1840,FIN505,1564,FIN508
1840,FIN505,1565,FIN508
1556,FIN507,1285,FIN505
1556,FIN507,1286,FIN505
1557,FIN507,1285,FIN505
1557,FIN507,1286,FIN505
1564,FIN508,1652,FIN507
1565,FIN508,1652,FIN507
1652,FIN507,1847,FIN508
1652,FIN507,1849,FIN508
1832,FIN507,1285,FIN505
1832,FIN507,1286,FIN505
1835,FIN507,1285,FIN505
1835,FIN507,1286,FIN505
30,BEN703,88,BEN700
30,BEN703,1185,BEN702
88,BEN700,1185,BEN702
35,EEE209,1382,EEE207
1382,EEE207,1385,EEE209
1382,EEE207,1387,EEE209
1382,EEE207,1268,EEE209
1382,EEE207,1688,EEE209
1382,EEE207,601,EEE209
1382,EEE207,156,EEE209
36,OTH803,314,RAD810
36,OTH803,605,NUR878
36,OTH803,318,RAD810
605,NUR878,786,OTH803
605,NUR878,566,NUR836
605,NUR878,1007,OTH803
786,OTH803,265,RAD815
786,OTH803,266,RAD815
786,OTH803,267,RAD815
786,OTH803,332,RAD809
786,OTH803,269,RAD815
786,OTH803,333,RAD809
786,OTH803,334,RAD809
786,OTH803,335,RAD809
786,OTH803,336,RAD809
786,OTH803,306,RAD814
786,OTH803,307,RAD814
786,OTH803,308,RAD814
786,OTH803,566,NUR836
786,OTH803,1400,OTH804
786,OTH803,2040,NUR870
786,OTH803,394,RAD815
1007,OTH803,314,RAD810
1007,OTH803,318,RAD810
2040,NUR870,565,NUR836
2040,NUR870,566,NUR836
566,NUR836,1160,NUR883
265,RAD815,332,RAD809
265,RAD815,333,RAD809
265,RAD815,334,RAD809
265,RAD815,335,RAD809
265,RAD815,336,RAD809
265,RAD815,306,RAD814
265,RAD815,307,RAD814
265,RAD815,308,RAD814
306,RAD814,266,RAD815
306,RAD814,267,RAD815
306,RAD814,332,RAD809
306,RAD814,269,RAD815
306,RAD814,333,RAD809
306,RAD814,334,RAD809
306,RAD814,335,RAD809
306,RAD814,336,RAD809
306,RAD814,394,RAD815
307,RAD814,266,RAD815
307,RAD814,267,RAD815
307,RAD814,332,RAD809
307,RAD814,269,RAD815
307,RAD814,333,RAD809
307,RAD814,334,RAD809
307,RAD814,335,RAD809
307,RAD814,336,RAD809
307,RAD814,394,RAD815
308,RAD814,266,RAD815
308,RAD814,267,RAD815
308,RAD814,332,RAD809
308,RAD814,269,RAD815
308,RAD814,333,RAD809
308,RAD814,334,RAD809
308,RAD814,335,RAD809
308,RAD814,336,RAD809
308,RAD814,394,RAD815
332,RAD809,266,RAD815
332,RAD809,267,RAD815
332,RAD809,394,RAD815
332,RAD809,269,RAD815
333,RAD809,266,RAD815
333,RAD809,267,RAD815
333,RAD809,394,RAD815
333,RAD809,269,RAD815
334,RAD809,266,RAD815
334,RAD809,267,RAD815
334,RAD809,394,RAD815
334,RAD809,269,RAD815
335,RAD809,266,RAD815
335,RAD809,267,RAD815
335,RAD809,394,RAD815
335,RAD809,269,RAD815
336,RAD809,266,RAD815
336,RAD809,267,RAD815
336,RAD809,394,RAD815
336,RAD809,269,RAD815
37,LAW313,515,DES348
37,LAW313,517,DES349
37,LAW313,1679,POL320
37,LAW313,1940,TDF303
37,LAW313,1813,CMM374
37,LAW313,413,PHT308
37,LAW313,414,PHT307
37,LAW313,1567,SOC308
37,LAW313,40,AAD333
37,LAW313,41,AAD331
37,LAW313,424,VIC316
37,LAW313,427,VIC315
37,LAW313,428,VIC316
37,LAW313,45,TDF304
37,LAW313,1449,DES318
37,LAW313,1450,LAW311
37,LAW313,1451,LAW311
37,LAW313,1065,LAW322
37,LAW313,818,PUP310
37,LAW313,436,PHT307
37,LAW313,437,PHT307
37,LAW313,317,CMM386
37,LAW313,1597,POL320
37,LAW313,1853,POL331
37,LAW313,964,TDF303
37,LAW313,965,TDF303
37,LAW313,1093,CMM318
37,LAW313,1094,CMM318
37,LAW313,1095,LAW311
37,LAW313,1222,CMM322
37,LAW313,1221,PUP310
37,LAW313,1611,ART309
37,LAW313,204,UXD303
37,LAW313,205,UXD304
37,LAW313,210,DES336
37,LAW313,212,DES333
37,LAW313,596,PUP357
37,LAW313,854,PUP357
37,LAW313,855,SOC308
37,LAW313,986,LAW334
37,LAW313,94,SOC324
37,LAW313,1631,LAW311
37,LAW313,1248,SOC308
37,LAW313,745,CMM375
37,LAW313,1513,LAW334
37,LAW313,377,CMM315
37,LAW313,1776,ART309
37,LAW313,1522,LAW334
37,LAW313,499,ART306
37,LAW313,500,ART306
37,LAW313,501,ART306
37,LAW313,502,ART306
37,LAW313,503,ART306
37,LAW313,1780,CMM349
37,LAW313,889,SOC308
37,LAW313,506,ART306
37,LAW313,507,ART306
37,LAW313,508,ART306
37,LAW313,509,ART306
37,LAW313,125,CMM354
37,LAW313,511,DES349
40,AAD333,385,TDF304
40,AAD333,515,DES348
40,AAD333,517,DES349
40,AAD333,1679,POL320
40,AAD333,1940,TDF303
40,AAD333,1813,CMM374
40,AAD333,157,LAW313
40,AAD333,413,PHT308
40,AAD333,414,PHT307
40,AAD333,1567,SOC308
40,AAD333,424,VIC316
40,AAD333,41,AAD331
40,AAD333,1449,DES318
40,AAD333,427,VIC315
40,AAD333,428,VIC316
40,AAD333,45,TDF304
40,AAD333,1450,LAW311
40,AAD333,1451,LAW311
40,AAD333,436,PHT307
40,AAD333,437,PHT307
40,AAD333,693,CMM315
40,AAD333,1079,LAW313
40,AAD333,317,CMM386
40,AAD333,1597,POL320
40,AAD333,1853,POL331
40,AAD333,1982,CMM318
40,AAD333,964,TDF303
40,AAD333,965,TDF303
40,AAD333,1093,CMM318
40,AAD333,1094,CMM318
40,AAD333,1095,LAW311
40,AAD333,1222,CMM322
40,AAD333,1862,CMM354
40,AAD333,1611,ART309
40,AAD333,204,UXD303
40,AAD333,205,UXD304
40,AAD333,1741,LAW313
40,AAD333,1864,CMM354
40,AAD333,210,DES336
40,AAD333,212,DES333
40,AAD333,1110,SOC308
40,AAD333,855,SOC308
40,AAD333,986,LAW334
40,AAD333,94,SOC324
40,AAD333,1631,LAW311
40,AAD333,1248,SOC308
40,AAD333,1506,CMM315
40,AAD333,868,LAW313
40,AAD333,745,CMM375
40,AAD333,1513,LAW334
40,AAD333,1514,LAW313
40,AAD333,1515,LAW313
40,AAD333,365,TDF304
40,AAD333,1518,LAW313
40,AAD333,1519,LAW313
40,AAD333,1776,ART309
40,AAD333,377,CMM315
40,AAD333,1522,LAW334
40,AAD333,499,ART306
40,AAD333,500,ART306
40,AAD333,501,ART306
40,AAD333,502,ART306
40,AAD333,503,ART306
40,AAD333,1780,CMM349
40,AAD333,889,SOC308
40,AAD333,506,ART306
40,AAD333,507,ART306
40,AAD333,508,ART306
40,AAD333,509,ART306
40,AAD333,125,CMM354
40,AAD333,511,DES349
41,AAD331,385,TDF304
41,AAD331,515,DES348
41,AAD331,517,DES349
41,AAD331,377,CMM315
41,AAD331,1679,POL320
41,AAD331,1940,TDF303
41,AAD331,1813,CMM374
41,AAD331,157,LAW313
41,AAD331,413,PHT308
41,AAD331,414,PHT307
41,AAD331,1567,SOC308
41,AAD331,424,VIC316
41,AAD331,1449,DES318
41,AAD331,427,VIC315
41,AAD331,428,VIC316
41,AAD331,45,TDF304
41,AAD331,1450,LAW311
41,AAD331,1451,LAW311
41,AAD331,436,PHT307
41,AAD331,437,PHT307
41,AAD331,693,CMM315
41,AAD331,1079,LAW313
41,AAD331,317,CMM386
41,AAD331,1597,POL320
41,AAD331,1853,POL331
41,AAD331,1982,CMM318
41,AAD331,964,TDF303
41,AAD331,965,TDF303
41,AAD331,1093,CMM318
41,AAD331,1094,CMM318
41,AAD331,1095,LAW311
41,AAD331,1222,CMM322
41,AAD331,1862,CMM354
41,AAD331,1611,ART309
41,AAD331,204,UXD303
41,AAD331,205,UXD304
41,AAD331,1741,LAW313
41,AAD331,1864,CMM354
41,AAD331,210,DES336
41,AAD331,212,DES333
41,AAD331,1110,SOC308
41,AAD331,855,SOC308
41,AAD331,986,LAW334
41,AAD331,94,SOC324
41,AAD331,1631,LAW311
41,AAD331,1248,SOC308
41,AAD331,1506,CMM315
41,AAD331,868,LAW313
41,AAD331,745,CMM375
41,AAD331,362,AAD333
41,AAD331,1513,LAW334
41,AAD331,1514,LAW313
41,AAD331,365,TDF304
41,AAD331,1515,LAW313
41,AAD331,1518,LAW313
41,AAD331,1519,LAW313
41,AAD331,1776,ART309
41,AAD331,1522,LAW334
41,AAD331,499,ART306
41,AAD331,500,ART306
41,AAD331,501,ART306
41,AAD331,502,ART306
41,AAD331,503,ART306
41,AAD331,1780,CMM349
41,AAD331,889,SOC308
41,AAD331,506,ART306
41,AAD331,507,ART306
41,AAD331,508,ART306
41,AAD331,509,ART306
41,AAD331,125,CMM354
41,AAD331,511,DES349
45,TDF304,515,DES348
45,TDF304,517,DES349
45,TDF304,1679,POL320
45,TDF304,1940,TDF303
45,TDF304,1813,CMM374
45,TDF304,157,LAW313
45,TDF304,413,PHT308
45,TDF304,414,PHT307
45,TDF304,1567,SOC308
45,TDF304,424,VIC316
45,TDF304,427,VIC315
45,TDF304,428,VIC316
45,TDF304,1449,DES318
45,TDF304,1450,LAW311
45,TDF304,1451,LAW311
45,TDF304,436,PHT307
45,TDF304,437,PHT307
45,TDF304,693,CMM315
45,TDF304,1079,LAW313
45,TDF304,317,CMM386
45,TDF304,1597,POL320
45,TDF304,1853,POL331
45,TDF304,1982,CMM318
45,TDF304,964,TDF303
45,TDF304,965,TDF303
45,TDF304,1093,CMM318
45,TDF304,1094,CMM318
45,TDF304,1095,LAW311
45,TDF304,1222,CMM322
45,TDF304,1862,CMM354
45,TDF304,1611,ART309
45,TDF304,204,UXD303
45,TDF304,205,UXD304
45,TDF304,1741,LAW313
45,TDF304,1864,CMM354
45,TDF304,210,DES336
45,TDF304,212,DES333
45,TDF304,1110,SOC308
45,TDF304,855,SOC308
45,TDF304,986,LAW334
45,TDF304,94,SOC324
45,TDF304,1631,LAW311
45,TDF304,1248,SOC308
45,TDF304,1506,CMM315
45,TDF304,868,LAW313
45,TDF304,745,CMM375
45,TDF304,362,AAD333
45,TDF304,1513,LAW334
45,TDF304,1514,LAW313
45,TDF304,1515,LAW313
45,TDF304,1518,LAW313
45,TDF304,1519,LAW313
45,TDF304,1776,ART309
45,TDF304,377,CMM315
45,TDF304,1522,LAW334
45,TDF304,499,ART306
45,TDF304,500,ART306
45,TDF304,501,ART306
45,TDF304,502,ART306
45,TDF304,503,ART306
45,TDF304,1780,CMM349
45,TDF304,889,SOC308
45,TDF304,506,ART306
45,TDF304,507,ART306
45,TDF304,508,ART306
45,TDF304,509,ART306
45,TDF304,125,CMM354
45,TDF304,511,DES349
94,SOC324,385,TDF304
94,SOC324,515,DES348
94,SOC324,517,DES349
94,SOC324,377,CMM315
94,SOC324,1679,POL320
94,SOC324,399,SOC336
94,SOC324,1940,TDF303
94,SOC324,1813,CMM374
94,SOC324,157,LAW313
94,SOC324,413,PHT308
94,SOC324,414,PHT307
94,SOC324,1567,SOC308
94,SOC324,424,VIC316
94,SOC324,427,VIC315
94,SOC324,428,VIC316
94,SOC324,1449,DES318
94,SOC324,1450,LAW311
94,SOC324,1451,LAW311
94,SOC324,436,PHT307
94,SOC324,437,PHT307
94,SOC324,693,CMM315
94,SOC324,1079,LAW313
94,SOC324,317,CMM386
94,SOC324,1597,POL320
94,SOC324,1853,POL331
94,SOC324,1982,CMM318
94,SOC324,964,TDF303
94,SOC324,965,TDF303
94,SOC324,1093,CMM318
94,SOC324,1094,CMM318
94,SOC324,1095,LAW311
94,SOC324,1222,CMM322
94,SOC324,1862,CMM354
94,SOC324,1611,ART309
94,SOC324,204,UXD303
94,SOC324,205,UXD304
94,SOC324,1741,LAW313
94,SOC324,1864,CMM354
94,SOC324,1105,SOC336
94,SOC324,210,DES336
94,SOC324,212,DES333
94,SOC324,1110,SOC308
94,SOC324,855,SOC308
94,SOC324,986,LAW334
94,SOC324,1118,SOC336
94,SOC324,1631,LAW311
94,SOC324,1248,SOC308
94,SOC324,1506,CMM315
94,SOC324,868,LAW313
94,SOC324,745,CMM375
94,SOC324,362,AAD333
94,SOC324,1513,LAW334
94,SOC324,1514,LAW313
94,SOC324,365,TDF304
94,SOC324,1515,LAW313
94,SOC324,1518,LAW313
94,SOC324,1519,LAW313
94,SOC324,1776,ART309
94,SOC324,1522,LAW334
94,SOC324,499,ART306
94,SOC324,500,ART306
94,SOC324,501,ART306
94,SOC324,502,ART306
94,SOC324,503,ART306
94,SOC324,1780,CMM349
94,SOC324,889,SOC308
94,SOC324,506,ART306
94,SOC324,507,ART306
94,SOC324,508,ART306
94,SOC324,509,ART306
94,SOC324,125,CMM354
94,SOC324,511,DES349
125,CMM354,385,TDF304
125,CMM354,515,DES348
125,CMM354,517,DES349
125,CMM354,377,CMM315
125,CMM354,1679,POL320
125,CMM354,1940,TDF303
125,CMM354,1813,CMM374
125,CMM354,157,LAW313
125,CMM354,413,PHT308
125,CMM354,414,PHT307
125,CMM354,1567,SOC308
125,CMM354,424,VIC316
125,CMM354,427,VIC315
125,CMM354,428,VIC316
125,CMM354,1449,DES318
125,CMM354,1450,LAW311
125,CMM354,1451,LAW311
125,CMM354,436,PHT307
125,CMM354,437,PHT307
125,CMM354,693,CMM315
125,CMM354,1079,LAW313
125,CMM354,317,CMM386
125,CMM354,1597,POL320
125,CMM354,1853,POL331
125,CMM354,1982,CMM318
125,CMM354,964,TDF303
125,CMM354,965,TDF303
125,CMM354,1093,CMM318
125,CMM354,1094,CMM318
125,CMM354,1095,LAW311
125,CMM354,1222,CMM322
125,CMM354,1611,ART309
125,CMM354,204,UXD303
125,CMM354,205,UXD304
125,CMM354,1741,LAW313
125,CMM354,210,DES336
125,CMM354,212,DES333
125,CMM354,1110,SOC308
125,CMM354,855,SOC308
125,CMM354,986,LAW334
125,CMM354,1631,LAW311
125,CMM354,1248,SOC308
125,CMM354,1506,CMM315
125,CMM354,868,LAW313
125,CMM354,745,CMM375
125,CMM354,362,AAD333
125,CMM354,1513,LAW334
125,CMM354,1514,LAW313
125,CMM354,365,TDF304
125,CMM354,1515,LAW313
125,CMM354,1518,LAW313
125,CMM354,1519,LAW313
125,CMM354,1776,ART309
125,CMM354,1522,LAW334
125,CMM354,499,ART306
125,CMM354,500,ART306
125,CMM354,501,ART306
125,CMM354,502,ART306
125,CMM354,503,ART306
125,CMM354,1780,CMM349
125,CMM354,889,SOC308
125,CMM354,506,ART306
125,CMM354,507,ART306
125,CMM354,508,ART306
125,CMM354,509,ART306
125,CMM354,511,DES349
204,UXD303,385,TDF304
204,UXD303,515,DES348
204,UXD303,517,DES349
204,UXD303,377,CMM315
204,UXD303,1679,POL320
204,UXD303,1940,TDF303
204,UXD303,1813,CMM374
204,UXD303,157,LAW313
204,UXD303,413,PHT308
204,UXD303,414,PHT307
204,UXD303,1567,SOC308
204,UXD303,424,VIC316
204,UXD303,427,VIC315
204,UXD303,428,VIC316
204,UXD303,1449,DES318
204,UXD303,1450,LAW311
204,UXD303,1451,LAW311
204,UXD303,436,PHT307
204,UXD303,437,PHT307
204,UXD303,693,CMM315
204,UXD303,1079,LAW313
204,UXD303,317,CMM386
204,UXD303,1597,POL320
204,UXD303,1853,POL331
204,UXD303,1982,CMM318
204,UXD303,964,TDF303
204,UXD303,965,TDF303
204,UXD303,1093,CMM318
204,UXD303,1094,CMM318
204,UXD303,1095,LAW311
204,UXD303,1222,CMM322
204,UXD303,1862,CMM354
204,UXD303,1611,ART309
204,UXD303,1864,CMM354
204,UXD303,205,UXD304
204,UXD303,1741,LAW313
204,UXD303,210,DES336
204,UXD303,212,DES333
204,UXD303,1110,SOC308
204,UXD303,855,SOC308
204,UXD303,986,LAW334
204,UXD303,1631,LAW311
204,UXD303,1248,SOC308
204,UXD303,1506,CMM315
204,UXD303,868,LAW313
204,UXD303,745,CMM375
204,UXD303,362,AAD333
204,UXD303,1513,LAW334
204,UXD303,1514,LAW313
204,UXD303,365,TDF304
204,UXD303,1515,LAW313
204,UXD303,1518,LAW313
204,UXD303,1519,LAW313
204,UXD303,1776,ART309
204,UXD303,1522,LAW334
204,UXD303,499,ART306
204,UXD303,500,ART306
204,UXD303,501,ART306
204,UXD303,502,ART306
204,UXD303,503,ART306
204,UXD303,1780,CMM349
204,UXD303,889,SOC308
204,UXD303,506,ART306
204,UXD303,507,ART306
204,UXD303,508,ART306
204,UXD303,509,ART306
204,UXD303,511,DES349
205,UXD304,385,TDF304
205,UXD304,515,DES348
205,UXD304,517,DES349
205,UXD304,377,CMM315
205,UXD304,1679,POL320
205,UXD304,1940,TDF303
205,UXD304,1813,CMM374
205,UXD304,157,LAW313
205,UXD304,413,PHT308
205,UXD304,414,PHT307
205,UXD304,1567,SOC308
205,UXD304,424,VIC316
205,UXD304,427,VIC315
205,UXD304,428,VIC316
205,UXD304,1449,DES318
205,UXD304,1450,LAW311
205,UXD304,1451,LAW311
205,UXD304,436,PHT307
205,UXD304,437,PHT307
205,UXD304,693,CMM315
205,UXD304,1079,LAW313
205,UXD304,317,CMM386
205,UXD304,1597,POL320
205,UXD304,1853,POL331
205,UXD304,1982,CMM318
205,UXD304,964,TDF303
205,UXD304,965,TDF303
205,UXD304,1093,CMM318
205,UXD304,1094,CMM318
205,UXD304,1095,LAW311
205,UXD304,1222,CMM322
205,UXD304,1862,CMM354
205,UXD304,1611,ART309
205,UXD304,1741,LAW313
205,UXD304,1864,CMM354
205,UXD304,210,DES336
205,UXD304,212,DES333
205,UXD304,1110,SOC308
205,UXD304,855,SOC308
205,UXD304,986,LAW334
205,UXD304,1631,LAW311
205,UXD304,1248,SOC308
205,UXD304,1506,CMM315
205,UXD304,868,LAW313
205,UXD304,745,CMM375
205,UXD304,362,AAD333
205,UXD304,1513,LAW334
205,UXD304,1514,LAW313
205,UXD304,365,TDF304
205,UXD304,1515,LAW313
205,UXD304,1518,LAW313
205,UXD304,1519,LAW313
205,UXD304,1776,ART309
205,UXD304,1522,LAW334
205,UXD304,499,ART306
205,UXD304,500,ART306
205,UXD304,501,ART306
205,UXD304,502,ART306
205,UXD304,503,ART306
205,UXD304,1780,CMM349
205,UXD304,889,SOC308
205,UXD304,506,ART306
205,UXD304,507,ART306
205,UXD304,508,ART306
205,UXD304,509,ART306
205,UXD304,511,DES349
210,DES336,385,TDF304
210,DES336,515,DES348
210,DES336,517,DES349
210,DES336,377,CMM315
210,DES336,1679,POL320
210,DES336,1940,TDF303
210,DES336,1813,CMM374
210,DES336,157,LAW313
210,DES336,413,PHT308
210,DES336,414,PHT307
210,DES336,1567,SOC308
210,DES336,424,VIC316
210,DES336,427,VIC315
210,DES336,428,VIC316
210,DES336,1449,DES318
210,DES336,1450,LAW311
210,DES336,1451,LAW311
210,DES336,436,PHT307
210,DES336,437,PHT307
210,DES336,693,CMM315
210,DES336,1079,LAW313
210,DES336,317,CMM386
210,DES336,1597,POL320
210,DES336,1853,POL331
210,DES336,1982,CMM318
210,DES336,964,TDF303
210,DES336,965,TDF303
210,DES336,1093,CMM318
210,DES336,1094,CMM318
210,DES336,1095,LAW311
210,DES336,1222,CMM322
210,DES336,1862,CMM354
210,DES336,1611,ART309
210,DES336,1741,LAW313
210,DES336,1864,CMM354
210,DES336,212,DES333
210,DES336,1110,SOC308
210,DES336,855,SOC308
210,DES336,986,LAW334
210,DES336,1631,LAW311
210,DES336,1248,SOC308
210,DES336,1506,CMM315
210,DES336,868,LAW313
210,DES336,745,CMM375
210,DES336,362,AAD333
210,DES336,1513,LAW334
210,DES336,1514,LAW313
210,DES336,365,TDF304
210,DES336,1515,LAW313
210,DES336,1518,LAW313
210,DES336,1519,LAW313
210,DES336,1776,ART309
210,DES336,1522,LAW334
210,DES336,499,ART306
210,DES336,500,ART306
210,DES336,501,ART306
210,DES336,502,ART306
210,DES336,503,ART306
210,DES336,1780,CMM349
210,DES336,889,SOC308
210,DES336,506,ART306
210,DES336,507,ART306
210,DES336,508,ART306
210,DES336,509,ART306
210,DES336,511,DES349
212,DES333,385,TDF304
212,DES333,515,DES348
212,DES333,517,DES349
212,DES333,377,CMM315
212,DES333,1679,POL320
212,DES333,1940,TDF303
212,DES333,1813,CMM374
212,DES333,157,LAW313
212,DES333,413,PHT308
212,DES333,414,PHT307
212,DES333,1567,SOC308
212,DES333,424,VIC316
212,DES333,427,VIC315
212,DES333,428,VIC316
212,DES333,1449,DES318
212,DES333,1450,LAW311
212,DES333,1451,LAW311
212,DES333,436,PHT307
212,DES333,437,PHT307
212,DES333,693,CMM315
212,DES333,1079,LAW313
212,DES333,317,CMM386
212,DES333,1597,POL320
212,DES333,1853,POL331
212,DES333,1982,CMM318
212,DES333,964,TDF303
212,DES333,965,TDF303
212,DES333,1093,CMM318
212,DES333,1094,CMM318
212,DES333,1095,LAW311
212,DES333,1222,CMM322
212,DES333,1862,CMM354
212,DES333,1611,ART309
212,DES333,1741,LAW313
212,DES333,1864,CMM354
212,DES333,1110,SOC308
212,DES333,855,SOC308
212,DES333,986,LAW334
212,DES333,1631,LAW311
212,DES333,1248,SOC308
212,DES333,1506,CMM315
212,DES333,868,LAW313
212,DES333,745,CMM375
212,DES333,362,AAD333
212,DES333,1513,LAW334
212,DES333,1514,LAW313
212,DES333,365,TDF304
212,DES333,1515,LAW313
212,DES333,1518,LAW313
212,DES333,1519,LAW313
212,DES333,1776,ART309
212,DES333,1522,LAW334
212,DES333,499,ART306
212,DES333,500,ART306
212,DES333,501,ART306
212,DES333,502,ART306
212,DES333,503,ART306
212,DES333,1780,CMM349
212,DES333,889,SOC308
212,DES333,506,ART306
212,DES333,507,ART306
212,DES333,508,ART306
212,DES333,509,ART306
212,DES333,511,DES349
317,CMM386,385,TDF304
317,CMM386,515,DES348
317,CMM386,517,DES349
317,CMM386,377,CMM315
317,CMM386,1679,POL320
317,CMM386,1940,TDF303
317,CMM386,1813,CMM374
317,CMM386,157,LAW313
317,CMM386,413,PHT308
317,CMM386,414,PHT307
317,CMM386,1567,SOC308
317,CMM386,424,VIC316
317,CMM386,427,VIC315
317,CMM386,428,VIC316
317,CMM386,1449,DES318
317,CMM386,1450,LAW311
317,CMM386,1451,LAW311
317,CMM386,436,PHT307
317,CMM386,437,PHT307
317,CMM386,693,CMM315
317,CMM386,1079,LAW313
317,CMM386,1597,POL320
317,CMM386,1853,POL331
317,CMM386,1982,CMM318
317,CMM386,964,TDF303
317,CMM386,965,TDF303
317,CMM386,1093,CMM318
317,CMM386,1094,CMM318
317,CMM386,1095,LAW311
317,CMM386,1222,CMM322
317,CMM386,1862,CMM354
317,CMM386,1611,ART309
317,CMM386,1741,LAW313
317,CMM386,1864,CMM354
317,CMM386,1110,SOC308
317,CMM386,855,SOC308
317,CMM386,986,LAW334
317,CMM386,1631,LAW311
317,CMM386,1248,SOC308
317,CMM386,1506,CMM315
317,CMM386,868,LAW313
317,CMM386,745,CMM375
317,CMM386,362,AAD333
317,CMM386,1513,LAW334
317,CMM386,1514,LAW313
317,CMM386,365,TDF304
317,CMM386,1515,LAW313
317,CMM386,1518,LAW313
317,CMM386,1519,LAW313
317,CMM386,1776,ART309
317,CMM386,1522,LAW334
317,CMM386,499,ART306
317,CMM386,500,ART306
317,CMM386,501,ART306
317,CMM386,502,ART306
317,CMM386,503,ART306
317,CMM386,1780,CMM349
317,CMM386,889,SOC308
317,CMM386,506,ART306
317,CMM386,507,ART306
317,CMM386,508,ART306
317,CMM386,509,ART306
317,CMM386,511,DES349
377,CMM315,385,TDF304
377,CMM315,515,DES348
377,CMM315,517,DES349
377,CMM315,1679,POL320
377,CMM315,1940,TDF303
377,CMM315,1813,CMM374
377,CMM315,157,LAW313
377,CMM315,413,PHT308
377,CMM315,414,PHT307
377,CMM315,1567,SOC308
377,CMM315,424,VIC316
377,CMM315,427,VIC315
377,CMM315,428,VIC316
377,CMM315,1449,DES318
377,CMM315,1450,LAW311
377,CMM315,1451,LAW311
377,CMM315,436,PHT307
377,CMM315,437,PHT307
377,CMM315,1079,LAW313
377,CMM315,1208,CMM382
377,CMM315,1597,POL320
377,CMM315,1853,POL331
377,CMM315,964,TDF303
377,CMM315,965,TDF303
377,CMM315,1093,CMM318
377,CMM315,1094,CMM318
377,CMM315,1095,LAW311
377,CMM315,1222,CMM322
377,CMM315,1862,CMM354
377,CMM315,1611,ART309
377,CMM315,1741,LAW313
377,CMM315,1864,CMM354
377,CMM315,1110,SOC308
377,CMM315,855,SOC308
377,CMM315,986,LAW334
377,CMM315,1631,LAW311
377,CMM315,1248,SOC308
377,CMM315,503,ART306
377,CMM315,868,LAW313
377,CMM315,745,CMM375
377,CMM315,362,AAD333
377,CMM315,1771,CMM382
377,CMM315,1513,LAW334
377,CMM315,1514,LAW313
377,CMM315,365,TDF304
377,CMM315,1515,LAW313
377,CMM315,1518,LAW313
377,CMM315,1519,LAW313
377,CMM315,1776,ART309
377,CMM315,1522,LAW334
377,CMM315,499,ART306
377,CMM315,500,ART306
377,CMM315,501,ART306
377,CMM315,502,ART306
377,CMM315,1780,CMM349
377,CMM315,889,SOC308
377,CMM315,506,ART306
377,CMM315,507,ART306
377,CMM315,508,ART306
377,CMM315,509,ART306
377,CMM315,511,DES349
413,PHT308,385,TDF304
413,PHT308,515,DES348
413,PHT308,517,DES349
413,PHT308,1679,POL320
413,PHT308,1940,TDF303
413,PHT308,1813,CMM374
413,PHT308,157,LAW313
413,PHT308,414,PHT307
413,PHT308,1567,SOC308
413,PHT308,424,VIC316
413,PHT308,427,VIC315
413,PHT308,428,VIC316
413,PHT308,1449,DES318
413,PHT308,1450,LAW311
413,PHT308,1451,LAW311
413,PHT308,436,PHT307
413,PHT308,437,PHT307
413,PHT308,693,CMM315
413,PHT308,1079,LAW313
413,PHT308,1597,POL320
413,PHT308,1853,POL331
413,PHT308,1982,CMM318
413,PHT308,964,TDF303
413,PHT308,965,TDF303
413,PHT308,1093,CMM318
413,PHT308,1094,CMM318
413,PHT308,1095,LAW311
413,PHT308,1222,CMM322
413,PHT308,1862,CMM354
413,PHT308,1611,ART309
413,PHT308,1741,LAW313
413,PHT308,1864,CMM354
413,PHT308,1110,SOC308
413,PHT308,855,SOC308
413,PHT308,986,LAW334
413,PHT308,1631,LAW311
413,PHT308,1248,SOC308
413,PHT308,1506,CMM315
413,PHT308,868,LAW313
413,PHT308,745,CMM375
413,PHT308,362,AAD333
413,PHT308,1513,LAW334
413,PHT308,1514,LAW313
413,PHT308,365,TDF304
413,PHT308,1515,LAW313
413,PHT308,1518,LAW313
413,PHT308,1519,LAW313
413,PHT308,1776,ART309
413,PHT308,1522,LAW334
413,PHT308,499,ART306
413,PHT308,500,ART306
413,PHT308,501,ART306
413,PHT308,502,ART306
413,PHT308,503,ART306
413,PHT308,1780,CMM349
413,PHT308,889,SOC308
413,PHT308,506,ART306
413,PHT308,507,ART306
413,PHT308,508,ART306
413,PHT308,509,ART306
413,PHT308,511,DES349
414,PHT307,385,TDF304
414,PHT307,515,DES348
414,PHT307,517,DES349
414,PHT307,1679,POL320
414,PHT307,1940,TDF303
414,PHT307,1813,CMM374
414,PHT307,157,LAW313
414,PHT307,1567,SOC308
414,PHT307,424,VIC316
414,PHT307,427,VIC315
414,PHT307,428,VIC316
414,PHT307,1449,DES318
414,PHT307,1450,LAW311
414,PHT307,1451,LAW311
414,PHT307,693,CMM315
414,PHT307,1079,LAW313
414,PHT307,1597,POL320
414,PHT307,1853,POL331
414,PHT307,1982,CMM318
414,PHT307,964,TDF303
414,PHT307,965,TDF303
414,PHT307,1093,CMM318
414,PHT307,1094,CMM318
414,PHT307,1095,LAW311
414,PHT307,1222,CMM322
414,PHT307,1862,CMM354
414,PHT307,1611,ART309
414,PHT307,1741,LAW313
414,PHT307,1864,CMM354
414,PHT307,1110,SOC308
414,PHT307,855,SOC308
414,PHT307,986,LAW334
414,PHT307,1631,LAW311
414,PHT307,1248,SOC308
414,PHT307,1506,CMM315
414,PHT307,868,LAW313
414,PHT307,745,CMM375
414,PHT307,362,AAD333
414,PHT307,1513,LAW334
414,PHT307,1514,LAW313
414,PHT307,365,TDF304
414,PHT307,1515,LAW313
414,PHT307,1518,LAW313
414,PHT307,1519,LAW313
414,PHT307,1776,ART309
414,PHT307,1522,LAW334
414,PHT307,499,ART306
414,PHT307,500,ART306
414,PHT307,501,ART306
414,PHT307,502,ART306
414,PHT307,503,ART306
414,PHT307,1780,CMM349
414,PHT307,889,SOC308
414,PHT307,506,ART306
414,PHT307,507,ART306
414,PHT307,508,ART306
414,PHT307,509,ART306
414,PHT307,511,DES349
424,VIC316,385,TDF304
424,VIC316,515,DES348
424,VIC316,517,DES349
424,VIC316,1679,POL320
424,VIC316,1940,TDF303
424,VIC316,1813,CMM374
424,VIC316,157,LAW313
424,VIC316,1567,SOC308
424,VIC316,1449,DES318
424,VIC316,427,VIC315
424,VIC316,1450,LAW311
424,VIC316,1451,LAW311
424,VIC316,436,PHT307
424,VIC316,437,PHT307
424,VIC316,693,CMM315
424,VIC316,1079,LAW313
424,VIC316,1597,POL320
424,VIC316,1853,POL331
424,VIC316,1982,CMM318
424,VIC316,964,TDF303
424,VIC316,965,TDF303
424,VIC316,1093,CMM318
424,VIC316,1094,CMM318
424,VIC316,1095,LAW311
424,VIC316,1222,CMM322
424,VIC316,1862,CMM354
424,VIC316,1611,ART309
424,VIC316,1741,LAW313
424,VIC316,1864,CMM354
424,VIC316,1110,SOC308
424,VIC316,855,SOC308
424,VIC316,986,LAW334
424,VIC316,1631,LAW311
424,VIC316,1248,SOC308
424,VIC316,1506,CMM315
424,VIC316,868,LAW313
424,VIC316,745,CMM375
424,VIC316,362,AAD333
424,VIC316,1513,LAW334
424,VIC316,1514,LAW313
424,VIC316,365,TDF304
424,VIC316,1515,LAW313
424,VIC316,1518,LAW313
424,VIC316,1519,LAW313
424,VIC316,1776,ART309
424,VIC316,1522,LAW334
424,VIC316,499,ART306
424,VIC316,500,ART306
424,VIC316,501,ART306
424,VIC316,502,ART306
424,VIC316,503,ART306
424,VIC316,1780,CMM349
424,VIC316,889,SOC308
424,VIC316,506,ART306
424,VIC316,507,ART306
424,VIC316,508,ART306
424,VIC316,509,ART306
424,VIC316,511,DES349
427,VIC315,385,TDF304
427,VIC315,515,DES348
427,VIC315,517,DES349
427,VIC315,1679,POL320
427,VIC315,1940,TDF303
427,VIC315,1813,CMM374
427,VIC315,157,LAW313
427,VIC315,1567,SOC308
427,VIC315,1449,DES318
427,VIC315,428,VIC316
427,VIC315,1450,LAW311
427,VIC315,1451,LAW311
427,VIC315,436,PHT307
427,VIC315,437,PHT307
427,VIC315,693,CMM315
427,VIC315,1079,LAW313
427,VIC315,1597,POL320
427,VIC315,1853,POL331
427,VIC315,1982,CMM318
427,VIC315,964,TDF303
427,VIC315,965,TDF303
427,VIC315,1093,CMM318
427,VIC315,1094,CMM318
427,VIC315,1095,LAW311
427,VIC315,1222,CMM322
427,VIC315,1862,CMM354
427,VIC315,1611,ART309
427,VIC315,1741,LAW313
427,VIC315,1864,CMM354
427,VIC315,1110,SOC308
427,VIC315,855,SOC308
427,VIC315,986,LAW334
427,VIC315,1631,LAW311
427,VIC315,1248,SOC308
427,VIC315,1506,CMM315
427,VIC315,868,LAW313
427,VIC315,745,CMM375
427,VIC315,362,AAD333
427,VIC315,1513,LAW334
427,VIC315,1514,LAW313
427,VIC315,365,TDF304
427,VIC315,1515,LAW313
427,VIC315,1518,LAW313
427,VIC315,1519,LAW313
427,VIC315,1776,ART309
427,VIC315,1522,LAW334
427,VIC315,499,ART306
427,VIC315,500,ART306
427,VIC315,501,ART306
427,VIC315,502,ART306
427,VIC315,503,ART306
427,VIC315,1780,CMM349
427,VIC315,889,SOC308
427,VIC315,506,ART306
427,VIC315,507,ART306
427,VIC315,508,ART306
427,VIC315,509,ART306
427,VIC315,511,DES349
428,VIC316,385,TDF304
428,VIC316,515,DES348
428,VIC316,517,DES349
428,VIC316,1679,POL320
428,VIC316,1940,TDF303
428,VIC316,1813,CMM374
428,VIC316,157,LAW313
428,VIC316,1567,SOC308
428,VIC316,1449,DES318
428,VIC316,1450,LAW311
428,VIC316,1451,LAW311
428,VIC316,436,PHT307
428,VIC316,437,PHT307
428,VIC316,693,CMM315
428,VIC316,1079,LAW313
428,VIC316,1597,POL320
428,VIC316,1853,POL331
428,VIC316,1982,CMM318
428,VIC316,964,TDF303
428,VIC316,965,TDF303
428,VIC316,1093,CMM318
428,VIC316,1094,CMM318
428,VIC316,1095,LAW311
428,VIC316,1222,CMM322
428,VIC316,1862,CMM354
428,VIC316,1611,ART309
428,VIC316,1741,LAW313
428,VIC316,1864,CMM354
428,VIC316,1110,SOC308
428,VIC316,855,SOC308
428,VIC316,986,LAW334
428,VIC316,1631,LAW311
428,VIC316,1248,SOC308
428,VIC316,1506,CMM315
428,VIC316,868,LAW313
428,VIC316,745,CMM375
428,VIC316,362,AAD333
428,VIC316,1513,LAW334
428,VIC316,1514,LAW313
428,VIC316,365,TDF304
428,VIC316,1515,LAW313
428,VIC316,1518,LAW313
428,VIC316,1519,LAW313
428,VIC316,1776,ART309
428,VIC316,1522,LAW334
428,VIC316,499,ART306
428,VIC316,500,ART306
428,VIC316,501,ART306
428,VIC316,502,ART306
428,VIC316,503,ART306
428,VIC316,1780,CMM349
428,VIC316,889,SOC308
428,VIC316,506,ART306
428,VIC316,507,ART306
428,VIC316,508,ART306
428,VIC316,509,ART306
428,VIC316,511,DES349
436,PHT307,385,TDF304
436,PHT307,515,DES348
436,PHT307,517,DES349
436,PHT307,1679,POL320
436,PHT307,1940,TDF303
436,PHT307,1813,CMM374
436,PHT307,157,LAW313
436,PHT307,1567,SOC308
436,PHT307,1449,DES318
436,PHT307,1450,LAW311
436,PHT307,1451,LAW311
436,PHT307,693,CMM315
436,PHT307,1079,LAW313
436,PHT307,1597,POL320
436,PHT307,1853,POL331
436,PHT307,1982,CMM318
436,PHT307,964,TDF303
436,PHT307,965,TDF303
436,PHT307,1093,CMM318
436,PHT307,1094,CMM318
436,PHT307,1095,LAW311
436,PHT307,1222,CMM322
436,PHT307,1862,CMM354
436,PHT307,1611,ART309
436,PHT307,1741,LAW313
436,PHT307,1864,CMM354
436,PHT307,1110,SOC308
436,PHT307,855,SOC308
436,PHT307,986,LAW334
436,PHT307,1631,LAW311
436,PHT307,1248,SOC308
436,PHT307,1506,CMM315
436,PHT307,868,LAW313
436,PHT307,745,CMM375
436,PHT307,362,AAD333
436,PHT307,1513,LAW334
436,PHT307,1514,LAW313
436,PHT307,365,TDF304
436,PHT307,1515,LAW313
436,PHT307,1518,LAW313
436,PHT307,1519,LAW313
436,PHT307,1776,ART309
436,PHT307,1522,LAW334
436,PHT307,499,ART306
436,PHT307,500,ART306
436,PHT307,501,ART306
436,PHT307,502,ART306
436,PHT307,503,ART306
436,PHT307,1780,CMM349
436,PHT307,889,SOC308
436,PHT307,506,ART306
436,PHT307,507,ART306
436,PHT307,508,ART306
436,PHT307,509,ART306
436,PHT307,511,DES349
437,PHT307,385,TDF304
437,PHT307,515,DES348
437,PHT307,517,DES349
437,PHT307,1679,POL320
437,PHT307,1940,TDF303
437,PHT307,1813,CMM374
437,PHT307,157,LAW313
437,PHT307,1567,SOC308
437,PHT307,1449,DES318
437,PHT307,1450,LAW311
437,PHT307,1451,LAW311
437,PHT307,693,CMM315
437,PHT307,1079,LAW313
437,PHT307,1597,POL320
437,PHT307,1853,POL331
437,PHT307,1982,CMM318
437,PHT307,964,TDF303
437,PHT307,965,TDF303
437,PHT307,1093,CMM318
437,PHT307,1094,CMM318
437,PHT307,1095,LAW311
437,PHT307,1222,CMM322
437,PHT307,1862,CMM354
437,PHT307,1611,ART309
437,PHT307,1741,LAW313
437,PHT307,1864,CMM354
437,PHT307,1110,SOC308
437,PHT307,855,SOC308
437,PHT307,986,LAW334
437,PHT307,1631,LAW311
437,PHT307,1248,SOC308
437,PHT307,1506,CMM315
437,PHT307,868,LAW313
437,PHT307,745,CMM375
437,PHT307,362,AAD333
437,PHT307,1513,LAW334
437,PHT307,1514,LAW313
437,PHT307,365,TDF304
437,PHT307,1515,LAW313
437,PHT307,1518,LAW313
437,PHT307,1519,LAW313
437,PHT307,1776,ART309
437,PHT307,1522,LAW334
437,PHT307,499,ART306
437,PHT307,500,ART306
437,PHT307,501,ART306
437,PHT307,502,ART306
437,PHT307,503,ART306
437,PHT307,1780,CMM349
437,PHT307,889,SOC308
437,PHT307,506,ART306
437,PHT307,507,ART306
437,PHT307,508,ART306
437,PHT307,509,ART306
437,PHT307,511,DES349
499,ART306,385,TDF304
499,ART306,515,DES348
499,ART306,517,DES349
499,ART306,1679,POL320
499,ART306,1940,TDF303
499,ART306,1813,CMM374
499,ART306,157,LAW313
499,ART306,1567,SOC308
499,ART306,1449,DES318
499,ART306,1450,LAW311
499,ART306,1451,LAW311
499,ART306,693,CMM315
499,ART306,1079,LAW313
499,ART306,1597,POL320
499,ART306,1853,POL331
499,ART306,1982,CMM318
499,ART306,964,TDF303
499,ART306,965,TDF303
499,ART306,1093,CMM318
499,ART306,1094,CMM318
499,ART306,1095,LAW311
499,ART306,1222,CMM322
499,ART306,1862,CMM354
499,ART306,1611,ART309
499,ART306,1741,LAW313
499,ART306,1864,CMM354
499,ART306,1110,SOC308
499,ART306,855,SOC308
499,ART306,986,LAW334
499,ART306,1631,LAW311
499,ART306,1248,SOC308
499,ART306,1506,CMM315
499,ART306,868,LAW313
499,ART306,745,CMM375
499,ART306,362,AAD333
499,ART306,1513,LAW334
499,ART306,1514,LAW313
499,ART306,365,TDF304
499,ART306,1515,LAW313
499,ART306,1518,LAW313
499,ART306,1519,LAW313
499,ART306,1776,ART309
499,ART306,1522,LAW334
499,ART306,1780,CMM349
499,ART306,889,SOC308
499,ART306,511,DES349
500,ART306,385,TDF304
500,ART306,515,DES348
500,ART306,517,DES349
500,ART306,1679,POL320
500,ART306,1940,TDF303
500,ART306,1813,CMM374
500,ART306,157,LAW313
500,ART306,1567,SOC308
500,ART306,1449,DES318
500,ART306,1450,LAW311
500,ART306,1451,LAW311
500,ART306,693,CMM315
500,ART306,1079,LAW313
500,ART306,1597,POL320
500,ART306,1853,POL331
500,ART306,1982,CMM318
500,ART306,964,TDF303
500,ART306,965,TDF303
500,ART306,1093,CMM318
500,ART306,1094,CMM318
500,ART306,1095,LAW311
500,ART306,1222,CMM322
500,ART306,1862,CMM354
500,ART306,1611,ART309
500,ART306,1741,LAW313
500,ART306,1864,CMM354
500,ART306,1110,SOC308
500,ART306,855,SOC308
500,ART306,986,LAW334
500,ART306,1631,LAW311
500,ART306,1248,SOC308
500,ART306,1506,CMM315
500,ART306,868,LAW313
500,ART306,745,CMM375
500,ART306,362,AAD333
500,ART306,1513,LAW334
500,ART306,1514,LAW313
500,ART306,365,TDF304
500,ART306,1515,LAW313
500,ART306,1518,LAW313
500,ART306,1519,LAW313
500,ART306,1776,ART309
500,ART306,1522,LAW334
500,ART306,1780,CMM349
500,ART306,889,SOC308
500,ART306,511,DES349
501,ART306,385,TDF304
501,ART306,515,DES348
501,ART306,517,DES349
501,ART306,1679,POL320
501,ART306,1940,TDF303
501,ART306,1813,CMM374
501,ART306,157,LAW313
501,ART306,1567,SOC308
501,ART306,1449,DES318
501,ART306,1450,LAW311
501,ART306,1451,LAW311
501,ART306,693,CMM315
501,ART306,1079,LAW313
501,ART306,1597,POL320
501,ART306,1853,POL331
501,ART306,1982,CMM318
501,ART306,964,TDF303
501,ART306,965,TDF303
501,ART306,1093,CMM318
501,ART306,1094,CMM318
501,ART306,1095,LAW311
501,ART306,1222,CMM322
501,ART306,1862,CMM354
501,ART306,1611,ART309
501,ART306,1741,LAW313
501,ART306,1864,CMM354
501,ART306,1110,SOC308
501,ART306,855,SOC308
501,ART306,986,LAW334
501,ART306,1631,LAW311
501,ART306,1248,SOC308
501,ART306,1506,CMM315
501,ART306,868,LAW313
501,ART306,745,CMM375
501,ART306,362,AAD333
501,ART306,1513,LAW334
501,ART306,1514,LAW313
501,ART306,365,TDF304
501,ART306,1515,LAW313
501,ART306,1518,LAW313
501,ART306,1519,LAW313
501,ART306,1776,ART309
501,ART306,1522,LAW334
501,ART306,1780,CMM349
501,ART306,889,SOC308
501,ART306,511,DES349
502,ART306,385,TDF304
502,ART306,515,DES348
502,ART306,517,DES349
502,ART306,1679,POL320
502,ART306,1940,TDF303
502,ART306,1813,CMM374
502,ART306,157,LAW313
502,ART306,1567,SOC308
502,ART306,1449,DES318
502,ART306,1450,LAW311
502,ART306,1451,LAW311
502,ART306,693,CMM315
502,ART306,1079,LAW313
502,ART306,1597,POL320
502,ART306,1853,POL331
502,ART306,1982,CMM318
502,ART306,964,TDF303
502,ART306,965,TDF303
502,ART306,1093,CMM318
502,ART306,1094,CMM318
502,ART306,1095,LAW311
502,ART306,1222,CMM322
502,ART306,1862,CMM354
502,ART306,1611,ART309
502,ART306,1741,LAW313
502,ART306,1864,CMM354
502,ART306,1110,SOC308
502,ART306,855,SOC308
502,ART306,986,LAW334
502,ART306,1631,LAW311
502,ART306,1248,SOC308
502,ART306,1506,CMM315
502,ART306,868,LAW313
502,ART306,745,CMM375
502,ART306,362,AAD333
502,ART306,1513,LAW334
502,ART306,1514,LAW313
502,ART306,365,TDF304
502,ART306,1515,LAW313
502,ART306,1518,LAW313
502,ART306,1519,LAW313
502,ART306,1776,ART309
502,ART306,1522,LAW334
502,ART306,1780,CMM349
502,ART306,889,SOC308
502,ART306,511,DES349
503,ART306,385,TDF304
503,ART306,515,DES348
503,ART306,517,DES349
503,ART306,1679,POL320
503,ART306,1940,TDF303
503,ART306,1813,CMM374
503,ART306,157,LAW313
503,ART306,1567,SOC308
503,ART306,1449,DES318
503,ART306,1450,LAW311
503,ART306,1451,LAW311
503,ART306,693,CMM315
503,ART306,1079,LAW313
503,ART306,1597,POL320
503,ART306,1853,POL331
503,ART306,1982,CMM318
503,ART306,964,TDF303
503,ART306,965,TDF303
503,ART306,1093,CMM318
503,ART306,1094,CMM318
503,ART306,1095,LAW311
503,ART306,1222,CMM322
503,ART306,1862,CMM354
503,ART306,1611,ART309
503,ART306,1741,LAW313
503,ART306,1864,CMM354
503,ART306,1110,SOC308
503,ART306,855,SOC308
503,ART306,986,LAW334
503,ART306,1631,LAW311
503,ART306,1248,SOC308
503,ART306,1506,CMM315
503,ART306,868,LAW313
503,ART306,745,CMM375
503,ART306,362,AAD333
503,ART306,1513,LAW334
503,ART306,1514,LAW313
503,ART306,365,TDF304
503,ART306,1515,LAW313
503,ART306,1518,LAW313
503,ART306,1519,LAW313
503,ART306,1776,ART309
503,ART306,1522,LAW334
503,ART306,1780,CMM349
503,ART306,889,SOC308
503,ART306,511,DES349
506,ART306,385,TDF304
506,ART306,515,DES348
506,ART306,517,DES349
506,ART306,1679,POL320
506,ART306,1940,TDF303
506,ART306,1813,CMM374
506,ART306,157,LAW313
506,ART306,1567,SOC308
506,ART306,1449,DES318
506,ART306,1450,LAW311
506,ART306,1451,LAW311
506,ART306,693,CMM315
506,ART306,1079,LAW313
506,ART306,1597,POL320
506,ART306,1853,POL331
506,ART306,1982,CMM318
506,ART306,964,TDF303
506,ART306,965,TDF303
506,ART306,1093,CMM318
506,ART306,1094,CMM318
506,ART306,1095,LAW311
506,ART306,1222,CMM322
506,ART306,1862,CMM354
506,ART306,1611,ART309
506,ART306,1741,LAW313
506,ART306,1864,CMM354
506,ART306,1110,SOC308
506,ART306,855,SOC308
506,ART306,986,LAW334
506,ART306,1631,LAW311
506,ART306,1248,SOC308
506,ART306,1506,CMM315
506,ART306,868,LAW313
506,ART306,745,CMM375
506,ART306,362,AAD333
506,ART306,1513,LAW334
506,ART306,1514,LAW313
506,ART306,365,TDF304
506,ART306,1515,LAW313
506,ART306,1518,LAW313
506,ART306,1519,LAW313
506,ART306,1776,ART309
506,ART306,1522,LAW334
506,ART306,1780,CMM349
506,ART306,889,SOC308
506,ART306,511,DES349
507,ART306,385,TDF304
507,ART306,515,DES348
507,ART306,517,DES349
507,ART306,1679,POL320
507,ART306,1940,TDF303
507,ART306,1813,CMM374
507,ART306,157,LAW313
507,ART306,1567,SOC308
507,ART306,1449,DES318
507,ART306,1450,LAW311
507,ART306,1451,LAW311
507,ART306,693,CMM315
507,ART306,1079,LAW313
507,ART306,1597,POL320
507,ART306,1853,POL331
507,ART306,1982,CMM318
507,ART306,964,TDF303
507,ART306,965,TDF303
507,ART306,1093,CMM318
507,ART306,1094,CMM318
507,ART306,1095,LAW311
507,ART306,1222,CMM322
507,ART306,1862,CMM354
507,ART306,1611,ART309
507,ART306,1741,LAW313
507,ART306,1864,CMM354
507,ART306,1110,SOC308
507,ART306,855,SOC308
507,ART306,986,LAW334
507,ART306,1631,LAW311
507,ART306,1248,SOC308
507,ART306,1506,CMM315
507,ART306,868,LAW313
507,ART306,745,CMM375
507,ART306,362,AAD333
507,ART306,1513,LAW334
507,ART306,1514,LAW313
507,ART306,365,TDF304
507,ART306,1515,LAW313
507,ART306,1518,LAW313
507,ART306,1519,LAW313
507,ART306,1776,ART309
507,ART306,1522,LAW334
507,ART306,1780,CMM349
507,ART306,889,SOC308
507,ART306,511,DES349
508,ART306,385,TDF304
508,ART306,515,DES348
508,ART306,517,DES349
508,ART306,1679,POL320
508,ART306,1940,TDF303
508,ART306,1813,CMM374
508,ART306,157,LAW313
508,ART306,1567,SOC308
508,ART306,1449,DES318
508,ART306,1450,LAW311
508,ART306,1451,LAW311
508,ART306,693,CMM315
508,ART306,1079,LAW313
508,ART306,1597,POL320
508,ART306,1853,POL331
508,ART306,1982,CMM318
508,ART306,964,TDF303
508,ART306,965,TDF303
508,ART306,1093,CMM318
508,ART306,1094,CMM318
508,ART306,1095,LAW311
508,ART306,1222,CMM322
508,ART306,1862,CMM354
508,ART306,1611,ART309
508,ART306,1741,LAW313
508,ART306,1864,CMM354
508,ART306,1110,SOC308
508,ART306,855,SOC308
508,ART306,986,LAW334
508,ART306,1631,LAW311
508,ART306,1248,SOC308
508,ART306,1506,CMM315
508,ART306,868,LAW313
508,ART306,745,CMM375
508,ART306,362,AAD333
508,ART306,1513,LAW334
508,ART306,1514,LAW313
508,ART306,365,TDF304
508,ART306,1515,LAW313
508,ART306,1518,LAW313
508,ART306,1519,LAW313
508,ART306,1776,ART309
508,ART306,1522,LAW334
508,ART306,1780,CMM349
508,ART306,889,SOC308
508,ART306,511,DES349
509,ART306,385,TDF304
509,ART306,515,DES348
509,ART306,517,DES349
509,ART306,1679,POL320
509,ART306,1940,TDF303
509,ART306,1813,CMM374
509,ART306,157,LAW313
509,ART306,1567,SOC308
509,ART306,1449,DES318
509,ART306,1450,LAW311
509,ART306,1451,LAW311
509,ART306,693,CMM315
509,ART306,1079,LAW313
509,ART306,1597,POL320
509,ART306,1853,POL331
509,ART306,1982,CMM318
509,ART306,964,TDF303
509,ART306,965,TDF303
509,ART306,1093,CMM318
509,ART306,1094,CMM318
509,ART306,1095,LAW311
509,ART306,1222,CMM322
509,ART306,1862,CMM354
509,ART306,1611,ART309
509,ART306,1741,LAW313
509,ART306,1864,CMM354
509,ART306,1110,SOC308
509,ART306,855,SOC308
509,ART306,986,LAW334
509,ART306,1631,LAW311
509,ART306,1248,SOC308
509,ART306,1506,CMM315
509,ART306,868,LAW313
509,ART306,745,CMM375
509,ART306,362,AAD333
509,ART306,1513,LAW334
509,ART306,1514,LAW313
509,ART306,365,TDF304
509,ART306,1515,LAW313
509,ART306,1518,LAW313
509,ART306,1519,LAW313
509,ART306,1776,ART309
509,ART306,1522,LAW334
509,ART306,1780,CMM349
509,ART306,889,SOC308
509,ART306,511,DES349
511,DES349,385,TDF304
511,DES349,515,DES348
511,DES349,131,DES350
511,DES349,1679,POL320
511,DES349,1940,TDF303
511,DES349,1813,CMM374
511,DES349,157,LAW313
511,DES349,1567,SOC308
511,DES349,1449,DES318
511,DES349,1450,LAW311
511,DES349,1451,LAW311
511,DES349,693,CMM315
511,DES349,1079,LAW313
511,DES349,1597,POL320
511,DES349,1853,POL331
511,DES349,1982,CMM318
511,DES349,964,TDF303
511,DES349,965,TDF303
511,DES349,1093,CMM318
511,DES349,1094,CMM318
511,DES349,1095,LAW311
511,DES349,1222,CMM322
511,DES349,1862,CMM354
511,DES349,1611,ART309
511,DES349,1741,LAW313
511,DES349,1864,CMM354
511,DES349,1110,SOC308
511,DES349,855,SOC308
511,DES349,986,LAW334
511,DES349,1631,LAW311
511,DES349,1248,SOC308
511,DES349,1506,CMM315
511,DES349,868,LAW313
511,DES349,745,CMM375
511,DES349,362,AAD333
511,DES349,1513,LAW334
511,DES349,1514,LAW313
511,DES349,365,TDF304
511,DES349,1515,LAW313
511,DES349,1518,LAW313
511,DES349,1519,LAW313
511,DES349,1776,ART309
511,DES349,1522,LAW334
511,DES349,1780,CMM349
511,DES349,889,SOC308
515,DES348,385,TDF304
515,DES348,131,DES350
515,DES348,517,DES349
515,DES348,1679,POL320
515,DES348,1940,TDF303
515,DES348,1813,CMM374
515,DES348,157,LAW313
515,DES348,1567,SOC308
515,DES348,1449,DES318
515,DES348,1450,LAW311
515,DES348,1451,LAW311
515,DES348,693,CMM315
515,DES348,1079,LAW313
515,DES348,1597,POL320
515,DES348,1853,POL331
515,DES348,1982,CMM318
515,DES348,964,TDF303
515,DES348,965,TDF303
515,DES348,1093,CMM318
515,DES348,1094,CMM318
515,DES348,1095,LAW311
515,DES348,1222,CMM322
515,DES348,1862,CMM354
515,DES348,1611,ART309
515,DES348,1741,LAW313
515,DES348,1864,CMM354
515,DES348,1110,SOC308
515,DES348,855,SOC308
515,DES348,986,LAW334
515,DES348,1631,LAW311
515,DES348,1248,SOC308
515,DES348,1506,CMM315
515,DES348,868,LAW313
515,DES348,745,CMM375
515,DES348,362,AAD333
515,DES348,1513,LAW334
515,DES348,1514,LAW313
515,DES348,365,TDF304
515,DES348,1515,LAW313
515,DES348,1518,LAW313
515,DES348,1519,LAW313
515,DES348,1776,ART309
515,DES348,1522,LAW334
515,DES348,1780,CMM349
515,DES348,889,SOC308
517,DES349,385,TDF304
517,DES349,131,DES350
517,DES349,1679,POL320
517,DES349,1940,TDF303
517,DES349,1813,CMM374
517,DES349,157,LAW313
517,DES349,1567,SOC308
517,DES349,1449,DES318
517,DES349,1450,LAW311
517,DES349,1451,LAW311
517,DES349,693,CMM315
517,DES349,1079,LAW313
517,DES349,1597,POL320
517,DES349,1853,POL331
517,DES349,1982,CMM318
517,DES349,964,TDF303
517,DES349,965,TDF303
517,DES349,1093,CMM318
517,DES349,1094,CMM318
517,DES349,1095,LAW311
517,DES349,1222,CMM322
517,DES349,1862,CMM354
517,DES349,1611,ART309
517,DES349,1741,LAW313
517,DES349,1864,CMM354
517,DES349,1110,SOC308
517,DES349,855,SOC308
517,DES349,986,LAW334
517,DES349,1631,LAW311
517,DES349,1248,SOC308
517,DES349,1506,CMM315
517,DES349,868,LAW313
517,DES349,745,CMM375
517,DES349,362,AAD333
517,DES349,1513,LAW334
517,DES349,1514,LAW313
517,DES349,365,TDF304
517,DES349,1515,LAW313
517,DES349,1518,LAW313
517,DES349,1519,LAW313
517,DES349,1776,ART309
517,DES349,1522,LAW334
517,DES349,1780,CMM349
517,DES349,889,SOC308
745,CMM375,385,TDF304
745,CMM375,1679,POL320
745,CMM375,1940,TDF303
745,CMM375,1813,CMM374
745,CMM375,157,LAW313
745,CMM375,1567,SOC308
745,CMM375,1449,DES318
745,CMM375,1450,LAW311
745,CMM375,1451,LAW311
745,CMM375,693,CMM315
745,CMM375,1079,LAW313
745,CMM375,1597,POL320
745,CMM375,1853,POL331
745,CMM375,1982,CMM318
745,CMM375,964,TDF303
745,CMM375,965,TDF303
745,CMM375,1093,CMM318
745,CMM375,1094,CMM318
745,CMM375,1095,LAW311
745,CMM375,1222,CMM322
745,CMM375,1862,CMM354
745,CMM375,1611,ART309
745,CMM375,1741,LAW313
745,CMM375,1864,CMM354
745,CMM375,1110,SOC308
745,CMM375,855,SOC308
745,CMM375,986,LAW334
745,CMM375,1631,LAW311
745,CMM375,1248,SOC308
745,CMM375,1506,CMM315
745,CMM375,868,LAW313
745,CMM375,1513,LAW334
745,CMM375,362,AAD333
745,CMM375,1514,LAW313
745,CMM375,1515,LAW313
745,CMM375,365,TDF304
745,CMM375,1518,LAW313
745,CMM375,1519,LAW313
745,CMM375,1776,ART309
745,CMM375,1522,LAW334
745,CMM375,1780,CMM349
745,CMM375,889,SOC308
855,SOC308,539,LAW337
855,SOC308,1079,LAW313
855,SOC308,1597,POL320
855,SOC308,1093,CMM318
855,SOC308,1094,CMM318
855,SOC308,1095,LAW311
855,SOC308,1611,ART309
855,SOC308,1105,SOC336
855,SOC308,596,PUP357
855,SOC308,1116,SOP302
855,SOC308,1118,SOC336
855,SOC308,1631,LAW311
855,SOC308,1129,SOP302
855,SOC308,128,SOP305
855,SOC308,1679,POL320
855,SOC308,157,LAW313
855,SOC308,693,CMM315
855,SOC308,1221,PUP310
855,SOC308,1222,CMM322
855,SOC308,1736,PUP310
855,SOC308,1741,LAW313
855,SOC308,1261,SOP305
855,SOC308,1776,ART309
855,SOC308,1780,CMM349
855,SOC308,1813,CMM374
855,SOC308,818,PUP310
855,SOC308,1853,POL331
855,SOC308,1862,CMM354
855,SOC308,1864,CMM354
855,SOC308,854,PUP357
855,SOC308,868,LAW313
855,SOC308,362,AAD333
855,SOC308,365,TDF304
855,SOC308,385,TDF304
855,SOC308,397,SOP302
855,SOC308,398,SOP302
855,SOC308,399,SOC336
855,SOC308,1940,TDF303
855,SOC308,1449,DES318
855,SOC308,1450,LAW311
855,SOC308,1451,LAW311
855,SOC308,1982,CMM318
855,SOC308,964,TDF303
855,SOC308,965,TDF303
855,SOC308,986,LAW334
855,SOC308,1506,CMM315
855,SOC308,1513,LAW334
855,SOC308,1514,LAW313
855,SOC308,1515,LAW313
855,SOC308,1518,LAW313
855,SOC308,1519,LAW313
855,SOC308,1522,LAW334
889,SOC308,539,LAW337
889,SOC308,1079,LAW313
889,SOC308,1597,POL320
889,SOC308,1093,CMM318
889,SOC308,1094,CMM318
889,SOC308,1095,LAW311
889,SOC308,1611,ART309
889,SOC308,1105,SOC336
889,SOC308,596,PUP357
889,SOC308,1116,SOP302
889,SOC308,1118,SOC336
889,SOC308,1631,LAW311
889,SOC308,1129,SOP302
889,SOC308,128,SOP305
889,SOC308,1679,POL320
889,SOC308,157,LAW313
889,SOC308,693,CMM315
889,SOC308,1221,PUP310
889,SOC308,1222,CMM322
889,SOC308,1736,PUP310
889,SOC308,1741,LAW313
889,SOC308,1261,SOP305
889,SOC308,1776,ART309
889,SOC308,1780,CMM349
889,SOC308,1813,CMM374
889,SOC308,818,PUP310
889,SOC308,1853,POL331
889,SOC308,1862,CMM354
889,SOC308,1864,CMM354
889,SOC308,854,PUP357
889,SOC308,868,LAW313
889,SOC308,362,AAD333
889,SOC308,365,TDF304
889,SOC308,385,TDF304
889,SOC308,397,SOP302
889,SOC308,398,SOP302
889,SOC308,399,SOC336
889,SOC308,1940,TDF303
889,SOC308,1449,DES318
889,SOC308,1450,LAW311
889,SOC308,1451,LAW311
889,SOC308,1982,CMM318
889,SOC308,964,TDF303
889,SOC308,965,TDF303
889,SOC308,986,LAW334
889,SOC308,1506,CMM315
889,SOC308,1513,LAW334
889,SOC308,1514,LAW313
889,SOC308,1515,LAW313
889,SOC308,1518,LAW313
889,SOC308,1519,LAW313
889,SOC308,1522,LAW334
964,TDF303,385,TDF304
964,TDF303,1679,POL320
964,TDF303,1813,CMM374
964,TDF303,157,LAW313
964,TDF303,1567,SOC308
964,TDF303,1449,DES318
964,TDF303,1450,LAW311
964,TDF303,1451,LAW311
964,TDF303,693,CMM315
964,TDF303,1079,LAW313
964,TDF303,1597,POL320
964,TDF303,1853,POL331
964,TDF303,1982,CMM318
964,TDF303,1093,CMM318
964,TDF303,1094,CMM318
964,TDF303,1095,LAW311
964,TDF303,1222,CMM322
964,TDF303,1862,CMM354
964,TDF303,1864,CMM354
964,TDF303,1611,ART309
964,TDF303,1741,LAW313
964,TDF303,1110,SOC308
964,TDF303,986,LAW334
964,TDF303,1631,LAW311
964,TDF303,1248,SOC308
964,TDF303,1506,CMM315
964,TDF303,868,LAW313
964,TDF303,362,AAD333
964,TDF303,1513,LAW334
964,TDF303,1514,LAW313
964,TDF303,365,TDF304
964,TDF303,1515,LAW313
964,TDF303,1518,LAW313
964,TDF303,1519,LAW313
964,TDF303,1776,ART309
964,TDF303,1522,LAW334
964,TDF303,1780,CMM349
965,TDF303,385,TDF304
965,TDF303,1679,POL320
965,TDF303,1813,CMM374
965,TDF303,157,LAW313
965,TDF303,1567,SOC308
965,TDF303,1449,DES318
965,TDF303,1450,LAW311
965,TDF303,1451,LAW311
965,TDF303,693,CMM315
965,TDF303,1079,LAW313
965,TDF303,1597,POL320
965,TDF303,1853,POL331
965,TDF303,1982,CMM318
965,TDF303,1093,CMM318
965,TDF303,1094,CMM318
965,TDF303,1095,LAW311
965,TDF303,1222,CMM322
965,TDF303,1862,CMM354
965,TDF303,1864,CMM354
965,TDF303,1611,ART309
965,TDF303,1741,LAW313
965,TDF303,1110,SOC308
965,TDF303,986,LAW334
965,TDF303,1631,LAW311
965,TDF303,1248,SOC308
965,TDF303,1506,CMM315
965,TDF303,868,LAW313
965,TDF303,362,AAD333
965,TDF303,1513,LAW334
965,TDF303,1514,LAW313
965,TDF303,365,TDF304
965,TDF303,1515,LAW313
965,TDF303,1518,LAW313
965,TDF303,1519,LAW313
965,TDF303,1776,ART309
965,TDF303,1522,LAW334
965,TDF303,1780,CMM349
986,LAW334,385,TDF304
986,LAW334,1679,POL320
986,LAW334,1940,TDF303
986,LAW334,1813,CMM374
986,LAW334,1812,ACF306
986,LAW334,157,LAW313
986,LAW334,1567,SOC308
986,LAW334,1449,DES318
986,LAW334,1450,LAW311
986,LAW334,1451,LAW311
986,LAW334,1065,LAW322
986,LAW334,1711,LAW322
986,LAW334,693,CMM315
986,LAW334,1079,LAW313
986,LAW334,1597,POL320
986,LAW334,1853,POL331
986,LAW334,1982,CMM318
986,LAW334,1093,CMM318
986,LAW334,1094,CMM318
986,LAW334,1095,LAW311
986,LAW334,1222,CMM322
986,LAW334,1862,CMM354
986,LAW334,1611,ART309
986,LAW334,1741,LAW313
986,LAW334,1864,CMM354
986,LAW334,1110,SOC308
986,LAW334,1631,LAW311
986,LAW334,1248,SOC308
986,LAW334,1506,CMM315
986,LAW334,868,LAW313
986,LAW334,362,AAD333
986,LAW334,1514,LAW313
986,LAW334,1515,LAW313
986,LAW334,365,TDF304
986,LAW334,1518,LAW313
986,LAW334,1519,LAW313
986,LAW334,1776,ART309
986,LAW334,1004,ACF306
986,LAW334,1780,CMM349
1093,CMM318,385,TDF304
1093,CMM318,1679,POL320
1093,CMM318,1940,TDF303
1093,CMM318,1813,CMM374
1093,CMM318,157,LAW313
1093,CMM318,1567,SOC308
1093,CMM318,1449,DES318
1093,CMM318,1450,LAW311
1093,CMM318,1451,LAW311
1093,CMM318,693,CMM315
1093,CMM318,1079,LAW313
1093,CMM318,1597,POL320
1093,CMM318,1853,POL331
1093,CMM318,1222,CMM322
1093,CMM318,1095,LAW311
1093,CMM318,1862,CMM354
1093,CMM318,1611,ART309
1093,CMM318,1741,LAW313
1093,CMM318,1110,SOC308
1093,CMM318,1631,LAW311
1093,CMM318,1248,SOC308
1093,CMM318,1506,CMM315
1093,CMM318,868,LAW313
1093,CMM318,362,AAD333
1093,CMM318,1513,LAW334
1093,CMM318,1514,LAW313
1093,CMM318,365,TDF304
1093,CMM318,1515,LAW313
1093,CMM318,1518,LAW313
1093,CMM318,1519,LAW313
1093,CMM318,1776,ART309
1093,CMM318,1522,LAW334
1093,CMM318,1780,CMM349
1094,CMM318,385,TDF304
1094,CMM318,1679,POL320
1094,CMM318,1940,TDF303
1094,CMM318,1813,CMM374
1094,CMM318,157,LAW313
1094,CMM318,1567,SOC308
1094,CMM318,1449,DES318
1094,CMM318,1450,LAW311
1094,CMM318,1451,LAW311
1094,CMM318,693,CMM315
1094,CMM318,1079,LAW313
1094,CMM318,1597,POL320
1094,CMM318,1853,POL331
1094,CMM318,1222,CMM322
1094,CMM318,1095,LAW311
1094,CMM318,1862,CMM354
1094,CMM318,1864,CMM354
1094,CMM318,1611,ART309
1094,CMM318,1741,LAW313
1094,CMM318,1110,SOC308
1094,CMM318,1631,LAW311
1094,CMM318,1248,SOC308
1094,CMM318,1506,CMM315
1094,CMM318,868,LAW313
1094,CMM318,362,AAD333
1094,CMM318,1513,LAW334
1094,CMM318,1514,LAW313
1094,CMM318,365,TDF304
1094,CMM318,1515,LAW313
1094,CMM318,1518,LAW313
1094,CMM318,1519,LAW313
1094,CMM318,1776,ART309
1094,CMM318,1522,LAW334
1094,CMM318,1780,CMM349
1095,LAW311,1567,SOC308
1095,LAW311,1065,LAW322
1095,LAW311,1079,LAW313
1095,LAW311,1597,POL320
1095,LAW311,1611,ART309
1095,LAW311,596,PUP357
1095,LAW311,1110,SOC308
1095,LAW311,1679,POL320
1095,LAW311,157,LAW313
1095,LAW311,1711,LAW322
1095,LAW311,693,CMM315
1095,LAW311,1221,PUP310
1095,LAW311,1222,CMM322
1095,LAW311,1736,PUP310
1095,LAW311,1741,LAW313
1095,LAW311,1248,SOC308
1095,LAW311,1776,ART309
1095,LAW311,1780,CMM349
1095,LAW311,1812,ACF306
1095,LAW311,1813,CMM374
1095,LAW311,818,PUP310
1095,LAW311,1853,POL331
1095,LAW311,1862,CMM354
1095,LAW311,1864,CMM354
1095,LAW311,854,PUP357
1095,LAW311,868,LAW313
1095,LAW311,362,AAD333
1095,LAW311,365,TDF304
1095,LAW311,385,TDF304
1095,LAW311,1940,TDF303
1095,LAW311,1449,DES318
1095,LAW311,1982,CMM318
1095,LAW311,1506,CMM315
1095,LAW311,1513,LAW334
1095,LAW311,1514,LAW313
1095,LAW311,1515,LAW313
1095,LAW311,1004,ACF306
1095,LAW311,1518,LAW313
1095,LAW311,1519,LAW313
1095,LAW311,1522,LAW334
1222,CMM322,385,TDF304
1222,CMM322,1679,POL320
1222,CMM322,1940,TDF303
1222,CMM322,1813,CMM374
1222,CMM322,157,LAW313
1222,CMM322,1567,SOC308
1222,CMM322,1449,DES318
1222,CMM322,1450,LAW311
1222,CMM322,1451,LAW311
1222,CMM322,693,CMM315
1222,CMM322,1079,LAW313
1222,CMM322,1597,POL320
1222,CMM322,1853,POL331
1222,CMM322,1982,CMM318
1222,CMM322,1862,CMM354
1222,CMM322,1864,CMM354
1222,CMM322,1611,ART309
1222,CMM322,1741,LAW313
1222,CMM322,1110,SOC308
1222,CMM322,1631,LAW311
1222,CMM322,1248,SOC308
1222,CMM322,1506,CMM315
1222,CMM322,868,LAW313
1222,CMM322,362,AAD333
1222,CMM322,1513,LAW334
1222,CMM322,1514,LAW313
1222,CMM322,365,TDF304
1222,CMM322,1515,LAW313
1222,CMM322,1518,LAW313
1222,CMM322,1519,LAW313
1222,CMM322,1776,ART309
1222,CMM322,1522,LAW334
1222,CMM322,1780,CMM349
1248,SOC308,128,SOP305
1248,SOC308,397,SOP302
1248,SOC308,398,SOP302
1248,SOC308,1679,POL320
1248,SOC308,1940,TDF303
1248,SOC308,1813,CMM374
1248,SOC308,539,LAW337
1248,SOC308,157,LAW313
1248,SOC308,1449,DES318
1248,SOC308,1450,LAW311
1248,SOC308,1451,LAW311
1248,SOC308,818,PUP310
1248,SOC308,1597,POL320
1248,SOC308,1853,POL331
1248,SOC308,1221,PUP310
1248,SOC308,1611,ART309
1248,SOC308,596,PUP357
1248,SOC308,854,PUP357
1248,SOC308,1631,LAW311
1248,SOC308,1513,LAW334
1248,SOC308,1514,LAW313
1248,SOC308,1515,LAW313
1248,SOC308,1129,SOP302
1248,SOC308,1518,LAW313
1248,SOC308,1519,LAW313
1248,SOC308,1776,ART309
1248,SOC308,1261,SOP305
1248,SOC308,1522,LAW334
1248,SOC308,1780,CMM349
1449,DES318,1567,SOC308
1449,DES318,1079,LAW313
1449,DES318,1597,POL320
1449,DES318,1611,ART309
1449,DES318,1110,SOC308
1449,DES318,1631,LAW311
1449,DES318,1679,POL320
1449,DES318,157,LAW313
1449,DES318,693,CMM315
1449,DES318,1741,LAW313
1449,DES318,738,MEC316
1449,DES318,1776,ART309
1449,DES318,1780,CMM349
1449,DES318,1813,CMM374
1449,DES318,1839,MEC365
1449,DES318,1843,MEC365
1449,DES318,1853,POL331
1449,DES318,1862,CMM354
1449,DES318,1864,CMM354
1449,DES318,868,LAW313
1449,DES318,362,AAD333
1449,DES318,1389,MEC316
1449,DES318,365,TDF304
1449,DES318,382,MEC365
1449,DES318,385,TDF304
1449,DES318,1940,TDF303
1449,DES318,1450,LAW311
1449,DES318,1451,LAW311
1449,DES318,1982,CMM318
1449,DES318,1506,CMM315
1449,DES318,1513,LAW334
1449,DES318,1514,LAW313
1449,DES318,1515,LAW313
1449,DES318,1518,LAW313
1449,DES318,1519,LAW313
1449,DES318,1522,LAW334
1450,LAW311,1567,SOC308
1450,LAW311,1065,LAW322
1450,LAW311,1079,LAW313
1450,LAW311,1597,POL320
1450,LAW311,1611,ART309
1450,LAW311,596,PUP357
1450,LAW311,1110,SOC308
1450,LAW311,1679,POL320
1450,LAW311,157,LAW313
1450,LAW311,1711,LAW322
1450,LAW311,693,CMM315
1450,LAW311,1221,PUP310
1450,LAW311,1736,PUP310
1450,LAW311,1741,LAW313
1450,LAW311,1776,ART309
1450,LAW311,1780,CMM349
1450,LAW311,1812,ACF306
1450,LAW311,1813,CMM374
1450,LAW311,818,PUP310
1450,LAW311,1853,POL331
1450,LAW311,1862,CMM354
1450,LAW311,1864,CMM354
1450,LAW311,854,PUP357
1450,LAW311,868,LAW313
1450,LAW311,362,AAD333
1450,LAW311,365,TDF304
1450,LAW311,385,TDF304
1450,LAW311,1940,TDF303
1450,LAW311,1982,CMM318
1450,LAW311,1506,CMM315
1450,LAW311,1513,LAW334
1450,LAW311,1514,LAW313
1450,LAW311,1515,LAW313
1450,LAW311,1004,ACF306
1450,LAW311,1518,LAW313
1450,LAW311,1519,LAW313
1450,LAW311,1522,LAW334
1451,LAW311,1567,SOC308
1451,LAW311,1065,LAW322
1451,LAW311,1079,LAW313
1451,LAW311,1597,POL320
1451,LAW311,1611,ART309
1451,LAW311,596,PUP357
1451,LAW311,1110,SOC308
1451,LAW311,1679,POL320
1451,LAW311,157,LAW313
1451,LAW311,1711,LAW322
1451,LAW311,693,CMM315
1451,LAW311,1221,PUP310
1451,LAW311,1736,PUP310
1451,LAW311,1741,LAW313
1451,LAW311,1776,ART309
1451,LAW311,1780,CMM349
1451,LAW311,1812,ACF306
1451,LAW311,1813,CMM374
1451,LAW311,818,PUP310
1451,LAW311,1853,POL331
1451,LAW311,1862,CMM354
1451,LAW311,1864,CMM354
1451,LAW311,854,PUP357
1451,LAW311,868,LAW313
1451,LAW311,362,AAD333
1451,LAW311,365,TDF304
1451,LAW311,385,TDF304
1451,LAW311,1940,TDF303
1451,LAW311,1982,CMM318
1451,LAW311,1506,CMM315
1451,LAW311,1513,LAW334
1451,LAW311,1514,LAW313
1451,LAW311,1515,LAW313
1451,LAW311,1004,ACF306
1451,LAW311,1518,LAW313
1451,LAW311,1519,LAW313
1451,LAW311,1522,LAW334
1513,LAW334,385,TDF304
1513,LAW334,1679,POL320
1513,LAW334,1940,TDF303
1513,LAW334,1813,CMM374
1513,LAW334,1812,ACF306
1513,LAW334,157,LAW313
1513,LAW334,1567,SOC308
1513,LAW334,1065,LAW322
1513,LAW334,1711,LAW322
1513,LAW334,693,CMM315
1513,LAW334,1079,LAW313
1513,LAW334,1597,POL320
1513,LAW334,1853,POL331
1513,LAW334,1982,CMM318
1513,LAW334,1862,CMM354
1513,LAW334,1611,ART309
1513,LAW334,1741,LAW313
1513,LAW334,1864,CMM354
1513,LAW334,1110,SOC308
1513,LAW334,1631,LAW311
1513,LAW334,1506,CMM315
1513,LAW334,868,LAW313
1513,LAW334,362,AAD333
1513,LAW334,1514,LAW313
1513,LAW334,1515,LAW313
1513,LAW334,365,TDF304
1513,LAW334,1518,LAW313
1513,LAW334,1519,LAW313
1513,LAW334,1776,ART309
1513,LAW334,1004,ACF306
1513,LAW334,1780,CMM349
1522,LAW334,385,TDF304
1522,LAW334,1679,POL320
1522,LAW334,1940,TDF303
1522,LAW334,1813,CMM374
1522,LAW334,1812,ACF306
1522,LAW334,157,LAW313
1522,LAW334,1567,SOC308
1522,LAW334,1065,LAW322
1522,LAW334,1711,LAW322
1522,LAW334,693,CMM315
1522,LAW334,1079,LAW313
1522,LAW334,1597,POL320
1522,LAW334,1853,POL331
1522,LAW334,1982,CMM318
1522,LAW334,1862,CMM354
1522,LAW334,1611,ART309
1522,LAW334,1741,LAW313
1522,LAW334,1864,CMM354
1522,LAW334,1110,SOC308
1522,LAW334,1631,LAW311
1522,LAW334,1506,CMM315
1522,LAW334,868,LAW313
1522,LAW334,362,AAD333
1522,LAW334,1514,LAW313
1522,LAW334,1515,LAW313
1522,LAW334,365,TDF304
1522,LAW334,1518,LAW313
1522,LAW334,1519,LAW313
1522,LAW334,1776,ART309
1522,LAW334,1004,ACF306
1522,LAW334,1780,CMM349
1567,SOC308,539,LAW337
1567,SOC308,1079,LAW313
1567,SOC308,1597,POL320
1567,SOC308,1611,ART309
1567,SOC308,1105,SOC336
1567,SOC308,596,PUP357
1567,SOC308,1116,SOP302
1567,SOC308,1118,SOC336
1567,SOC308,1631,LAW311
1567,SOC308,1129,SOP302
1567,SOC308,128,SOP305
1567,SOC308,1679,POL320
1567,SOC308,157,LAW313
1567,SOC308,693,CMM315
1567,SOC308,1221,PUP310
1567,SOC308,1736,PUP310
1567,SOC308,1741,LAW313
1567,SOC308,1261,SOP305
1567,SOC308,1776,ART309
1567,SOC308,1780,CMM349
1567,SOC308,1813,CMM374
1567,SOC308,818,PUP310
1567,SOC308,1853,POL331
1567,SOC308,1862,CMM354
1567,SOC308,1864,CMM354
1567,SOC308,854,PUP357
1567,SOC308,868,LAW313
1567,SOC308,362,AAD333
1567,SOC308,365,TDF304
1567,SOC308,385,TDF304
1567,SOC308,397,SOP302
1567,SOC308,398,SOP302
1567,SOC308,399,SOC336
1567,SOC308,1940,TDF303
1567,SOC308,1982,CMM318
1567,SOC308,1506,CMM315
1567,SOC308,1514,LAW313
1567,SOC308,1515,LAW313
1567,SOC308,1518,LAW313
1567,SOC308,1519,LAW313
1597,POL320,539,LAW337
1597,POL320,1065,LAW322
1597,POL320,1079,LAW313
1597,POL320,1611,ART309
1597,POL320,1105,SOC336
1597,POL320,596,PUP357
1597,POL320,1110,SOC308
1597,POL320,1631,LAW311
1597,POL320,1118,SOC336
1597,POL320,157,LAW313
1597,POL320,1711,LAW322
1597,POL320,693,CMM315
1597,POL320,1221,PUP310
1597,POL320,1736,PUP310
1597,POL320,1741,LAW313
1597,POL320,1776,ART309
1597,POL320,1780,CMM349
1597,POL320,1813,CMM374
1597,POL320,818,PUP310
1597,POL320,1853,POL331
1597,POL320,1862,CMM354
1597,POL320,1864,CMM354
1597,POL320,854,PUP357
1597,POL320,868,LAW313
1597,POL320,362,AAD333
1597,POL320,365,TDF304
1597,POL320,385,TDF304
1597,POL320,399,SOC336
1597,POL320,1940,TDF303
1597,POL320,1974,POL328
1597,POL320,1982,CMM318
1597,POL320,1506,CMM315
1597,POL320,1514,LAW313
1597,POL320,1515,LAW313
1597,POL320,1518,LAW313
1597,POL320,1519,LAW313
1611,ART309,385,TDF304
1611,ART309,1679,POL320
1611,ART309,1940,TDF303
1611,ART309,1813,CMM374
1611,ART309,157,LAW313
1611,ART309,693,CMM315
1611,ART309,1079,LAW313
1611,ART309,1853,POL331
1611,ART309,1982,CMM318
1611,ART309,1862,CMM354
1611,ART309,1741,LAW313
1611,ART309,1110,SOC308
1611,ART309,1631,LAW311
1611,ART309,1506,CMM315
1611,ART309,868,LAW313
1611,ART309,362,AAD333
1611,ART309,1514,LAW313
1611,ART309,365,TDF304
1611,ART309,1515,LAW313
1611,ART309,1518,LAW313
1611,ART309,1519,LAW313
1611,ART309,1780,CMM349
1631,LAW311,1065,LAW322
1631,LAW311,1079,LAW313
1631,LAW311,596,PUP357
1631,LAW311,1110,SOC308
1631,LAW311,1679,POL320
1631,LAW311,157,LAW313
1631,LAW311,1711,LAW322
1631,LAW311,693,CMM315
1631,LAW311,1221,PUP310
1631,LAW311,1736,PUP310
1631,LAW311,1741,LAW313
1631,LAW311,1776,ART309
1631,LAW311,1780,CMM349
1631,LAW311,1812,ACF306
1631,LAW311,1813,CMM374
1631,LAW311,818,PUP310
1631,LAW311,1853,POL331
1631,LAW311,1862,CMM354
1631,LAW311,1864,CMM354
1631,LAW311,854,PUP357
1631,LAW311,868,LAW313
1631,LAW311,362,AAD333
1631,LAW311,365,TDF304
1631,LAW311,385,TDF304
1631,LAW311,1940,TDF303
1631,LAW311,1982,CMM318
1631,LAW311,1506,CMM315
1631,LAW311,1514,LAW313
1631,LAW311,1515,LAW313
1631,LAW311,1004,ACF306
1631,LAW311,1518,LAW313
1631,LAW311,1519,LAW313
1679,POL320,539,LAW337
1679,POL320,1065,LAW322
1679,POL320,1079,LAW313
1679,POL320,1105,SOC336
1679,POL320,596,PUP357
1679,POL320,1110,SOC308
1679,POL320,1118,SOC336
1679,POL320,157,LAW313
1679,POL320,1711,LAW322
1679,POL320,693,CMM315
1679,POL320,1221,PUP310
1679,POL320,1736,PUP310
1679,POL320,1741,LAW313
1679,POL320,1776,ART309
1679,POL320,1780,CMM349
1679,POL320,1813,CMM374
1679,POL320,818,PUP310
1679,POL320,1853,POL331
1679,POL320,1862,CMM354
1679,POL320,1864,CMM354
1679,POL320,854,PUP357
1679,POL320,868,LAW313
1679,POL320,362,AAD333
1679,POL320,365,TDF304
1679,POL320,385,TDF304
1679,POL320,399,SOC336
1679,POL320,1940,TDF303
1679,POL320,1974,POL328
1679,POL320,1982,CMM318
1679,POL320,1506,CMM315
1679,POL320,1514,LAW313
1679,POL320,1515,LAW313
1679,POL320,1518,LAW313
1679,POL320,1519,LAW313
1776,ART309,385,TDF304
1776,ART309,1940,TDF303
1776,ART309,1813,CMM374
1776,ART309,157,LAW313
1776,ART309,693,CMM315
1776,ART309,1079,LAW313
1776,ART309,1853,POL331
1776,ART309,1982,CMM318
1776,ART309,1862,CMM354
1776,ART309,1864,CMM354
1776,ART309,1741,LAW313
1776,ART309,1110,SOC308
1776,ART309,1506,CMM315
1776,ART309,868,LAW313
1776,ART309,362,AAD333
1776,ART309,1514,LAW313
1776,ART309,365,TDF304
1776,ART309,1515,LAW313
1776,ART309,1518,LAW313
1776,ART309,1519,LAW313
1776,ART309,1780,CMM349
1780,CMM349,385,TDF304
1780,CMM349,1940,TDF303
1780,CMM349,1813,CMM374
1780,CMM349,157,LAW313
1780,CMM349,693,CMM315
1780,CMM349,1079,LAW313
1780,CMM349,1853,POL331
1780,CMM349,1982,CMM318
1780,CMM349,1862,CMM354
1780,CMM349,1741,LAW313
1780,CMM349,1864,CMM354
1780,CMM349,1110,SOC308
1780,CMM349,1506,CMM315
1780,CMM349,868,LAW313
1780,CMM349,362,AAD333
1780,CMM349,1514,LAW313
1780,CMM349,365,TDF304
1780,CMM349,1515,LAW313
1780,CMM349,1518,LAW313
1780,CMM349,1519,LAW313
1813,CMM374,385,TDF304
1813,CMM374,1940,TDF303
1813,CMM374,157,LAW313
1813,CMM374,693,CMM315
1813,CMM374,1079,LAW313
1813,CMM374,1208,CMM382
1813,CMM374,1853,POL331
1813,CMM374,1982,CMM318
1813,CMM374,1862,CMM354
1813,CMM374,1741,LAW313
1813,CMM374,1864,CMM354
1813,CMM374,1110,SOC308
1813,CMM374,1506,CMM315
1813,CMM374,868,LAW313
1813,CMM374,362,AAD333
1813,CMM374,1771,CMM382
1813,CMM374,1514,LAW313
1813,CMM374,365,TDF304
1813,CMM374,1515,LAW313
1813,CMM374,1518,LAW313
1813,CMM374,1519,LAW313
1853,POL331,539,LAW337
1853,POL331,1065,LAW322
1853,POL331,1079,LAW313
1853,POL331,1105,SOC336
1853,POL331,596,PUP357
1853,POL331,1110,SOC308
1853,POL331,1118,SOC336
1853,POL331,157,LAW313
1853,POL331,1711,LAW322
1853,POL331,693,CMM315
1853,POL331,1221,PUP310
1853,POL331,1736,PUP310
1853,POL331,1741,LAW313
1853,POL331,818,PUP310
1853,POL331,1862,CMM354
1853,POL331,1864,CMM354
1853,POL331,854,PUP357
1853,POL331,868,LAW313
1853,POL331,362,AAD333
1853,POL331,365,TDF304
1853,POL331,385,TDF304
1853,POL331,399,SOC336
1853,POL331,1940,TDF303
1853,POL331,1974,POL328
1853,POL331,1982,CMM318
1853,POL331,1506,CMM315
1853,POL331,1514,LAW313
1853,POL331,1515,LAW313
1853,POL331,1518,LAW313
1853,POL331,1519,LAW313
1940,TDF303,385,TDF304
1940,TDF303,157,LAW313
1940,TDF303,693,CMM315
1940,TDF303,1079,LAW313
1940,TDF303,1982,CMM318
1940,TDF303,1862,CMM354
1940,TDF303,1864,CMM354
1940,TDF303,1741,LAW313
1940,TDF303,1110,SOC308
1940,TDF303,1506,CMM315
1940,TDF303,868,LAW313
1940,TDF303,362,AAD333
1940,TDF303,1514,LAW313
1940,TDF303,365,TDF304
1940,TDF303,1515,LAW313
1940,TDF303,1518,LAW313
1940,TDF303,1519,LAW313
157,LAW313,385,TDF304
157,LAW313,1065,LAW322
157,LAW313,818,PUP310
157,LAW313,1711,LAW322
157,LAW313,693,CMM315
157,LAW313,1982,CMM318
157,LAW313,1221,PUP310
157,LAW313,1862,CMM354
157,LAW313,1864,CMM354
157,LAW313,1736,PUP310
157,LAW313,596,PUP357
157,LAW313,1110,SOC308
157,LAW313,854,PUP357
157,LAW313,1506,CMM315
157,LAW313,362,AAD333
157,LAW313,365,TDF304
365,TDF304,1110,SOC308
365,TDF304,1506,CMM315
365,TDF304,362,AAD333
365,TDF304,1514,LAW313
365,TDF304,1515,LAW313
365,TDF304,1518,LAW313
365,TDF304,1519,LAW313
385,TDF304,1110,SOC308
385,TDF304,1506,CMM315
385,TDF304,362,AAD333
385,TDF304,1514,LAW313
385,TDF304,1515,LAW313
385,TDF304,1518,LAW313
385,TDF304,1519,LAW313
693,CMM315,1208,CMM382
693,CMM315,1982,CMM318
693,CMM315,1110,SOC308
693,CMM315,362,AAD333
693,CMM315,1514,LAW313
693,CMM315,1515,LAW313
693,CMM315,1518,LAW313
693,CMM315,1519,LAW313
693,CMM315,1771,CMM382
868,LAW313,1065,LAW322
868,LAW313,818,PUP310
868,LAW313,1221,PUP310
868,LAW313,596,PUP357
868,LAW313,1110,SOC308
868,LAW313,854,PUP357
868,LAW313,1506,CMM315
868,LAW313,362,AAD333
1079,LAW313,1065,LAW322
1079,LAW313,818,PUP310
1079,LAW313,1221,PUP310
1079,LAW313,596,PUP357
1079,LAW313,1110,SOC308
1079,LAW313,854,PUP357
1079,LAW313,1506,CMM315
1079,LAW313,362,AAD333
1110,SOC308,539,LAW337
1110,SOC308,1105,SOC336
1110,SOC308,596,PUP357
1110,SOC308,1116,SOP302
1110,SOC308,1118,SOC336
1110,SOC308,1129,SOP302
1110,SOC308,128,SOP305
1110,SOC308,1221,PUP310
1110,SOC308,1736,PUP310
1110,SOC308,1741,LAW313
1110,SOC308,1261,SOP305
1110,SOC308,818,PUP310
1110,SOC308,1862,CMM354
1110,SOC308,1864,CMM354
1110,SOC308,854,PUP357
1110,SOC308,362,AAD333
1110,SOC308,397,SOP302
1110,SOC308,398,SOP302
1110,SOC308,399,SOC336
1110,SOC308,1982,CMM318
1110,SOC308,1506,CMM315
1110,SOC308,1514,LAW313
1110,SOC308,1515,LAW313
1110,SOC308,1518,LAW313
1110,SOC308,1519,LAW313
1506,CMM315,1208,CMM382
1506,CMM315,1862,CMM354
1506,CMM315,1741,LAW313
1506,CMM315,1864,CMM354
1506,CMM315,362,AAD333
1506,CMM315,1771,CMM382
1506,CMM315,1514,LAW313
1506,CMM315,1515,LAW313
1506,CMM315,1518,LAW313
1506,CMM315,1519,LAW313
1514,LAW313,1065,LAW322
1514,LAW313,818,PUP310
1514,LAW313,1711,LAW322
1514,LAW313,1982,CMM318
1514,LAW313,1221,PUP310
1514,LAW313,1862,CMM354
1514,LAW313,1864,CMM354
1514,LAW313,1736,PUP310
1514,LAW313,596,PUP357
1514,LAW313,854,PUP357
1514,LAW313,362,AAD333
1515,LAW313,1065,LAW322
1515,LAW313,818,PUP310
1515,LAW313,1711,LAW322
1515,LAW313,1982,CMM318
1515,LAW313,1221,PUP310
1515,LAW313,1862,CMM354
1515,LAW313,1864,CMM354
1515,LAW313,1736,PUP310
1515,LAW313,596,PUP357
1515,LAW313,854,PUP357
1515,LAW313,362,AAD333
1518,LAW313,1065,LAW322
1518,LAW313,818,PUP310
1518,LAW313,1711,LAW322
1518,LAW313,1982,CMM318
1518,LAW313,1221,PUP310
1518,LAW313,1862,CMM354
1518,LAW313,1864,CMM354
1518,LAW313,1736,PUP310
1518,LAW313,596,PUP357
1518,LAW313,854,PUP357
1518,LAW313,362,AAD333
1519,LAW313,1065,LAW322
1519,LAW313,818,PUP310
1519,LAW313,1711,LAW322
1519,LAW313,1982,CMM318
1519,LAW313,1221,PUP310
1519,LAW313,1862,CMM354
1519,LAW313,1864,CMM354
1519,LAW313,1736,PUP310
1519,LAW313,596,PUP357
1519,LAW313,854,PUP357
1519,LAW313,362,AAD333
1741,LAW313,1065,LAW322
1741,LAW313,818,PUP310
1741,LAW313,1221,PUP310
1741,LAW313,596,PUP357
1741,LAW313,854,PUP357
1741,LAW313,362,AAD333
1862,CMM354,362,AAD333
1864,CMM354,362,AAD333
1982,CMM318,362,AAD333
596,PUP357,128,SOP305
596,PUP357,397,SOP302
596,PUP357,398,SOP302
596,PUP357,399,SOC336
596,PUP357,653,PUP308
596,PUP357,1936,PUP356
596,PUP357,1428,PUP308
596,PUP357,539,LAW337
596,PUP357,818,PUP310
596,PUP357,1974,POL328
596,PUP357,1221,PUP310
596,PUP357,1736,PUP310
596,PUP357,1105,SOC336
596,PUP357,1108,PUP308
596,PUP357,1116,SOP302
596,PUP357,1118,SOC336
596,PUP357,742,PUP356
596,PUP357,1129,SOP302
596,PUP357,1261,SOP305
818,PUP310,128,SOP305
818,PUP310,397,SOP302
818,PUP310,398,SOP302
818,PUP310,399,SOC336
818,PUP310,653,PUP308
818,PUP310,1936,PUP356
818,PUP310,1428,PUP308
818,PUP310,539,LAW337
818,PUP310,1974,POL328
818,PUP310,1105,SOC336
818,PUP310,1108,PUP308
818,PUP310,854,PUP357
818,PUP310,1116,SOP302
818,PUP310,1118,SOC336
818,PUP310,742,PUP356
818,PUP310,1129,SOP302
818,PUP310,1261,SOP305
854,PUP357,128,SOP305
854,PUP357,397,SOP302
854,PUP357,398,SOP302
854,PUP357,399,SOC336
854,PUP357,653,PUP308
854,PUP357,1936,PUP356
854,PUP357,1428,PUP308
854,PUP357,539,LAW337
854,PUP357,1974,POL328
854,PUP357,1221,PUP310
854,PUP357,1736,PUP310
854,PUP357,1105,SOC336
854,PUP357,1108,PUP308
854,PUP357,1116,SOP302
854,PUP357,1118,SOC336
854,PUP357,742,PUP356
854,PUP357,1129,SOP302
854,PUP357,1261,SOP305
1221,PUP310,128,SOP305
1221,PUP310,397,SOP302
1221,PUP310,398,SOP302
1221,PUP310,399,SOC336
1221,PUP310,653,PUP308
1221,PUP310,1936,PUP356
1221,PUP310,1428,PUP308
1221,PUP310,539,LAW337
1221,PUP310,1974,POL328
1221,PUP310,1105,SOC336
1221,PUP310,1108,PUP308
1221,PUP310,1116,SOP302
1221,PUP310,1118,SOC336
1221,PUP310,742,PUP356
1221,PUP310,1129,SOP302
1221,PUP310,1261,SOP305
1736,PUP310,128,SOP305
1736,PUP310,1936,PUP356
1736,PUP310,1428,PUP308
1736,PUP310,539,LAW337
1736,PUP310,1974,POL328
1736,PUP310,1105,SOC336
1736,PUP310,1108,PUP308
1736,PUP310,1116,SOP302
1736,PUP310,1118,SOC336
1736,PUP310,742,PUP356
1736,PUP310,1129,SOP302
1736,PUP310,1261,SOP305
42,AAD130,44,AAD132
44,AAD132,43,AAD130
44,AAD132,364,AAD130
46,TDF505,537,TDF503
46,TDF505,1643,TDF503
46,TDF505,356,TDF503
356,TDF503,150,TDF505
537,TDF503,150,TDF505
47,FIN305,1056,FIN303
47,FIN305,1634,FIN304
47,FIN305,1636,FIN303
47,FIN305,1892,ECO341
47,FIN305,747,FIN303
47,FIN305,1202,FIN304
47,FIN305,1562,FIN306
47,FIN305,1560,FIN303
47,FIN305,1850,FIN303
47,FIN305,91,ECO332
47,FIN305,1020,ECO341
47,FIN305,158,ECO332
91,ECO332,1154,FIN305
91,ECO332,1892,ECO341
91,ECO332,1829,FIN305
91,ECO332,1830,FIN305
91,ECO332,48,FIN305
91,ECO332,1810,ACF360
91,ECO332,1206,MKT329
91,ECO332,1561,FIN305
91,ECO332,1020,ECO341
158,ECO332,1154,FIN305
158,ECO332,1892,ECO341
158,ECO332,1829,FIN305
158,ECO332,1830,FIN305
158,ECO332,48,FIN305
158,ECO332,1810,ACF360
158,ECO332,1206,MKT329
158,ECO332,1561,FIN305
158,ECO332,1020,ECO341
1020,ECO341,1154,FIN305
1020,ECO341,1829,FIN305
1020,ECO341,1830,FIN305
1020,ECO341,48,FIN305
1020,ECO341,1810,ACF360
1020,ECO341,1206,MKT329
1020,ECO341,1561,FIN305
1892,ECO341,1154,FIN305
1892,ECO341,1829,FIN305
1892,ECO341,1830,FIN305
1892,ECO341,48,FIN305
1892,ECO341,1810,ACF360
1892,ECO341,1206,MKT329
1892,ECO341,1561,FIN305
48,FIN305,1056,FIN303
48,FIN305,1634,FIN304
48,FIN305,1636,FIN303
48,FIN305,747,FIN303
48,FIN305,1202,FIN304
48,FIN305,1562,FIN306
48,FIN305,1560,FIN303
48,FIN305,1850,FIN303
1154,FIN305,1056,FIN303
1154,FIN305,1634,FIN304
1154,FIN305,1636,FIN303
1154,FIN305,747,FIN303
1154,FIN305,1202,FIN304
1154,FIN305,1562,FIN306
1154,FIN305,1560,FIN303
1154,FIN305,1850,FIN303
1561,FIN305,1056,FIN303
1561,FIN305,1634,FIN304
1561,FIN305,1636,FIN303
1561,FIN305,747,FIN303
1561,FIN305,1202,FIN304
1561,FIN305,1562,FIN306
1561,FIN305,1560,FIN303
1561,FIN305,1850,FIN303
1829,FIN305,1056,FIN303
1829,FIN305,1634,FIN304
1829,FIN305,1636,FIN303
1829,FIN305,747,FIN303
1829,FIN305,1202,FIN304
1829,FIN305,1562,FIN306
1829,FIN305,1560,FIN303
1829,FIN305,1850,FIN303
1830,FIN305,1056,FIN303
1830,FIN305,1634,FIN304
1830,FIN305,1636,FIN303
1830,FIN305,747,FIN303
1830,FIN305,1202,FIN304
1830,FIN305,1562,FIN306
1830,FIN305,1560,FIN303
1830,FIN305,1850,FIN303
747,FIN303,1634,FIN304
747,FIN303,1202,FIN304
1056,FIN303,1634,FIN304
1056,FIN303,1202,FIN304
1202,FIN304,1636,FIN303
1202,FIN304,1004,ACF306
1202,FIN304,1100,LAW338
1202,FIN304,1901,LAW338
1202,FIN304,369,LAW338
1202,FIN304,1810,ACF360
1202,FIN304,1812,ACF306
1202,FIN304,1972,LAW338
1202,FIN304,1560,FIN303
1560,FIN303,1634,FIN304
1634,FIN304,1636,FIN303
1634,FIN304,1004,ACF306
1634,FIN304,1100,LAW338
1634,FIN304,1901,LAW338
1634,FIN304,369,LAW338
1634,FIN304,1810,ACF360
1634,FIN304,1812,ACF306
1634,FIN304,1972,LAW338
49,BEN137,256,COM133
49,BEN137,257,COM133
49,BEN137,1922,COM102
49,BEN137,1923,COM102
49,BEN137,147,ARC119
49,BEN137,790,BEN133
49,BEN137,1304,COM117
49,BEN137,1306,COM109
49,BEN137,676,COM133
49,BEN137,677,COM163
49,BEN137,678,COM163
49,BEN137,679,COM163
49,BEN137,683,COM155
49,BEN137,1460,BEN136
49,BEN137,1462,BEN136
49,BEN137,1463,BEN136
49,BEN137,55,BEN134
49,BEN137,56,BEN134
49,BEN137,699,COM117
49,BEN137,1464,BEN141
49,BEN137,1846,BEN131
49,BEN137,194,DES135
49,BEN137,706,BEN138
49,BEN137,1091,ARC119
49,BEN137,1476,BEN133
49,BEN137,1478,BEN138
49,BEN137,1479,BEN138
49,BEN137,1480,BEN138
49,BEN137,1482,BEN129
49,BEN137,1483,BEN129
49,BEN137,1098,BEN133
49,BEN137,1354,COM188
49,BEN137,1355,COM102
49,BEN137,1485,BEN138
49,BEN137,1106,ARC119
49,BEN137,1107,ARC119
49,BEN137,468,BEN141
49,BEN137,469,BEN141
49,BEN137,470,BEN141
49,BEN137,728,BEN131
49,BEN137,729,BEN131
49,BEN137,730,BEN131
49,BEN137,481,BEN141
49,BEN137,1633,BEN134
49,BEN137,484,ARC120
49,BEN137,101,BEN129
49,BEN137,1637,BEN136
49,BEN137,999,BEN131
49,BEN137,744,BEN136
49,BEN137,488,ARC119
49,BEN137,1638,COM109
49,BEN137,491,ARC120
49,BEN137,1639,COM109
49,BEN137,1765,COM188
49,BEN137,1777,COM155
49,BEN137,1778,COM155
49,BEN137,1013,BEN136
49,BEN137,1017,BEN131
49,BEN137,1279,BEN136
101,BEN129,228,BEN137
101,BEN129,1637,BEN136
101,BEN129,744,BEN136
101,BEN129,1481,BEN137
101,BEN129,50,BEN137
101,BEN129,660,BEN137
101,BEN129,1013,BEN136
101,BEN129,1460,BEN136
101,BEN129,1463,BEN136
101,BEN129,1462,BEN136
101,BEN129,1279,BEN136
744,BEN136,256,COM133
744,BEN136,257,COM133
744,BEN136,1922,COM102
744,BEN136,1923,COM102
744,BEN136,1423,BEN130
744,BEN136,400,BEN139
744,BEN136,147,ARC119
744,BEN136,660,BEN137
744,BEN136,790,BEN133
744,BEN136,1304,COM117
744,BEN136,1306,COM109
744,BEN136,676,COM133
744,BEN136,677,COM163
744,BEN136,678,COM163
744,BEN136,679,COM163
744,BEN136,683,COM155
744,BEN136,50,BEN137
744,BEN136,1846,BEN131
744,BEN136,55,BEN134
744,BEN136,56,BEN134
744,BEN136,1464,BEN141
744,BEN136,699,COM117
744,BEN136,695,BEN139
744,BEN136,63,BEN130
744,BEN136,64,BEN130
744,BEN136,194,DES135
744,BEN136,706,BEN138
744,BEN136,1091,ARC119
744,BEN136,1476,BEN133
744,BEN136,1478,BEN138
744,BEN136,1479,BEN138
744,BEN136,1480,BEN138
744,BEN136,1481,BEN137
744,BEN136,1482,BEN129
744,BEN136,1483,BEN129
744,BEN136,1098,BEN133
744,BEN136,1354,COM188
744,BEN136,1355,COM102
744,BEN136,1485,BEN138
744,BEN136,1106,ARC119
744,BEN136,1107,ARC119
744,BEN136,468,BEN141
744,BEN136,469,BEN141
744,BEN136,470,BEN141
744,BEN136,728,BEN131
744,BEN136,729,BEN131
744,BEN136,730,BEN131
744,BEN136,217,BEN139
744,BEN136,481,BEN141
744,BEN136,1633,BEN134
744,BEN136,228,BEN137
744,BEN136,484,ARC120
744,BEN136,999,BEN131
744,BEN136,488,ARC119
744,BEN136,1638,COM109
744,BEN136,1639,COM109
744,BEN136,491,ARC120
744,BEN136,1765,COM188
744,BEN136,624,BEN130
744,BEN136,1777,COM155
744,BEN136,1778,COM155
744,BEN136,1017,BEN131
1013,BEN136,256,COM133
1013,BEN136,257,COM133
1013,BEN136,1922,COM102
1013,BEN136,1923,COM102
1013,BEN136,1423,BEN130
1013,BEN136,400,BEN139
1013,BEN136,147,ARC119
1013,BEN136,660,BEN137
1013,BEN136,790,BEN133
1013,BEN136,1304,COM117
1013,BEN136,1306,COM109
1013,BEN136,676,COM133
1013,BEN136,677,COM163
1013,BEN136,678,COM163
1013,BEN136,679,COM163
1013,BEN136,683,COM155
1013,BEN136,50,BEN137
1013,BEN136,1846,BEN131
1013,BEN136,55,BEN134
1013,BEN136,56,BEN134
1013,BEN136,1464,BEN141
1013,BEN136,699,COM117
1013,BEN136,695,BEN139
1013,BEN136,63,BEN130
1013,BEN136,64,BEN130
1013,BEN136,194,DES135
1013,BEN136,706,BEN138
1013,BEN136,1091,ARC119
1013,BEN136,1476,BEN133
1013,BEN136,1478,BEN138
1013,BEN136,1479,BEN138
1013,BEN136,1480,BEN138
1013,BEN136,1481,BEN137
1013,BEN136,1482,BEN129
1013,BEN136,1483,BEN129
1013,BEN136,1098,BEN133
1013,BEN136,1354,COM188
1013,BEN136,1355,COM102
1013,BEN136,1485,BEN138
1013,BEN136,1106,ARC119
1013,BEN136,1107,ARC119
1013,BEN136,468,BEN141
1013,BEN136,469,BEN141
1013,BEN136,470,BEN141
1013,BEN136,728,BEN131
1013,BEN136,729,BEN131
1013,BEN136,730,BEN131
1013,BEN136,217,BEN139
1013,BEN136,481,BEN141
1013,BEN136,1633,BEN134
1013,BEN136,228,BEN137
1013,BEN136,484,ARC120
1013,BEN136,999,BEN131
1013,BEN136,488,ARC119
1013,BEN136,1638,COM109
1013,BEN136,1639,COM109
1013,BEN136,491,ARC120
1013,BEN136,1765,COM188
1013,BEN136,624,BEN130
1013,BEN136,1777,COM155
1013,BEN136,1778,COM155
1013,BEN136,1017,BEN131
1279,BEN136,256,COM133
1279,BEN136,257,COM133
1279,BEN136,1922,COM102
1279,BEN136,1923,COM102
1279,BEN136,1423,BEN130
1279,BEN136,400,BEN139
1279,BEN136,147,ARC119
1279,BEN136,660,BEN137
1279,BEN136,790,BEN133
1279,BEN136,1304,COM117
1279,BEN136,1306,COM109
1279,BEN136,676,COM133
1279,BEN136,677,COM163
1279,BEN136,678,COM163
1279,BEN136,679,COM163
1279,BEN136,683,COM155
1279,BEN136,50,BEN137
1279,BEN136,1846,BEN131
1279,BEN136,55,BEN134
1279,BEN136,56,BEN134
1279,BEN136,1464,BEN141
1279,BEN136,699,COM117
1279,BEN136,695,BEN139
1279,BEN136,63,BEN130
1279,BEN136,64,BEN130
1279,BEN136,194,DES135
1279,BEN136,706,BEN138
1279,BEN136,1091,ARC119
1279,BEN136,1476,BEN133
1279,BEN136,1478,BEN138
1279,BEN136,1479,BEN138
1279,BEN136,1480,BEN138
1279,BEN136,1481,BEN137
1279,BEN136,1482,BEN129
1279,BEN136,1483,BEN129
1279,BEN136,1098,BEN133
1279,BEN136,1354,COM188
1279,BEN136,1355,COM102
1279,BEN136,1485,BEN138
1279,BEN136,1106,ARC119
1279,BEN136,1107,ARC119
1279,BEN136,468,BEN141
1279,BEN136,469,BEN141
1279,BEN136,470,BEN141
1279,BEN136,728,BEN131
1279,BEN136,729,BEN131
1279,BEN136,730,BEN131
1279,BEN136,217,BEN139
1279,BEN136,481,BEN141
1279,BEN136,1633,BEN134
1279,BEN136,228,BEN137
1279,BEN136,484,ARC120
1279,BEN136,999,BEN131
1279,BEN136,488,ARC119
1279,BEN136,1638,COM109
1279,BEN136,1639,COM109
1279,BEN136,491,ARC120
1279,BEN136,1765,COM188
1279,BEN136,624,BEN130
1279,BEN136,1777,COM155
1279,BEN136,1778,COM155
1279,BEN136,1017,BEN131
1460,BEN136,256,COM133
1460,BEN136,257,COM133
1460,BEN136,1922,COM102
1460,BEN136,1923,COM102
1460,BEN136,1423,BEN130
1460,BEN136,400,BEN139
1460,BEN136,147,ARC119
1460,BEN136,660,BEN137
1460,BEN136,790,BEN133
1460,BEN136,1304,COM117
1460,BEN136,1306,COM109
1460,BEN136,676,COM133
1460,BEN136,677,COM163
1460,BEN136,678,COM163
1460,BEN136,679,COM163
1460,BEN136,683,COM155
1460,BEN136,50,BEN137
1460,BEN136,1846,BEN131
1460,BEN136,55,BEN134
1460,BEN136,56,BEN134
1460,BEN136,1464,BEN141
1460,BEN136,699,COM117
1460,BEN136,695,BEN139
1460,BEN136,63,BEN130
1460,BEN136,64,BEN130
1460,BEN136,194,DES135
1460,BEN136,706,BEN138
1460,BEN136,1091,ARC119
1460,BEN136,1476,BEN133
1460,BEN136,1478,BEN138
1460,BEN136,1479,BEN138
1460,BEN136,1480,BEN138
1460,BEN136,1481,BEN137
1460,BEN136,1482,BEN129
1460,BEN136,1483,BEN129
1460,BEN136,1098,BEN133
1460,BEN136,1354,COM188
1460,BEN136,1355,COM102
1460,BEN136,1485,BEN138
1460,BEN136,1106,ARC119
1460,BEN136,1107,ARC119
1460,BEN136,468,BEN141
1460,BEN136,469,BEN141
1460,BEN136,470,BEN141
1460,BEN136,728,BEN131
1460,BEN136,729,BEN131
1460,BEN136,730,BEN131
1460,BEN136,217,BEN139
1460,BEN136,481,BEN141
1460,BEN136,1633,BEN134
1460,BEN136,228,BEN137
1460,BEN136,484,ARC120
1460,BEN136,999,BEN131
1460,BEN136,488,ARC119
1460,BEN136,1638,COM109
1460,BEN136,1639,COM109
1460,BEN136,491,ARC120
1460,BEN136,1765,COM188
1460,BEN136,624,BEN130
1460,BEN136,1777,COM155
1460,BEN136,1778,COM155
1460,BEN136,1017,BEN131
1462,BEN136,256,COM133
1462,BEN136,257,COM133
1462,BEN136,1922,COM102
1462,BEN136,1923,COM102
1462,BEN136,1423,BEN130
1462,BEN136,400,BEN139
1462,BEN136,147,ARC119
1462,BEN136,660,BEN137
1462,BEN136,790,BEN133
1462,BEN136,1304,COM117
1462,BEN136,1306,COM109
1462,BEN136,676,COM133
1462,BEN136,677,COM163
1462,BEN136,678,COM163
1462,BEN136,679,COM163
1462,BEN136,683,COM155
1462,BEN136,50,BEN137
1462,BEN136,1846,BEN131
1462,BEN136,55,BEN134
1462,BEN136,56,BEN134
1462,BEN136,1464,BEN141
1462,BEN136,699,COM117
1462,BEN136,695,BEN139
1462,BEN136,63,BEN130
1462,BEN136,64,BEN130
1462,BEN136,194,DES135
1462,BEN136,706,BEN138
1462,BEN136,1091,ARC119
1462,BEN136,1476,BEN133
1462,BEN136,1478,BEN138
1462,BEN136,1479,BEN138
1462,BEN136,1480,BEN138
1462,BEN136,1481,BEN137
1462,BEN136,1482,BEN129
1462,BEN136,1483,BEN129
1462,BEN136,1098,BEN133
1462,BEN136,1354,COM188
1462,BEN136,1355,COM102
1462,BEN136,1485,BEN138
1462,BEN136,1106,ARC119
1462,BEN136,1107,ARC119
1462,BEN136,468,BEN141
1462,BEN136,469,BEN141
1462,BEN136,470,BEN141
1462,BEN136,728,BEN131
1462,BEN136,729,BEN131
1462,BEN136,730,BEN131
1462,BEN136,217,BEN139
1462,BEN136,481,BEN141
1462,BEN136,1633,BEN134
1462,BEN136,228,BEN137
1462,BEN136,484,ARC120
1462,BEN136,999,BEN131
1462,BEN136,488,ARC119
1462,BEN136,1638,COM109
1462,BEN136,1639,COM109
1462,BEN136,491,ARC120
1462,BEN136,1765,COM188
1462,BEN136,624,BEN130
1462,BEN136,1777,COM155
1462,BEN136,1778,COM155
1462,BEN136,1017,BEN131
1463,BEN136,256,COM133
1463,BEN136,257,COM133
1463,BEN136,1922,COM102
1463,BEN136,1923,COM102
1463,BEN136,1423,BEN130
1463,BEN136,400,BEN139
1463,BEN136,147,ARC119
1463,BEN136,660,BEN137
1463,BEN136,790,BEN133
1463,BEN136,1304,COM117
1463,BEN136,1306,COM109
1463,BEN136,676,COM133
1463,BEN136,677,COM163
1463,BEN136,678,COM163
1463,BEN136,679,COM163
1463,BEN136,683,COM155
1463,BEN136,50,BEN137
1463,BEN136,1846,BEN131
1463,BEN136,55,BEN134
1463,BEN136,56,BEN134
1463,BEN136,1464,BEN141
1463,BEN136,699,COM117
1463,BEN136,695,BEN139
1463,BEN136,63,BEN130
1463,BEN136,64,BEN130
1463,BEN136,194,DES135
1463,BEN136,706,BEN138
1463,BEN136,1091,ARC119
1463,BEN136,1476,BEN133
1463,BEN136,1478,BEN138
1463,BEN136,1479,BEN138
1463,BEN136,1480,BEN138
1463,BEN136,1481,BEN137
1463,BEN136,1482,BEN129
1463,BEN136,1483,BEN129
1463,BEN136,1098,BEN133
1463,BEN136,1354,COM188
1463,BEN136,1355,COM102
1463,BEN136,1485,BEN138
1463,BEN136,1106,ARC119
1463,BEN136,1107,ARC119
1463,BEN136,468,BEN141
1463,BEN136,469,BEN141
1463,BEN136,470,BEN141
1463,BEN136,728,BEN131
1463,BEN136,729,BEN131
1463,BEN136,730,BEN131
1463,BEN136,217,BEN139
1463,BEN136,481,BEN141
1463,BEN136,1633,BEN134
1463,BEN136,228,BEN137
1463,BEN136,484,ARC120
1463,BEN136,999,BEN131
1463,BEN136,488,ARC119
1463,BEN136,1638,COM109
1463,BEN136,1639,COM109
1463,BEN136,491,ARC120
1463,BEN136,1765,COM188
1463,BEN136,624,BEN130
1463,BEN136,1777,COM155
1463,BEN136,1778,COM155
1463,BEN136,1017,BEN131
1482,BEN129,228,BEN137
1482,BEN129,1637,BEN136
1482,BEN129,1481,BEN137
1482,BEN129,50,BEN137
1483,BEN129,228,BEN137
1483,BEN129,1637,BEN136
1483,BEN129,1481,BEN137
1483,BEN129,50,BEN137
1637,BEN136,256,COM133
1637,BEN136,257,COM133
1637,BEN136,1922,COM102
1637,BEN136,1923,COM102
1637,BEN136,1423,BEN130
1637,BEN136,400,BEN139
1637,BEN136,147,ARC119
1637,BEN136,660,BEN137
1637,BEN136,790,BEN133
1637,BEN136,1304,COM117
1637,BEN136,1306,COM109
1637,BEN136,676,COM133
1637,BEN136,677,COM163
1637,BEN136,678,COM163
1637,BEN136,679,COM163
1637,BEN136,683,COM155
1637,BEN136,50,BEN137
1637,BEN136,1846,BEN131
1637,BEN136,55,BEN134
1637,BEN136,56,BEN134
1637,BEN136,1464,BEN141
1637,BEN136,699,COM117
1637,BEN136,695,BEN139
1637,BEN136,63,BEN130
1637,BEN136,64,BEN130
1637,BEN136,194,DES135
1637,BEN136,706,BEN138
1637,BEN136,1091,ARC119
1637,BEN136,1476,BEN133
1637,BEN136,1478,BEN138
1637,BEN136,1479,BEN138
1637,BEN136,1480,BEN138
1637,BEN136,1481,BEN137
1637,BEN136,1098,BEN133
1637,BEN136,1354,COM188
1637,BEN136,1355,COM102
1637,BEN136,1485,BEN138
1637,BEN136,1106,ARC119
1637,BEN136,1107,ARC119
1637,BEN136,468,BEN141
1637,BEN136,469,BEN141
1637,BEN136,470,BEN141
1637,BEN136,728,BEN131
1637,BEN136,729,BEN131
1637,BEN136,730,BEN131
1637,BEN136,217,BEN139
1637,BEN136,481,BEN141
1637,BEN136,1633,BEN134
1637,BEN136,228,BEN137
1637,BEN136,484,ARC120
1637,BEN136,999,BEN131
1637,BEN136,488,ARC119
1637,BEN136,1638,COM109
1637,BEN136,1639,COM109
1637,BEN136,491,ARC120
1637,BEN136,1765,COM188
1637,BEN136,624,BEN130
1637,BEN136,1777,COM155
1637,BEN136,1778,COM155
1637,BEN136,1017,BEN131
50,BEN137,256,COM133
50,BEN137,257,COM133
50,BEN137,1922,COM102
50,BEN137,1923,COM102
50,BEN137,147,ARC119
50,BEN137,790,BEN133
50,BEN137,1304,COM117
50,BEN137,1306,COM109
50,BEN137,676,COM133
50,BEN137,677,COM163
50,BEN137,678,COM163
50,BEN137,679,COM163
50,BEN137,683,COM155
50,BEN137,55,BEN134
50,BEN137,56,BEN134
50,BEN137,699,COM117
50,BEN137,1464,BEN141
50,BEN137,1846,BEN131
50,BEN137,194,DES135
50,BEN137,706,BEN138
50,BEN137,1091,ARC119
50,BEN137,1476,BEN133
50,BEN137,1478,BEN138
50,BEN137,1479,BEN138
50,BEN137,1480,BEN138
50,BEN137,1098,BEN133
50,BEN137,1354,COM188
50,BEN137,1355,COM102
50,BEN137,1485,BEN138
50,BEN137,1106,ARC119
50,BEN137,1107,ARC119
50,BEN137,468,BEN141
50,BEN137,469,BEN141
50,BEN137,470,BEN141
50,BEN137,728,BEN131
50,BEN137,729,BEN131
50,BEN137,730,BEN131
50,BEN137,481,BEN141
50,BEN137,1633,BEN134
50,BEN137,484,ARC120
50,BEN137,999,BEN131
50,BEN137,488,ARC119
50,BEN137,1638,COM109
50,BEN137,491,ARC120
50,BEN137,1639,COM109
50,BEN137,1765,COM188
50,BEN137,1777,COM155
50,BEN137,1778,COM155
50,BEN137,1017,BEN131
228,BEN137,256,COM133
228,BEN137,257,COM133
228,BEN137,1922,COM102
228,BEN137,1923,COM102
228,BEN137,147,ARC119
228,BEN137,790,BEN133
228,BEN137,1304,COM117
228,BEN137,1306,COM109
228,BEN137,676,COM133
228,BEN137,677,COM163
228,BEN137,678,COM163
228,BEN137,679,COM163
228,BEN137,683,COM155
228,BEN137,55,BEN134
228,BEN137,56,BEN134
228,BEN137,699,COM117
228,BEN137,1464,BEN141
228,BEN137,1846,BEN131
228,BEN137,194,DES135
228,BEN137,706,BEN138
228,BEN137,1091,ARC119
228,BEN137,1476,BEN133
228,BEN137,1478,BEN138
228,BEN137,1479,BEN138
228,BEN137,1480,BEN138
228,BEN137,1098,BEN133
228,BEN137,1354,COM188
228,BEN137,1355,COM102
228,BEN137,1485,BEN138
228,BEN137,1106,ARC119
228,BEN137,1107,ARC119
228,BEN137,468,BEN141
228,BEN137,469,BEN141
228,BEN137,470,BEN141
228,BEN137,481,BEN141
228,BEN137,1633,BEN134
228,BEN137,484,ARC120
228,BEN137,999,BEN131
228,BEN137,488,ARC119
228,BEN137,1638,COM109
228,BEN137,491,ARC120
228,BEN137,1639,COM109
228,BEN137,1765,COM188
228,BEN137,1777,COM155
228,BEN137,1778,COM155
228,BEN137,1017,BEN131
660,BEN137,256,COM133
660,BEN137,257,COM133
660,BEN137,1922,COM102
660,BEN137,1923,COM102
660,BEN137,790,BEN133
660,BEN137,1304,COM117
660,BEN137,1306,COM109
660,BEN137,676,COM133
660,BEN137,677,COM163
660,BEN137,678,COM163
660,BEN137,679,COM163
660,BEN137,683,COM155
660,BEN137,55,BEN134
660,BEN137,56,BEN134
660,BEN137,1464,BEN141
660,BEN137,699,COM117
660,BEN137,1846,BEN131
660,BEN137,194,DES135
660,BEN137,706,BEN138
660,BEN137,1091,ARC119
660,BEN137,1478,BEN138
660,BEN137,1479,BEN138
660,BEN137,1480,BEN138
660,BEN137,1098,BEN133
660,BEN137,1354,COM188
660,BEN137,1355,COM102
660,BEN137,1485,BEN138
660,BEN137,1106,ARC119
660,BEN137,470,BEN141
660,BEN137,1633,BEN134
660,BEN137,484,ARC120
660,BEN137,999,BEN131
660,BEN137,1638,COM109
660,BEN137,1639,COM109
660,BEN137,491,ARC120
660,BEN137,1765,COM188
660,BEN137,1777,COM155
660,BEN137,1778,COM155
1481,BEN137,256,COM133
1481,BEN137,257,COM133
1481,BEN137,1922,COM102
1481,BEN137,1923,COM102
1481,BEN137,790,BEN133
1481,BEN137,1304,COM117
1481,BEN137,1306,COM109
1481,BEN137,676,COM133
1481,BEN137,677,COM163
1481,BEN137,678,COM163
1481,BEN137,679,COM163
1481,BEN137,683,COM155
1481,BEN137,55,BEN134
1481,BEN137,56,BEN134
1481,BEN137,699,COM117
1481,BEN137,1464,BEN141
1481,BEN137,1846,BEN131
1481,BEN137,194,DES135
1481,BEN137,706,BEN138
1481,BEN137,1091,ARC119
1481,BEN137,1476,BEN133
1481,BEN137,1478,BEN138
1481,BEN137,1479,BEN138
1481,BEN137,1480,BEN138
1481,BEN137,1098,BEN133
1481,BEN137,1354,COM188
1481,BEN137,1355,COM102
1481,BEN137,1485,BEN138
1481,BEN137,1106,ARC119
1481,BEN137,1107,ARC119
1481,BEN137,469,BEN141
1481,BEN137,470,BEN141
1481,BEN137,728,BEN131
1481,BEN137,729,BEN131
1481,BEN137,730,BEN131
1481,BEN137,481,BEN141
1481,BEN137,1633,BEN134
1481,BEN137,484,ARC120
1481,BEN137,999,BEN131
1481,BEN137,488,ARC119
1481,BEN137,1638,COM109
1481,BEN137,491,ARC120
1481,BEN137,1639,COM109
1481,BEN137,1765,COM188
1481,BEN137,1777,COM155
1481,BEN137,1778,COM155
1481,BEN137,1017,BEN131
55,BEN134,63,BEN130
55,BEN134,64,BEN130
55,BEN134,1091,ARC119
55,BEN134,1098,BEN133
55,BEN134,1106,ARC119
55,BEN134,1107,ARC119
55,BEN134,1119,BEN140
55,BEN134,1120,BEN140
55,BEN134,1638,COM109
55,BEN134,1639,COM109
55,BEN134,624,BEN130
55,BEN134,627,BEN140
55,BEN134,147,ARC119
55,BEN134,659,BEN140
55,BEN134,676,COM133
55,BEN134,677,COM163
55,BEN134,678,COM163
55,BEN134,679,COM163
55,BEN134,1189,BEN147
55,BEN134,1190,BEN147
55,BEN134,683,COM155
55,BEN134,179,BEN147
55,BEN134,180,BEN147
55,BEN134,699,COM117
55,BEN134,194,DES135
55,BEN134,706,BEN138
55,BEN134,728,BEN131
55,BEN134,729,BEN131
55,BEN134,730,BEN131
55,BEN134,1765,COM188
55,BEN134,1777,COM155
55,BEN134,1778,COM155
55,BEN134,757,BEN140
55,BEN134,256,COM133
55,BEN134,257,COM133
55,BEN134,790,BEN133
55,BEN134,1304,COM117
55,BEN134,1306,COM109
55,BEN134,1846,BEN131
55,BEN134,1354,COM188
55,BEN134,1355,COM102
55,BEN134,1922,COM102
55,BEN134,1923,COM102
55,BEN134,1423,BEN130
55,BEN134,1464,BEN141
55,BEN134,1465,BEN143
55,BEN134,1476,BEN133
55,BEN134,1478,BEN138
55,BEN134,1479,BEN138
55,BEN134,1480,BEN138
55,BEN134,1485,BEN138
55,BEN134,463,BEN143
55,BEN134,464,BEN143
55,BEN134,468,BEN141
55,BEN134,469,BEN141
55,BEN134,470,BEN141
55,BEN134,481,BEN141
55,BEN134,484,ARC120
55,BEN134,999,BEN131
55,BEN134,488,ARC119
55,BEN134,491,ARC120
55,BEN134,1017,BEN131
56,BEN134,63,BEN130
56,BEN134,64,BEN130
56,BEN134,1091,ARC119
56,BEN134,1098,BEN133
56,BEN134,1106,ARC119
56,BEN134,1107,ARC119
56,BEN134,1119,BEN140
56,BEN134,1120,BEN140
56,BEN134,1638,COM109
56,BEN134,1639,COM109
56,BEN134,624,BEN130
56,BEN134,627,BEN140
56,BEN134,147,ARC119
56,BEN134,659,BEN140
56,BEN134,676,COM133
56,BEN134,677,COM163
56,BEN134,678,COM163
56,BEN134,679,COM163
56,BEN134,1189,BEN147
56,BEN134,1190,BEN147
56,BEN134,683,COM155
56,BEN134,179,BEN147
56,BEN134,180,BEN147
56,BEN134,699,COM117
56,BEN134,194,DES135
56,BEN134,706,BEN138
56,BEN134,728,BEN131
56,BEN134,729,BEN131
56,BEN134,730,BEN131
56,BEN134,1765,COM188
56,BEN134,1777,COM155
56,BEN134,1778,COM155
56,BEN134,757,BEN140
56,BEN134,256,COM133
56,BEN134,257,COM133
56,BEN134,790,BEN133
56,BEN134,1304,COM117
56,BEN134,1306,COM109
56,BEN134,1846,BEN131
56,BEN134,1354,COM188
56,BEN134,1355,COM102
56,BEN134,1922,COM102
56,BEN134,1923,COM102
56,BEN134,1423,BEN130
56,BEN134,1464,BEN141
56,BEN134,1465,BEN143
56,BEN134,1476,BEN133
56,BEN134,1478,BEN138
56,BEN134,1479,BEN138
56,BEN134,1480,BEN138
56,BEN134,1485,BEN138
56,BEN134,463,BEN143
56,BEN134,464,BEN143
56,BEN134,468,BEN141
56,BEN134,469,BEN141
56,BEN134,470,BEN141
56,BEN134,481,BEN141
56,BEN134,484,ARC120
56,BEN134,999,BEN131
56,BEN134,488,ARC119
56,BEN134,491,ARC120
56,BEN134,1017,BEN131
147,ARC119,256,COM133
147,ARC119,257,COM133
147,ARC119,1922,COM102
147,ARC119,1923,COM102
147,ARC119,790,BEN133
147,ARC119,1304,COM117
147,ARC119,1306,COM109
147,ARC119,676,COM133
147,ARC119,677,COM163
147,ARC119,678,COM163
147,ARC119,679,COM163
147,ARC119,683,COM155
147,ARC119,1464,BEN141
147,ARC119,699,COM117
147,ARC119,194,DES135
147,ARC119,706,BEN138
147,ARC119,1478,BEN138
147,ARC119,1098,BEN133
147,ARC119,1354,COM188
147,ARC119,1355,COM102
147,ARC119,468,BEN141
147,ARC119,470,BEN141
147,ARC119,1633,BEN134
147,ARC119,484,ARC120
147,ARC119,999,BEN131
147,ARC119,1638,COM109
147,ARC119,1639,COM109
147,ARC119,491,ARC120
147,ARC119,1765,COM188
147,ARC119,1777,COM155
147,ARC119,1778,COM155
147,ARC119,1017,BEN131
194,DES135,256,COM133
194,DES135,257,COM133
194,DES135,1922,COM102
194,DES135,1923,COM102
194,DES135,790,BEN133
194,DES135,1304,COM117
194,DES135,1306,COM109
194,DES135,676,COM133
194,DES135,677,COM163
194,DES135,678,COM163
194,DES135,679,COM163
194,DES135,683,COM155
194,DES135,699,COM117
194,DES135,1464,BEN141
194,DES135,1846,BEN131
194,DES135,706,BEN138
194,DES135,1091,ARC119
194,DES135,1476,BEN133
194,DES135,195,DES146
194,DES135,1478,BEN138
194,DES135,1479,BEN138
194,DES135,1480,BEN138
194,DES135,1098,BEN133
194,DES135,1354,COM188
194,DES135,1355,COM102
194,DES135,1485,BEN138
194,DES135,1106,ARC119
194,DES135,1107,ARC119
194,DES135,468,BEN141
194,DES135,469,BEN141
194,DES135,470,BEN141
194,DES135,728,BEN131
194,DES135,729,BEN131
194,DES135,730,BEN131
194,DES135,481,BEN141
194,DES135,1633,BEN134
194,DES135,484,ARC120
194,DES135,999,BEN131
194,DES135,488,ARC119
194,DES135,1638,COM109
194,DES135,491,ARC120
194,DES135,1639,COM109
194,DES135,1765,COM188
194,DES135,1777,COM155
194,DES135,1778,COM155
194,DES135,1017,BEN131
256,COM133,1922,COM102
256,COM133,1923,COM102
256,COM133,790,BEN133
256,COM133,1304,COM117
256,COM133,1306,COM109
256,COM133,677,COM163
256,COM133,678,COM163
256,COM133,679,COM163
256,COM133,683,COM155
256,COM133,699,COM117
256,COM133,1464,BEN141
256,COM133,1846,BEN131
256,COM133,706,BEN138
256,COM133,1091,ARC119
256,COM133,1476,BEN133
256,COM133,1478,BEN138
256,COM133,1479,BEN138
256,COM133,1480,BEN138
256,COM133,1098,BEN133
256,COM133,1354,COM188
256,COM133,1355,COM102
256,COM133,1485,BEN138
256,COM133,1106,ARC119
256,COM133,1107,ARC119
256,COM133,468,BEN141
256,COM133,469,BEN141
256,COM133,470,BEN141
256,COM133,728,BEN131
256,COM133,729,BEN131
256,COM133,730,BEN131
256,COM133,481,BEN141
256,COM133,1633,BEN134
256,COM133,484,ARC120
256,COM133,999,BEN131
256,COM133,488,ARC119
256,COM133,1638,COM109
256,COM133,491,ARC120
256,COM133,1639,COM109
256,COM133,1765,COM188
256,COM133,1777,COM155
256,COM133,1778,COM155
256,COM133,1017,BEN131
257,COM133,1922,COM102
257,COM133,1923,COM102
257,COM133,790,BEN133
257,COM133,1304,COM117
257,COM133,1306,COM109
257,COM133,677,COM163
257,COM133,678,COM163
257,COM133,679,COM163
257,COM133,683,COM155
257,COM133,699,COM117
257,COM133,1464,BEN141
257,COM133,1846,BEN131
257,COM133,706,BEN138
257,COM133,1091,ARC119
257,COM133,1476,BEN133
257,COM133,1478,BEN138
257,COM133,1479,BEN138
257,COM133,1480,BEN138
257,COM133,1098,BEN133
257,COM133,1354,COM188
257,COM133,1355,COM102
257,COM133,1485,BEN138
257,COM133,1106,ARC119
257,COM133,1107,ARC119
257,COM133,468,BEN141
257,COM133,469,BEN141
257,COM133,470,BEN141
257,COM133,728,BEN131
257,COM133,729,BEN131
257,COM133,730,BEN131
257,COM133,481,BEN141
257,COM133,1633,BEN134
257,COM133,484,ARC120
257,COM133,999,BEN131
257,COM133,488,ARC119
257,COM133,1638,COM109
257,COM133,491,ARC120
257,COM133,1639,COM109
257,COM133,1765,COM188
257,COM133,1777,COM155
257,COM133,1778,COM155
257,COM133,1017,BEN131
468,BEN141,1922,COM102
468,BEN141,1923,COM102
468,BEN141,790,BEN133
468,BEN141,1304,COM117
468,BEN141,1306,COM109
468,BEN141,676,COM133
468,BEN141,677,COM163
468,BEN141,678,COM163
468,BEN141,679,COM163
468,BEN141,683,COM155
468,BEN141,699,COM117
468,BEN141,706,BEN138
468,BEN141,1091,ARC119
468,BEN141,1478,BEN138
468,BEN141,1098,BEN133
468,BEN141,1354,COM188
468,BEN141,1355,COM102
468,BEN141,1106,ARC119
468,BEN141,1633,BEN134
468,BEN141,484,ARC120
468,BEN141,999,BEN131
468,BEN141,488,ARC119
468,BEN141,1638,COM109
468,BEN141,491,ARC120
468,BEN141,1639,COM109
468,BEN141,1765,COM188
468,BEN141,1777,COM155
468,BEN141,1778,COM155
468,BEN141,1017,BEN131
469,BEN141,1922,COM102
469,BEN141,1923,COM102
469,BEN141,790,BEN133
469,BEN141,1304,COM117
469,BEN141,1306,COM109
469,BEN141,676,COM133
469,BEN141,677,COM163
469,BEN141,678,COM163
469,BEN141,679,COM163
469,BEN141,683,COM155
469,BEN141,699,COM117
469,BEN141,706,BEN138
469,BEN141,1091,ARC119
469,BEN141,1476,BEN133
469,BEN141,1478,BEN138
469,BEN141,1479,BEN138
469,BEN141,1480,BEN138
469,BEN141,1098,BEN133
469,BEN141,1354,COM188
469,BEN141,1355,COM102
469,BEN141,1485,BEN138
469,BEN141,1106,ARC119
469,BEN141,728,BEN131
469,BEN141,729,BEN131
469,BEN141,730,BEN131
469,BEN141,1633,BEN134
469,BEN141,484,ARC120
469,BEN141,999,BEN131
469,BEN141,488,ARC119
469,BEN141,1638,COM109
469,BEN141,491,ARC120
469,BEN141,1639,COM109
469,BEN141,1765,COM188
469,BEN141,1777,COM155
469,BEN141,1778,COM155
469,BEN141,1017,BEN131
470,BEN141,1922,COM102
470,BEN141,1923,COM102
470,BEN141,790,BEN133
470,BEN141,1304,COM117
470,BEN141,1306,COM109
470,BEN141,676,COM133
470,BEN141,677,COM163
470,BEN141,678,COM163
470,BEN141,679,COM163
470,BEN141,683,COM155
470,BEN141,699,COM117
470,BEN141,1846,BEN131
470,BEN141,706,BEN138
470,BEN141,1091,ARC119
470,BEN141,1476,BEN133
470,BEN141,1478,BEN138
470,BEN141,1479,BEN138
470,BEN141,1480,BEN138
470,BEN141,1098,BEN133
470,BEN141,1354,COM188
470,BEN141,1355,COM102
470,BEN141,1485,BEN138
470,BEN141,1106,ARC119
470,BEN141,1107,ARC119
470,BEN141,728,BEN131
470,BEN141,729,BEN131
470,BEN141,730,BEN131
470,BEN141,1633,BEN134
470,BEN141,484,ARC120
470,BEN141,999,BEN131
470,BEN141,488,ARC119
470,BEN141,1638,COM109
470,BEN141,491,ARC120
470,BEN141,1639,COM109
470,BEN141,1765,COM188
470,BEN141,1777,COM155
470,BEN141,1778,COM155
470,BEN141,1017,BEN131
481,BEN141,1922,COM102
481,BEN141,1923,COM102
481,BEN141,790,BEN133
481,BEN141,1304,COM117
481,BEN141,1306,COM109
481,BEN141,676,COM133
481,BEN141,677,COM163
481,BEN141,678,COM163
481,BEN141,679,COM163
481,BEN141,683,COM155
481,BEN141,699,COM117
481,BEN141,706,BEN138
481,BEN141,1091,ARC119
481,BEN141,1478,BEN138
481,BEN141,1479,BEN138
481,BEN141,1480,BEN138
481,BEN141,1098,BEN133
481,BEN141,1354,COM188
481,BEN141,1355,COM102
481,BEN141,1485,BEN138
481,BEN141,1106,ARC119
481,BEN141,1633,BEN134
481,BEN141,484,ARC120
481,BEN141,999,BEN131
481,BEN141,488,ARC119
481,BEN141,1638,COM109
481,BEN141,491,ARC120
481,BEN141,1639,COM109
481,BEN141,1765,COM188
481,BEN141,1777,COM155
481,BEN141,1778,COM155
484,ARC120,1922,COM102
484,ARC120,1923,COM102
484,ARC120,790,BEN133
484,ARC120,1304,COM117
484,ARC120,1306,COM109
484,ARC120,676,COM133
484,ARC120,677,COM163
484,ARC120,678,COM163
484,ARC120,679,COM163
484,ARC120,683,COM155
484,ARC120,699,COM117
484,ARC120,1464,BEN141
484,ARC120,1846,BEN131
484,ARC120,706,BEN138
484,ARC120,1091,ARC119
484,ARC120,1476,BEN133
484,ARC120,1478,BEN138
484,ARC120,1479,BEN138
484,ARC120,1480,BEN138
484,ARC120,1098,BEN133
484,ARC120,1354,COM188
484,ARC120,1355,COM102
484,ARC120,1485,BEN138
484,ARC120,1106,ARC119
484,ARC120,1107,ARC119
484,ARC120,728,BEN131
484,ARC120,729,BEN131
484,ARC120,730,BEN131
484,ARC120,1633,BEN134
484,ARC120,1638,COM109
484,ARC120,999,BEN131
484,ARC120,488,ARC119
484,ARC120,1639,COM109
484,ARC120,1765,COM188
484,ARC120,1777,COM155
484,ARC120,1778,COM155
484,ARC120,1017,BEN131
488,ARC119,1922,COM102
488,ARC119,1923,COM102
488,ARC119,790,BEN133
488,ARC119,1304,COM117
488,ARC119,1306,COM109
488,ARC119,676,COM133
488,ARC119,677,COM163
488,ARC119,678,COM163
488,ARC119,679,COM163
488,ARC119,683,COM155
488,ARC119,1464,BEN141
488,ARC119,699,COM117
488,ARC119,706,BEN138
488,ARC119,1476,BEN133
488,ARC119,1478,BEN138
488,ARC119,1479,BEN138
488,ARC119,1480,BEN138
488,ARC119,1098,BEN133
488,ARC119,1354,COM188
488,ARC119,1355,COM102
488,ARC119,1485,BEN138
488,ARC119,728,BEN131
488,ARC119,729,BEN131
488,ARC119,730,BEN131
488,ARC119,1633,BEN134
488,ARC119,999,BEN131
488,ARC119,1638,COM109
488,ARC119,1639,COM109
488,ARC119,491,ARC120
488,ARC119,1765,COM188
488,ARC119,1777,COM155
488,ARC119,1778,COM155
488,ARC119,1017,BEN131
491,ARC120,1922,COM102
491,ARC120,1923,COM102
491,ARC120,790,BEN133
491,ARC120,1304,COM117
491,ARC120,1306,COM109
491,ARC120,676,COM133
491,ARC120,677,COM163
491,ARC120,678,COM163
491,ARC120,679,COM163
491,ARC120,683,COM155
491,ARC120,699,COM117
491,ARC120,1464,BEN141
491,ARC120,1846,BEN131
491,ARC120,706,BEN138
491,ARC120,1091,ARC119
491,ARC120,1476,BEN133
491,ARC120,1478,BEN138
491,ARC120,1479,BEN138
491,ARC120,1480,BEN138
491,ARC120,1098,BEN133
491,ARC120,1354,COM188
491,ARC120,1355,COM102
491,ARC120,1485,BEN138
491,ARC120,1106,ARC119
491,ARC120,1107,ARC119
491,ARC120,728,BEN131
491,ARC120,729,BEN131
491,ARC120,730,BEN131
491,ARC120,1633,BEN134
491,ARC120,1638,COM109
491,ARC120,999,BEN131
491,ARC120,1639,COM109
491,ARC120,1765,COM188
491,ARC120,1777,COM155
491,ARC120,1778,COM155
491,ARC120,1017,BEN131
676,COM133,1922,COM102
676,COM133,1923,COM102
676,COM133,790,BEN133
676,COM133,1304,COM117
676,COM133,1306,COM109
676,COM133,677,COM163
676,COM133,678,COM163
676,COM133,679,COM163
676,COM133,683,COM155
676,COM133,699,COM117
676,COM133,1464,BEN141
676,COM133,1846,BEN131
676,COM133,706,BEN138
676,COM133,1091,ARC119
676,COM133,1476,BEN133
676,COM133,1478,BEN138
676,COM133,1479,BEN138
676,COM133,1480,BEN138
676,COM133,1098,BEN133
676,COM133,1354,COM188
676,COM133,1355,COM102
676,COM133,1485,BEN138
676,COM133,1106,ARC119
676,COM133,1107,ARC119
676,COM133,728,BEN131
676,COM133,729,BEN131
676,COM133,730,BEN131
676,COM133,1633,BEN134
676,COM133,999,BEN131
676,COM133,1638,COM109
676,COM133,1639,COM109
676,COM133,1765,COM188
676,COM133,1777,COM155
676,COM133,1778,COM155
676,COM133,1017,BEN131
677,COM163,1922,COM102
677,COM163,1923,COM102
677,COM163,790,BEN133
677,COM163,1304,COM117
677,COM163,1306,COM109
677,COM163,683,COM155
677,COM163,699,COM117
677,COM163,1464,BEN141
677,COM163,1846,BEN131
677,COM163,706,BEN138
677,COM163,1091,ARC119
677,COM163,1476,BEN133
677,COM163,1478,BEN138
677,COM163,1479,BEN138
677,COM163,1480,BEN138
677,COM163,1098,BEN133
677,COM163,1354,COM188
677,COM163,1355,COM102
677,COM163,1485,BEN138
677,COM163,1106,ARC119
677,COM163,1107,ARC119
677,COM163,728,BEN131
677,COM163,729,BEN131
677,COM163,730,BEN131
677,COM163,1633,BEN134
677,COM163,999,BEN131
677,COM163,1638,COM109
677,COM163,1639,COM109
677,COM163,1765,COM188
677,COM163,1777,COM155
677,COM163,1778,COM155
677,COM163,1017,BEN131
678,COM163,1922,COM102
678,COM163,1923,COM102
678,COM163,790,BEN133
678,COM163,1304,COM117
678,COM163,1306,COM109
678,COM163,683,COM155
678,COM163,699,COM117
678,COM163,1464,BEN141
678,COM163,1846,BEN131
678,COM163,706,BEN138
678,COM163,1091,ARC119
678,COM163,1476,BEN133
678,COM163,1478,BEN138
678,COM163,1479,BEN138
678,COM163,1480,BEN138
678,COM163,1098,BEN133
678,COM163,1354,COM188
678,COM163,1355,COM102
678,COM163,1485,BEN138
678,COM163,1106,ARC119
678,COM163,1107,ARC119
678,COM163,728,BEN131
678,COM163,729,BEN131
678,COM163,730,BEN131
678,COM163,1633,BEN134
678,COM163,999,BEN131
678,COM163,1638,COM109
678,COM163,1639,COM109
678,COM163,1765,COM188
678,COM163,1777,COM155
678,COM163,1778,COM155
678,COM163,1017,BEN131
679,COM163,1922,COM102
679,COM163,1923,COM102
679,COM163,790,BEN133
679,COM163,1304,COM117
679,COM163,1306,COM109
679,COM163,683,COM155
679,COM163,699,COM117
679,COM163,1464,BEN141
679,COM163,1846,BEN131
679,COM163,706,BEN138
679,COM163,1091,ARC119
679,COM163,1476,BEN133
679,COM163,1478,BEN138
679,COM163,1479,BEN138
679,COM163,1480,BEN138
679,COM163,1098,BEN133
679,COM163,1354,COM188
679,COM163,1355,COM102
679,COM163,1485,BEN138
679,COM163,1106,ARC119
679,COM163,1107,ARC119
679,COM163,728,BEN131
679,COM163,729,BEN131
679,COM163,730,BEN131
679,COM163,1633,BEN134
679,COM163,999,BEN131
679,COM163,1638,COM109
679,COM163,1639,COM109
679,COM163,1765,COM188
679,COM163,1777,COM155
679,COM163,1778,COM155
679,COM163,1017,BEN131
683,COM155,1922,COM102
683,COM155,1923,COM102
683,COM155,790,BEN133
683,COM155,1304,COM117
683,COM155,1306,COM109
683,COM155,699,COM117
683,COM155,1464,BEN141
683,COM155,1846,BEN131
683,COM155,706,BEN138
683,COM155,1091,ARC119
683,COM155,1476,BEN133
683,COM155,1478,BEN138
683,COM155,1479,BEN138
683,COM155,1480,BEN138
683,COM155,1098,BEN133
683,COM155,1354,COM188
683,COM155,1355,COM102
683,COM155,1485,BEN138
683,COM155,1106,ARC119
683,COM155,1107,ARC119
683,COM155,728,BEN131
683,COM155,729,BEN131
683,COM155,730,BEN131
683,COM155,1633,BEN134
683,COM155,999,BEN131
683,COM155,1638,COM109
683,COM155,1639,COM109
683,COM155,1765,COM188
683,COM155,1017,BEN131
699,COM117,1922,COM102
699,COM117,1923,COM102
699,COM117,1295,COM115
699,COM117,1296,COM115
699,COM117,1300,COM115
699,COM117,790,BEN133
699,COM117,1302,COM115
699,COM117,1303,COM115
699,COM117,1306,COM109
699,COM117,692,COM115
699,COM117,1464,BEN141
699,COM117,1846,BEN131
699,COM117,706,BEN138
699,COM117,1091,ARC119
699,COM117,1476,BEN133
699,COM117,1478,BEN138
699,COM117,1479,BEN138
699,COM117,1480,BEN138
699,COM117,1098,BEN133
699,COM117,1354,COM188
699,COM117,1355,COM102
699,COM117,1485,BEN138
699,COM117,1106,ARC119
699,COM117,1107,ARC119
699,COM117,728,BEN131
699,COM117,729,BEN131
699,COM117,730,BEN131
699,COM117,1633,BEN134
699,COM117,999,BEN131
699,COM117,1638,COM109
699,COM117,1639,COM109
699,COM117,1765,COM188
699,COM117,1777,COM155
699,COM117,1778,COM155
699,COM117,2034,COM115
699,COM117,1017,BEN131
706,BEN138,1922,COM102
706,BEN138,1923,COM102
706,BEN138,400,BEN139
706,BEN138,790,BEN133
706,BEN138,1304,COM117
706,BEN138,1306,COM109
706,BEN138,1464,BEN141
706,BEN138,1846,BEN131
706,BEN138,695,BEN139
706,BEN138,1091,ARC119
706,BEN138,1476,BEN133
706,BEN138,1098,BEN133
706,BEN138,1354,COM188
706,BEN138,1355,COM102
706,BEN138,1106,ARC119
706,BEN138,1107,ARC119
706,BEN138,728,BEN131
706,BEN138,729,BEN131
706,BEN138,730,BEN131
706,BEN138,217,BEN139
706,BEN138,1633,BEN134
706,BEN138,999,BEN131
706,BEN138,1638,COM109
706,BEN138,1639,COM109
706,BEN138,1765,COM188
706,BEN138,1777,COM155
706,BEN138,1778,COM155
706,BEN138,1017,BEN131
728,BEN131,1922,COM102
728,BEN131,1923,COM102
728,BEN131,400,BEN139
728,BEN131,790,BEN133
728,BEN131,1304,COM117
728,BEN131,1306,COM109
728,BEN131,1464,BEN141
728,BEN131,695,BEN139
728,BEN131,1091,ARC119
728,BEN131,1476,BEN133
728,BEN131,1478,BEN138
728,BEN131,1479,BEN138
728,BEN131,1480,BEN138
728,BEN131,1098,BEN133
728,BEN131,1354,COM188
728,BEN131,1355,COM102
728,BEN131,1485,BEN138
728,BEN131,1106,ARC119
728,BEN131,217,BEN139
728,BEN131,1633,BEN134
728,BEN131,1638,COM109
728,BEN131,1639,COM109
728,BEN131,1765,COM188
728,BEN131,1777,COM155
728,BEN131,1778,COM155
729,BEN131,1922,COM102
729,BEN131,1923,COM102
729,BEN131,400,BEN139
729,BEN131,790,BEN133
729,BEN131,1304,COM117
729,BEN131,1306,COM109
729,BEN131,1464,BEN141
729,BEN131,695,BEN139
729,BEN131,1091,ARC119
729,BEN131,1476,BEN133
729,BEN131,1478,BEN138
729,BEN131,1479,BEN138
729,BEN131,1480,BEN138
729,BEN131,1098,BEN133
729,BEN131,1354,COM188
729,BEN131,1355,COM102
729,BEN131,1485,BEN138
729,BEN131,1106,ARC119
729,BEN131,217,BEN139
729,BEN131,1633,BEN134
729,BEN131,1638,COM109
729,BEN131,1639,COM109
729,BEN131,1765,COM188
729,BEN131,1777,COM155
729,BEN131,1778,COM155
730,BEN131,1922,COM102
730,BEN131,1923,COM102
730,BEN131,400,BEN139
730,BEN131,790,BEN133
730,BEN131,1304,COM117
730,BEN131,1306,COM109
730,BEN131,1464,BEN141
730,BEN131,695,BEN139
730,BEN131,1091,ARC119
730,BEN131,1476,BEN133
730,BEN131,1478,BEN138
730,BEN131,1479,BEN138
730,BEN131,1480,BEN138
730,BEN131,1098,BEN133
730,BEN131,1354,COM188
730,BEN131,1355,COM102
730,BEN131,1485,BEN138
730,BEN131,1106,ARC119
730,BEN131,217,BEN139
730,BEN131,1633,BEN134
730,BEN131,1638,COM109
730,BEN131,1639,COM109
730,BEN131,1765,COM188
730,BEN131,1777,COM155
730,BEN131,1778,COM155
790,BEN133,1922,COM102
790,BEN133,1923,COM102
790,BEN133,1304,COM117
790,BEN133,1306,COM109
790,BEN133,1189,BEN147
790,BEN133,1190,BEN147
790,BEN133,179,BEN147
790,BEN133,180,BEN147
790,BEN133,1464,BEN141
790,BEN133,1846,BEN131
790,BEN133,1091,ARC119
790,BEN133,1478,BEN138
790,BEN133,1479,BEN138
790,BEN133,1480,BEN138
790,BEN133,1354,COM188
790,BEN133,1355,COM102
790,BEN133,1485,BEN138
790,BEN133,1106,ARC119
790,BEN133,1107,ARC119
790,BEN133,1633,BEN134
790,BEN133,999,BEN131
790,BEN133,1638,COM109
790,BEN133,1639,COM109
790,BEN133,1765,COM188
790,BEN133,1777,COM155
790,BEN133,1778,COM155
790,BEN133,1017,BEN131
999,BEN131,1922,COM102
999,BEN131,1923,COM102
999,BEN131,400,BEN139
999,BEN131,1304,COM117
999,BEN131,1306,COM109
999,BEN131,1464,BEN141
999,BEN131,695,BEN139
999,BEN131,1091,ARC119
999,BEN131,1476,BEN133
999,BEN131,1478,BEN138
999,BEN131,1479,BEN138
999,BEN131,1480,BEN138
999,BEN131,1098,BEN133
999,BEN131,1354,COM188
999,BEN131,1355,COM102
999,BEN131,1485,BEN138
999,BEN131,1106,ARC119
999,BEN131,1107,ARC119
999,BEN131,217,BEN139
999,BEN131,1633,BEN134
999,BEN131,1638,COM109
999,BEN131,1639,COM109
999,BEN131,1765,COM188
999,BEN131,1777,COM155
999,BEN131,1778,COM155
1017,BEN131,1922,COM102
1017,BEN131,1923,COM102
1017,BEN131,400,BEN139
1017,BEN131,1304,COM117
1017,BEN131,1306,COM109
1017,BEN131,1464,BEN141
1017,BEN131,695,BEN139
1017,BEN131,1091,ARC119
1017,BEN131,1476,BEN133
1017,BEN131,1478,BEN138
1017,BEN131,1479,BEN138
1017,BEN131,1480,BEN138
1017,BEN131,1098,BEN133
1017,BEN131,1354,COM188
1017,BEN131,1355,COM102
1017,BEN131,1485,BEN138
1017,BEN131,1106,ARC119
1017,BEN131,1107,ARC119
1017,BEN131,217,BEN139
1017,BEN131,1633,BEN134
1017,BEN131,1638,COM109
1017,BEN131,1639,COM109
1017,BEN131,1765,COM188
1017,BEN131,1777,COM155
1017,BEN131,1778,COM155
1091,ARC119,1922,COM102
1091,ARC119,1923,COM102
1091,ARC119,1304,COM117
1091,ARC119,1306,COM109
1091,ARC119,1464,BEN141
1091,ARC119,1846,BEN131
1091,ARC119,1476,BEN133
1091,ARC119,1478,BEN138
1091,ARC119,1479,BEN138
1091,ARC119,1480,BEN138
1091,ARC119,1098,BEN133
1091,ARC119,1354,COM188
1091,ARC119,1355,COM102
1091,ARC119,1485,BEN138
1091,ARC119,1633,BEN134
1091,ARC119,1638,COM109
1091,ARC119,1639,COM109
1091,ARC119,1765,COM188
1091,ARC119,1777,COM155
1091,ARC119,1778,COM155
1098,BEN133,1922,COM102
1098,BEN133,1923,COM102
1098,BEN133,1304,COM117
1098,BEN133,1306,COM109
1098,BEN133,1189,BEN147
1098,BEN133,1190,BEN147
1098,BEN133,179,BEN147
1098,BEN133,180,BEN147
1098,BEN133,1464,BEN141
1098,BEN133,1846,BEN131
1098,BEN133,1478,BEN138
1098,BEN133,1479,BEN138
1098,BEN133,1480,BEN138
1098,BEN133,1354,COM188
1098,BEN133,1355,COM102
1098,BEN133,1485,BEN138
1098,BEN133,1106,ARC119
1098,BEN133,1107,ARC119
1098,BEN133,1633,BEN134
1098,BEN133,1638,COM109
1098,BEN133,1639,COM109
1098,BEN133,1765,COM188
1098,BEN133,1777,COM155
1098,BEN133,1778,COM155
1106,ARC119,1922,COM102
1106,ARC119,1923,COM102
1106,ARC119,1304,COM117
1106,ARC119,1306,COM109
1106,ARC119,1464,BEN141
1106,ARC119,1846,BEN131
1106,ARC119,1476,BEN133
1106,ARC119,1478,BEN138
1106,ARC119,1479,BEN138
1106,ARC119,1480,BEN138
1106,ARC119,1354,COM188
1106,ARC119,1355,COM102
1106,ARC119,1485,BEN138
1106,ARC119,1633,BEN134
1106,ARC119,1638,COM109
1106,ARC119,1639,COM109
1106,ARC119,1765,COM188
1106,ARC119,1777,COM155
1106,ARC119,1778,COM155
1107,ARC119,1922,COM102
1107,ARC119,1923,COM102
1107,ARC119,1304,COM117
1107,ARC119,1306,COM109
1107,ARC119,1464,BEN141
1107,ARC119,1846,BEN131
1107,ARC119,1476,BEN133
1107,ARC119,1478,BEN138
1107,ARC119,1479,BEN138
1107,ARC119,1480,BEN138
1107,ARC119,1354,COM188
1107,ARC119,1355,COM102
1107,ARC119,1485,BEN138
1107,ARC119,1633,BEN134
1107,ARC119,1638,COM109
1107,ARC119,1639,COM109
1107,ARC119,1765,COM188
1107,ARC119,1777,COM155
1107,ARC119,1778,COM155
1304,COM117,1922,COM102
1304,COM117,1923,COM102
1304,COM117,1295,COM115
1304,COM117,1296,COM115
1304,COM117,1300,COM115
1304,COM117,1302,COM115
1304,COM117,1303,COM115
1304,COM117,1306,COM109
1304,COM117,692,COM115
1304,COM117,1464,BEN141
1304,COM117,1846,BEN131
1304,COM117,1476,BEN133
1304,COM117,1478,BEN138
1304,COM117,1479,BEN138
1304,COM117,1480,BEN138
1304,COM117,1354,COM188
1304,COM117,1355,COM102
1304,COM117,1485,BEN138
1304,COM117,1633,BEN134
1304,COM117,1638,COM109
1304,COM117,1639,COM109
1304,COM117,1765,COM188
1304,COM117,1777,COM155
1304,COM117,1778,COM155
1304,COM117,2034,COM115
1306,COM109,1922,COM102
1306,COM109,1923,COM102
1306,COM109,1295,COM115
1306,COM109,1296,COM115
1306,COM109,1300,COM115
1306,COM109,1302,COM115
1306,COM109,1303,COM115
1306,COM109,692,COM115
1306,COM109,1464,BEN141
1306,COM109,1846,BEN131
1306,COM109,1476,BEN133
1306,COM109,1478,BEN138
1306,COM109,1479,BEN138
1306,COM109,1480,BEN138
1306,COM109,1354,COM188
1306,COM109,1355,COM102
1306,COM109,1485,BEN138
1306,COM109,1633,BEN134
1306,COM109,1765,COM188
1306,COM109,1777,COM155
1306,COM109,1778,COM155
1306,COM109,2034,COM115
1354,COM188,1922,COM102
1354,COM188,1923,COM102
1354,COM188,1295,COM115
1354,COM188,1296,COM115
1354,COM188,1300,COM115
1354,COM188,1302,COM115
1354,COM188,1303,COM115
1354,COM188,692,COM115
1354,COM188,1464,BEN141
1354,COM188,1846,BEN131
1354,COM188,1476,BEN133
1354,COM188,1478,BEN138
1354,COM188,1479,BEN138
1354,COM188,1480,BEN138
1354,COM188,1355,COM102
1354,COM188,1485,BEN138
1354,COM188,1633,BEN134
1354,COM188,1638,COM109
1354,COM188,1639,COM109
1354,COM188,1777,COM155
1354,COM188,1778,COM155
1354,COM188,2034,COM115
1355,COM102,1805,FIN105
1355,COM102,1806,FIN105
1355,COM102,940,FIN105
1355,COM102,941,FIN105
1355,COM102,942,FIN105
1355,COM102,1464,BEN141
1355,COM102,1846,BEN131
1355,COM102,1476,BEN133
1355,COM102,1478,BEN138
1355,COM102,1479,BEN138
1355,COM102,1480,BEN138
1355,COM102,1485,BEN138
1355,COM102,851,FIN106
1355,COM102,350,FIN105
1355,COM102,351,FIN105
1355,COM102,352,FIN105
1355,COM102,1633,BEN134
1355,COM102,1638,COM109
1355,COM102,1639,COM109
1355,COM102,1765,COM188
1355,COM102,1777,COM155
1355,COM102,1778,COM155
1464,BEN141,1922,COM102
1464,BEN141,1923,COM102
1464,BEN141,1846,BEN131
1464,BEN141,1476,BEN133
1464,BEN141,1478,BEN138
1464,BEN141,1479,BEN138
1464,BEN141,1480,BEN138
1464,BEN141,1485,BEN138
1464,BEN141,1633,BEN134
1464,BEN141,1638,COM109
1464,BEN141,1639,COM109
1464,BEN141,1765,COM188
1464,BEN141,1777,COM155
1464,BEN141,1778,COM155
1476,BEN133,1922,COM102
1476,BEN133,1923,COM102
1476,BEN133,1189,BEN147
1476,BEN133,179,BEN147
1476,BEN133,1846,BEN131
1476,BEN133,1478,BEN138
1476,BEN133,1479,BEN138
1476,BEN133,1480,BEN138
1476,BEN133,1485,BEN138
1476,BEN133,1633,BEN134
1476,BEN133,1638,COM109
1476,BEN133,1639,COM109
1476,BEN133,1765,COM188
1476,BEN133,1777,COM155
1476,BEN133,1778,COM155
1478,BEN138,1922,COM102
1478,BEN138,1923,COM102
1478,BEN138,400,BEN139
1478,BEN138,1846,BEN131
1478,BEN138,695,BEN139
1478,BEN138,217,BEN139
1478,BEN138,1633,BEN134
1478,BEN138,1638,COM109
1478,BEN138,1639,COM109
1478,BEN138,1765,COM188
1478,BEN138,1777,COM155
1478,BEN138,1778,COM155
1479,BEN138,1922,COM102
1479,BEN138,1923,COM102
1479,BEN138,400,BEN139
1479,BEN138,1846,BEN131
1479,BEN138,695,BEN139
1479,BEN138,217,BEN139
1479,BEN138,1633,BEN134
1479,BEN138,1638,COM109
1479,BEN138,1639,COM109
1479,BEN138,1765,COM188
1479,BEN138,1777,COM155
1479,BEN138,1778,COM155
1480,BEN138,1922,COM102
1480,BEN138,1923,COM102
1480,BEN138,400,BEN139
1480,BEN138,1846,BEN131
1480,BEN138,695,BEN139
1480,BEN138,217,BEN139
1480,BEN138,1633,BEN134
1480,BEN138,1638,COM109
1480,BEN138,1639,COM109
1480,BEN138,1765,COM188
1480,BEN138,1777,COM155
1480,BEN138,1778,COM155
1485,BEN138,1922,COM102
1485,BEN138,1923,COM102
1485,BEN138,400,BEN139
1485,BEN138,1846,BEN131
1485,BEN138,695,BEN139
1485,BEN138,217,BEN139
1485,BEN138,1633,BEN134
1485,BEN138,1638,COM109
1485,BEN138,1639,COM109
1485,BEN138,1765,COM188
1485,BEN138,1777,COM155
1485,BEN138,1778,COM155
1633,BEN134,63,BEN130
1633,BEN134,64,BEN130
1633,BEN134,1119,BEN140
1633,BEN134,1120,BEN140
1633,BEN134,1638,COM109
1633,BEN134,1639,COM109
1633,BEN134,624,BEN130
1633,BEN134,627,BEN140
1633,BEN134,659,BEN140
1633,BEN134,1189,BEN147
1633,BEN134,1190,BEN147
1633,BEN134,179,BEN147
1633,BEN134,180,BEN147
1633,BEN134,1765,COM188
1633,BEN134,1777,COM155
1633,BEN134,1778,COM155
1633,BEN134,757,BEN140
1633,BEN134,1846,BEN131
1633,BEN134,1922,COM102
1633,BEN134,1923,COM102
1633,BEN134,1423,BEN130
1633,BEN134,1465,BEN143
1633,BEN134,463,BEN143
1633,BEN134,464,BEN143
1638,COM109,1922,COM102
1638,COM109,1923,COM102
1638,COM109,1295,COM115
1638,COM109,1296,COM115
1638,COM109,1300,COM115
1638,COM109,1302,COM115
1638,COM109,1303,COM115
1638,COM109,692,COM115
1638,COM109,1846,BEN131
1638,COM109,1765,COM188
1638,COM109,1777,COM155
1638,COM109,1778,COM155
1638,COM109,2034,COM115
1639,COM109,1922,COM102
1639,COM109,1923,COM102
1639,COM109,1295,COM115
1639,COM109,1296,COM115
1639,COM109,1300,COM115
1639,COM109,1302,COM115
1639,COM109,1303,COM115
1639,COM109,692,COM115
1639,COM109,1846,BEN131
1639,COM109,1765,COM188
1639,COM109,1777,COM155
1639,COM109,1778,COM155
1639,COM109,2034,COM115
1765,COM188,1922,COM102
1765,COM188,1923,COM102
1765,COM188,1295,COM115
1765,COM188,1296,COM115
1765,COM188,1300,COM115
1765,COM188,1302,COM115
1765,COM188,1303,COM115
1765,COM188,692,COM115
1765,COM188,1846,BEN131
1765,COM188,1777,COM155
1765,COM188,1778,COM155
1765,COM188,2034,COM115
1777,COM155,1922,COM102
1777,COM155,1923,COM102
1777,COM155,1846,BEN131
1778,COM155,1922,COM102
1778,COM155,1923,COM102
1778,COM155,1846,BEN131
1846,BEN131,1922,COM102
1846,BEN131,1923,COM102
1846,BEN131,400,BEN139
1846,BEN131,695,BEN139
1846,BEN131,217,BEN139
1922,COM102,1805,FIN105
1922,COM102,1806,FIN105
1922,COM102,940,FIN105
1922,COM102,941,FIN105
1922,COM102,942,FIN105
1922,COM102,851,FIN106
1922,COM102,350,FIN105
1922,COM102,351,FIN105
1922,COM102,352,FIN105
1923,COM102,1805,FIN105
1923,COM102,1806,FIN105
1923,COM102,940,FIN105
1923,COM102,941,FIN105
1923,COM102,942,FIN105
1923,COM102,851,FIN106
1923,COM102,350,FIN105
1923,COM102,351,FIN105
1923,COM102,352,FIN105
51,BMG245,1419,BMG212
51,BMG245,60,BMG243
51,BMG245,1838,BMG243
60,BMG243,121,BMG244
60,BMG243,1419,BMG212
60,BMG243,85,BMG245
1838,BMG243,121,BMG244
1838,BMG243,1419,BMG212
1838,BMG243,85,BMG245
85,BMG245,1419,BMG212
52,COM435,640,PPD428
52,COM435,1379,EEE426
52,COM435,675,COM431
52,COM435,1571,EEE426
52,COM435,1576,EEE426
52,COM435,750,EEE426
52,COM435,1363,COM431
52,COM435,1364,COM431
52,COM435,637,PPD428
52,COM435,766,EEE426
637,PPD428,1322,COM435
637,PPD428,675,COM431
637,PPD428,1363,COM431
640,PPD428,1322,COM435
640,PPD428,675,COM431
640,PPD428,1363,COM431
675,COM431,1571,EEE426
675,COM431,1379,EEE426
675,COM431,1576,EEE426
675,COM431,1322,COM435
675,COM431,750,EEE426
1363,COM431,1571,EEE426
1363,COM431,1379,EEE426
1363,COM431,1576,EEE426
1363,COM431,1322,COM435
1363,COM431,750,EEE426
1363,COM431,766,EEE426
1364,COM431,1379,EEE426
1364,COM431,1571,EEE426
1364,COM431,1576,EEE426
1364,COM431,1322,COM435
1364,COM431,750,EEE426
1322,COM435,1379,EEE426
1322,COM435,1571,EEE426
1322,COM435,1576,EEE426
1322,COM435,750,EEE426
1322,COM435,766,EEE426
750,EEE426,1378,EEE416
750,EEE426,1381,EEE416
750,EEE426,1708,BMG403
750,EEE426,145,EEE416
750,EEE426,148,PPD420
750,EEE426,1685,BMG403
766,EEE426,1378,EEE416
766,EEE426,1381,EEE416
766,EEE426,1708,BMG403
766,EEE426,145,EEE416
766,EEE426,148,PPD420
766,EEE426,1685,BMG403
1379,EEE426,1378,EEE416
1379,EEE426,1381,EEE416
1379,EEE426,1708,BMG403
1379,EEE426,145,EEE416
1379,EEE426,148,PPD420
1379,EEE426,1685,BMG403
1571,EEE426,1378,EEE416
1571,EEE426,1381,EEE416
1571,EEE426,1708,BMG403
1571,EEE426,145,EEE416
1571,EEE426,148,PPD420
1571,EEE426,1685,BMG403
1576,EEE426,1378,EEE416
1576,EEE426,1381,EEE416
1576,EEE426,1708,BMG403
1576,EEE426,145,EEE416
1576,EEE426,148,PPD420
1576,EEE426,1685,BMG403
53,FIN103,1155,ECO103
53,FIN103,1156,ECO103
53,FIN103,1805,FIN105
53,FIN103,1806,FIN105
53,FIN103,1559,ECO116
53,FIN103,1687,ACF106
53,FIN103,1574,ECO116
53,FIN103,935,FIN101
53,FIN103,936,ACF106
53,FIN103,1067,ECO116
53,FIN103,1068,ECO116
53,FIN103,940,FIN105
53,FIN103,941,FIN105
53,FIN103,1583,ECO103
53,FIN103,942,FIN105
53,FIN103,704,FIN101
53,FIN103,705,FIN101
53,FIN103,350,FIN105
53,FIN103,351,FIN105
53,FIN103,352,FIN105
53,FIN103,239,ACF106
53,FIN103,252,ECO103
239,ACF106,1155,ECO103
239,ACF106,1156,ECO103
239,ACF106,1927,BMG165
239,ACF106,1678,ECO109
239,ACF106,1680,MKT104
239,ACF106,1559,ECO116
239,ACF106,1944,LAW101
239,ACF106,1574,ECO116
239,ACF106,171,FIN103
239,ACF106,939,FIN103
239,ACF106,1067,ECO116
239,ACF106,1068,ECO116
239,ACF106,1583,ECO103
239,ACF106,54,FIN103
239,ACF106,1989,HTM165
239,ACF106,714,FIN103
239,ACF106,716,BMG165
239,ACF106,338,BMG165
239,ACF106,851,FIN106
239,ACF106,1767,MKT104
239,ACF106,1262,ECO109
239,ACF106,1263,ECO109
239,ACF106,1009,HTM188
239,ACF106,252,ECO103
239,ACF106,639,HTM165
252,ECO103,1574,ECO116
252,ECO103,1927,BMG165
252,ECO103,1767,MKT104
252,ECO103,939,FIN103
252,ECO103,171,FIN103
252,ECO103,1067,ECO116
252,ECO103,716,BMG165
252,ECO103,1680,MKT104
252,ECO103,54,FIN103
252,ECO103,1687,ACF106
936,ACF106,1155,ECO103
936,ACF106,1156,ECO103
936,ACF106,1927,BMG165
936,ACF106,1678,ECO109
936,ACF106,1680,MKT104
936,ACF106,1559,ECO116
936,ACF106,1944,LAW101
936,ACF106,1574,ECO116
936,ACF106,939,FIN103
936,ACF106,171,FIN103
936,ACF106,1067,ECO116
936,ACF106,1068,ECO116
936,ACF106,1583,ECO103
936,ACF106,54,FIN103
936,ACF106,1989,HTM165
936,ACF106,714,FIN103
936,ACF106,716,BMG165
936,ACF106,851,FIN106
936,ACF106,1767,MKT104
936,ACF106,1262,ECO109
936,ACF106,1263,ECO109
936,ACF106,1009,HTM188
936,ACF106,639,HTM165
1067,ECO116,1155,ECO103
1067,ECO116,1156,ECO103
1067,ECO116,1927,BMG165
1067,ECO116,1680,MKT104
1067,ECO116,1687,ACF106
1067,ECO116,170,FIN103
1067,ECO116,171,FIN103
1067,ECO116,939,FIN103
1067,ECO116,1583,ECO103
1067,ECO116,54,FIN103
1067,ECO116,714,FIN103
1067,ECO116,716,BMG165
1067,ECO116,338,BMG165
1067,ECO116,1767,MKT104
1067,ECO116,370,FIN103
1068,ECO116,1155,ECO103
1068,ECO116,1156,ECO103
1068,ECO116,1927,BMG165
1068,ECO116,1767,MKT104
1068,ECO116,170,FIN103
1068,ECO116,171,FIN103
1068,ECO116,714,FIN103
1068,ECO116,939,FIN103
1068,ECO116,716,BMG165
1068,ECO116,1583,ECO103
1068,ECO116,1680,MKT104
1068,ECO116,370,FIN103
1068,ECO116,338,BMG165
1068,ECO116,54,FIN103
1068,ECO116,1687,ACF106
1155,ECO103,1927,BMG165
1155,ECO103,1680,MKT104
1155,ECO103,1559,ECO116
1155,ECO103,1687,ACF106
1155,ECO103,1574,ECO116
1155,ECO103,170,FIN103
1155,ECO103,171,FIN103
1155,ECO103,939,FIN103
1155,ECO103,54,FIN103
1155,ECO103,714,FIN103
1155,ECO103,716,BMG165
1155,ECO103,338,BMG165
1155,ECO103,1767,MKT104
1155,ECO103,370,FIN103
1156,ECO103,1927,BMG165
1156,ECO103,1680,MKT104
1156,ECO103,1559,ECO116
1156,ECO103,1687,ACF106
1156,ECO103,1574,ECO116
1156,ECO103,170,FIN103
1156,ECO103,171,FIN103
1156,ECO103,939,FIN103
1156,ECO103,54,FIN103
1156,ECO103,714,FIN103
1156,ECO103,716,BMG165
1156,ECO103,338,BMG165
1156,ECO103,1767,MKT104
1156,ECO103,370,FIN103
1559,ECO116,1927,BMG165
1559,ECO116,1767,MKT104
1559,ECO116,714,FIN103
1559,ECO116,171,FIN103
1559,ECO116,939,FIN103
1559,ECO116,716,BMG165
1559,ECO116,1583,ECO103
1559,ECO116,1680,MKT104
1559,ECO116,338,BMG165
1559,ECO116,54,FIN103
1559,ECO116,1687,ACF106
1574,ECO116,1927,BMG165
1574,ECO116,1680,MKT104
1574,ECO116,1687,ACF106
1574,ECO116,170,FIN103
1574,ECO116,171,FIN103
1574,ECO116,939,FIN103
1574,ECO116,1583,ECO103
1574,ECO116,54,FIN103
1574,ECO116,714,FIN103
1574,ECO116,716,BMG165
1574,ECO116,338,BMG165
1574,ECO116,1767,MKT104
1574,ECO116,370,FIN103
1583,ECO103,1927,BMG165
1583,ECO103,1680,MKT104
1583,ECO103,1687,ACF106
1583,ECO103,170,FIN103
1583,ECO103,171,FIN103
1583,ECO103,939,FIN103
1583,ECO103,54,FIN103
1583,ECO103,714,FIN103
1583,ECO103,716,BMG165
1583,ECO103,338,BMG165
1583,ECO103,1767,MKT104
1583,ECO103,370,FIN103
1687,ACF106,1927,BMG165
1687,ACF106,1678,ECO109
1687,ACF106,1680,MKT104
1687,ACF106,1944,LAW101
1687,ACF106,171,FIN103
1687,ACF106,939,FIN103
1687,ACF106,54,FIN103
1687,ACF106,1989,HTM165
1687,ACF106,714,FIN103
1687,ACF106,716,BMG165
1687,ACF106,338,BMG165
1687,ACF106,851,FIN106
1687,ACF106,1767,MKT104
1687,ACF106,1262,ECO109
1687,ACF106,1263,ECO109
1687,ACF106,1009,HTM188
1687,ACF106,639,HTM165
54,FIN103,1805,FIN105
54,FIN103,1806,FIN105
54,FIN103,935,FIN101
54,FIN103,940,FIN105
54,FIN103,941,FIN105
54,FIN103,942,FIN105
54,FIN103,704,FIN101
54,FIN103,705,FIN101
54,FIN103,350,FIN105
54,FIN103,351,FIN105
54,FIN103,352,FIN105
170,FIN103,352,FIN105
170,FIN103,705,FIN101
170,FIN103,704,FIN101
170,FIN103,935,FIN101
170,FIN103,940,FIN105
170,FIN103,941,FIN105
170,FIN103,942,FIN105
170,FIN103,1805,FIN105
170,FIN103,1806,FIN105
170,FIN103,350,FIN105
170,FIN103,351,FIN105
171,FIN103,1805,FIN105
171,FIN103,1806,FIN105
171,FIN103,935,FIN101
171,FIN103,940,FIN105
171,FIN103,941,FIN105
171,FIN103,942,FIN105
171,FIN103,704,FIN101
171,FIN103,705,FIN101
171,FIN103,350,FIN105
171,FIN103,351,FIN105
171,FIN103,352,FIN105
714,FIN103,1805,FIN105
714,FIN103,1806,FIN105
714,FIN103,935,FIN101
714,FIN103,940,FIN105
714,FIN103,941,FIN105
714,FIN103,942,FIN105
714,FIN103,704,FIN101
714,FIN103,705,FIN101
714,FIN103,350,FIN105
714,FIN103,351,FIN105
714,FIN103,352,FIN105
939,FIN103,1805,FIN105
939,FIN103,1806,FIN105
939,FIN103,935,FIN101
939,FIN103,940,FIN105
939,FIN103,941,FIN105
939,FIN103,942,FIN105
939,FIN103,704,FIN101
939,FIN103,705,FIN101
939,FIN103,350,FIN105
939,FIN103,351,FIN105
939,FIN103,352,FIN105
370,FIN103,352,FIN105
370,FIN103,705,FIN101
370,FIN103,704,FIN101
370,FIN103,935,FIN101
370,FIN103,940,FIN105
370,FIN103,941,FIN105
370,FIN103,942,FIN105
370,FIN103,1805,FIN105
370,FIN103,1806,FIN105
370,FIN103,350,FIN105
370,FIN103,351,FIN105
350,FIN105,704,FIN101
350,FIN105,705,FIN101
350,FIN105,935,FIN101
350,FIN105,851,FIN106
351,FIN105,704,FIN101
351,FIN105,705,FIN101
351,FIN105,935,FIN101
351,FIN105,851,FIN106
352,FIN105,704,FIN101
352,FIN105,705,FIN101
352,FIN105,935,FIN101
352,FIN105,851,FIN106
704,FIN101,940,FIN105
704,FIN101,941,FIN105
704,FIN101,942,FIN105
704,FIN101,1805,FIN105
704,FIN101,1806,FIN105
705,FIN101,940,FIN105
705,FIN101,941,FIN105
705,FIN101,942,FIN105
705,FIN101,1805,FIN105
705,FIN101,1806,FIN105
935,FIN101,940,FIN105
935,FIN101,941,FIN105
935,FIN101,942,FIN105
935,FIN101,1805,FIN105
935,FIN101,1806,FIN105
940,FIN105,851,FIN106
941,FIN105,851,FIN106
942,FIN105,851,FIN106
1805,FIN105,851,FIN106
1806,FIN105,851,FIN106
627,BEN140,1189,BEN147
627,BEN140,463,BEN143
627,BEN140,464,BEN143
627,BEN140,179,BEN147
627,BEN140,1465,BEN143
659,BEN140,1189,BEN147
659,BEN140,1190,BEN147
659,BEN140,463,BEN143
659,BEN140,464,BEN143
659,BEN140,180,BEN147
659,BEN140,1465,BEN143
757,BEN140,1189,BEN147
757,BEN140,1190,BEN147
757,BEN140,463,BEN143
757,BEN140,464,BEN143
757,BEN140,179,BEN147
757,BEN140,180,BEN147
757,BEN140,1465,BEN143
1119,BEN140,1189,BEN147
1119,BEN140,1190,BEN147
1119,BEN140,463,BEN143
1119,BEN140,464,BEN143
1119,BEN140,179,BEN147
1119,BEN140,180,BEN147
1119,BEN140,1465,BEN143
1120,BEN140,1189,BEN147
1120,BEN140,463,BEN143
1120,BEN140,464,BEN143
1120,BEN140,179,BEN147
1120,BEN140,1465,BEN143
57,ACF749,120,ACF748
57,ACF749,58,ACF751
57,ACF749,774,ACF752
58,ACF751,120,ACF748
58,ACF751,774,ACF752
120,ACF748,774,ACF752
59,PUP510,1256,POL506
59,PUP510,1109,POL506
1109,POL506,129,CMM526
1109,POL506,1686,CMM529
1109,POL506,151,LAW502
1109,POL506,1439,POL520
1109,POL506,1200,CMM533
1109,POL506,1201,CMM533
1109,POL506,828,CMM553
1109,POL506,1086,LAW562
1109,POL506,1856,CMM547
1109,POL506,1857,CMM560
1109,POL506,707,LAW506
1109,POL506,68,LAW502
1109,POL506,69,LAW502
1109,POL506,708,LAW506
1109,POL506,600,LAW516
1109,POL506,346,CMM521
1109,POL506,607,SOC517
1109,POL506,993,LAW550
1109,POL506,994,LAW550
1109,POL506,995,LAW550
1109,POL506,1254,LAW515
1109,POL506,1511,LAW560
1109,POL506,1512,LAW543
1109,POL506,1768,CMM533
1109,POL506,1773,CMM549
1109,POL506,1520,LAW506
1109,POL506,1521,LAW506
1109,POL506,2036,POL520
1109,POL506,887,LAW515
1109,POL506,888,LAW515
1109,POL506,890,LAW502
1109,POL506,891,LAW502
1256,POL506,129,CMM526
1256,POL506,1686,CMM529
1256,POL506,151,LAW502
1256,POL506,1439,POL520
1256,POL506,1200,CMM533
1256,POL506,1201,CMM533
1256,POL506,828,CMM553
1256,POL506,1086,LAW562
1256,POL506,1856,CMM547
1256,POL506,1857,CMM560
1256,POL506,707,LAW506
1256,POL506,68,LAW502
1256,POL506,69,LAW502
1256,POL506,708,LAW506
1256,POL506,600,LAW516
1256,POL506,346,CMM521
1256,POL506,607,SOC517
1256,POL506,993,LAW550
1256,POL506,994,LAW550
1256,POL506,995,LAW550
1256,POL506,1254,LAW515
1256,POL506,1511,LAW560
1256,POL506,1512,LAW543
1256,POL506,1768,CMM533
1256,POL506,1773,CMM549
1256,POL506,1520,LAW506
1256,POL506,1521,LAW506
1256,POL506,2036,POL520
1256,POL506,887,LAW515
1256,POL506,888,LAW515
1256,POL506,890,LAW502
1256,POL506,891,LAW502
61,MEC832,320,MEC862
61,MEC832,321,MEC862
61,MEC832,322,MEC862
61,MEC832,771,MEC868
61,MEC832,328,MEC867
61,MEC832,1033,BME802
61,MEC832,1384,MEC867
61,MEC832,748,EEE841
61,MEC832,2033,MEC862
61,MEC832,339,MEC867
61,MEC832,276,BME802
61,MEC832,1913,MEC868
61,MEC832,794,MEC868
61,MEC832,1277,EEE841
61,MEC832,254,MEC868
276,BME802,320,MEC862
276,BME802,321,MEC862
276,BME802,322,MEC862
276,BME802,748,EEE841
276,BME802,1913,MEC868
276,BME802,794,MEC868
276,BME802,254,MEC868
276,BME802,1277,EEE841
748,EEE841,320,MEC862
748,EEE841,321,MEC862
748,EEE841,322,MEC862
748,EEE841,771,MEC868
748,EEE841,328,MEC867
748,EEE841,1033,BME802
748,EEE841,1384,MEC867
748,EEE841,2033,MEC862
748,EEE841,339,MEC867
748,EEE841,1913,MEC868
748,EEE841,794,MEC868
748,EEE841,254,MEC868
1033,BME802,320,MEC862
1033,BME802,771,MEC868
1033,BME802,2033,MEC862
1033,BME802,1277,EEE841
1277,EEE841,320,MEC862
1277,EEE841,321,MEC862
1277,EEE841,322,MEC862
1277,EEE841,771,MEC868
1277,EEE841,328,MEC867
1277,EEE841,1384,MEC867
1277,EEE841,2033,MEC862
1277,EEE841,339,MEC867
1277,EEE841,1913,MEC868
1277,EEE841,794,MEC868
1277,EEE841,254,MEC868
320,MEC862,1384,MEC867
320,MEC862,1913,MEC868
320,MEC862,254,MEC868
321,MEC862,1913,MEC868
321,MEC862,254,MEC868
322,MEC862,1913,MEC868
322,MEC862,254,MEC868
2033,MEC862,771,MEC868
2033,MEC862,328,MEC867
2033,MEC862,1384,MEC867
771,MEC868,328,MEC867
771,MEC868,1384,MEC867
794,MEC868,328,MEC867
794,MEC868,339,MEC867
62,BUS364,1986,BUS300
62,BUS364,1251,BUS303
62,BUS364,1987,BUS353
62,BUS364,1774,BUS351
62,BUS364,561,BUS302
62,BUS364,796,BUS353
561,BUS302,896,HTM388
561,BUS302,1986,BUS300
561,BUS302,1764,HTM388
561,BUS302,1774,BUS351
1774,BUS351,1986,BUS300
1986,BUS300,896,HTM388
1986,BUS300,1764,HTM388
1251,BUS303,1987,BUS353
65,ACF571,1157,ECO517
65,ACF571,535,ACF516
65,ACF571,151,LAW502
65,ACF571,1203,ACF528
65,ACF571,1204,ACF528
65,ACF571,1975,ACF520
65,ACF571,700,MKT535
65,ACF571,707,LAW506
65,ACF571,68,LAW502
65,ACF571,69,LAW502
65,ACF571,844,BMG563
65,ACF571,599,ACF516
65,ACF571,987,ACF528
65,ACF571,1254,LAW515
65,ACF571,1640,BMG527
65,ACF571,1130,BUS506
65,ACF571,1770,BMG527
65,ACF571,1135,ACF527
65,ACF571,1520,LAW506
65,ACF571,1521,LAW506
65,ACF571,1270,ACF520
65,ACF571,887,LAW515
65,ACF571,888,LAW515
65,ACF571,890,LAW502
65,ACF571,891,LAW502
700,MKT535,129,CMM526
700,MKT535,1420,CMM574
700,MKT535,784,CMM574
700,MKT535,1809,ACF571
700,MKT535,1686,CMM529
700,MKT535,1200,CMM533
700,MKT535,1201,CMM533
700,MKT535,1203,ACF528
700,MKT535,1204,ACF528
700,MKT535,1851,MKT531
700,MKT535,1857,CMM560
700,MKT535,1988,MKT547
700,MKT535,710,MKT545
700,MKT535,844,BMG563
700,MKT535,1872,MKT546
700,MKT535,987,ACF528
700,MKT535,1640,BMG527
700,MKT535,1768,CMM533
700,MKT535,1130,BUS506
700,MKT535,1770,BMG527
844,BMG563,535,ACF516
844,BMG563,1157,ECO517
844,BMG563,1640,BMG527
844,BMG563,1130,BUS506
844,BMG563,1770,BMG527
844,BMG563,1135,ACF527
844,BMG563,1809,ACF571
844,BMG563,1975,ACF520
844,BMG563,1203,ACF528
844,BMG563,1204,ACF528
844,BMG563,1270,ACF520
844,BMG563,599,ACF516
844,BMG563,987,ACF528
987,ACF528,1157,ECO517
987,ACF528,1809,ACF571
987,ACF528,535,ACF516
987,ACF528,151,LAW502
987,ACF528,1975,ACF520
987,ACF528,1594,ECO512
987,ACF528,707,LAW506
987,ACF528,68,LAW502
987,ACF528,69,LAW502
987,ACF528,708,LAW506
987,ACF528,86,ECO516
987,ACF528,599,ACF516
987,ACF528,1254,LAW515
987,ACF528,1255,ECO514
987,ACF528,1640,BMG527
987,ACF528,1130,BUS506
987,ACF528,1770,BMG527
987,ACF528,1902,ECO514
987,ACF528,1135,ACF527
987,ACF528,1520,LAW506
987,ACF528,1521,LAW506
987,ACF528,884,ECO554
987,ACF528,1270,ACF520
987,ACF528,887,LAW515
987,ACF528,888,LAW515
987,ACF528,890,LAW502
987,ACF528,891,LAW502
1130,BUS506,1640,BMG527
1130,BUS506,1770,BMG527
1130,BUS506,1809,ACF571
1130,BUS506,1203,ACF528
1130,BUS506,1204,ACF528
1203,ACF528,1157,ECO517
1203,ACF528,1809,ACF571
1203,ACF528,535,ACF516
1203,ACF528,151,LAW502
1203,ACF528,1975,ACF520
1203,ACF528,1594,ECO512
1203,ACF528,707,LAW506
1203,ACF528,68,LAW502
1203,ACF528,69,LAW502
1203,ACF528,708,LAW506
1203,ACF528,86,ECO516
1203,ACF528,599,ACF516
1203,ACF528,1254,LAW515
1203,ACF528,1255,ECO514
1203,ACF528,1640,BMG527
1203,ACF528,1770,BMG527
1203,ACF528,1902,ECO514
1203,ACF528,1135,ACF527
1203,ACF528,1520,LAW506
1203,ACF528,1521,LAW506
1203,ACF528,884,ECO554
1203,ACF528,1270,ACF520
1203,ACF528,887,LAW515
1203,ACF528,888,LAW515
1203,ACF528,890,LAW502
1203,ACF528,891,LAW502
1204,ACF528,1157,ECO517
1204,ACF528,1809,ACF571
1204,ACF528,535,ACF516
1204,ACF528,151,LAW502
1204,ACF528,1975,ACF520
1204,ACF528,1594,ECO512
1204,ACF528,707,LAW506
1204,ACF528,68,LAW502
1204,ACF528,69,LAW502
1204,ACF528,708,LAW506
1204,ACF528,86,ECO516
1204,ACF528,599,ACF516
1204,ACF528,1254,LAW515
1204,ACF528,1255,ECO514
1204,ACF528,1640,BMG527
1204,ACF528,1770,BMG527
1204,ACF528,1902,ECO514
1204,ACF528,1135,ACF527
1204,ACF528,1520,LAW506
1204,ACF528,1521,LAW506
1204,ACF528,884,ECO554
1204,ACF528,1270,ACF520
1204,ACF528,887,LAW515
1204,ACF528,888,LAW515
1204,ACF528,890,LAW502
1204,ACF528,891,LAW502
1640,BMG527,384,MEC524
1640,BMG527,1809,ACF571
1640,BMG527,1572,MEC524
1640,BMG527,715,BME505
1640,BMG527,724,BME505
1640,BMG527,725,BME505
1640,BMG527,983,BME505
1640,BMG527,608,MEC509
1640,BMG527,1386,MEC509
1640,BMG527,749,MEC524
1640,BMG527,1018,MEC509
1640,BMG527,1022,BME505
1770,BMG527,384,MEC524
1770,BMG527,1809,ACF571
1770,BMG527,1572,MEC524
1770,BMG527,715,BME505
1770,BMG527,724,BME505
1770,BMG527,725,BME505
1770,BMG527,983,BME505
1770,BMG527,608,MEC509
1770,BMG527,1386,MEC509
1770,BMG527,749,MEC524
1770,BMG527,1018,MEC509
1770,BMG527,1022,BME505
1809,ACF571,1157,ECO517
1809,ACF571,535,ACF516
1809,ACF571,151,LAW502
1809,ACF571,1975,ACF520
1809,ACF571,707,LAW506
1809,ACF571,68,LAW502
1809,ACF571,69,LAW502
1809,ACF571,708,LAW506
1809,ACF571,599,ACF516
1809,ACF571,1254,LAW515
1809,ACF571,1135,ACF527
1809,ACF571,1520,LAW506
1809,ACF571,1521,LAW506
1809,ACF571,1270,ACF520
1809,ACF571,887,LAW515
1809,ACF571,888,LAW515
1809,ACF571,890,LAW502
1809,ACF571,891,LAW502
68,LAW502,129,CMM526
68,LAW502,1686,CMM529
68,LAW502,535,ACF516
68,LAW502,1439,POL520
68,LAW502,1200,CMM533
68,LAW502,1201,CMM533
68,LAW502,1975,ACF520
68,LAW502,828,CMM553
68,LAW502,1086,LAW562
68,LAW502,1856,CMM547
68,LAW502,1857,CMM560
68,LAW502,707,LAW506
68,LAW502,708,LAW506
68,LAW502,599,ACF516
68,LAW502,600,LAW516
68,LAW502,346,CMM521
68,LAW502,993,LAW550
68,LAW502,994,LAW550
68,LAW502,995,LAW550
68,LAW502,1254,LAW515
68,LAW502,1511,LAW560
68,LAW502,1512,LAW543
68,LAW502,1768,CMM533
68,LAW502,1773,CMM549
68,LAW502,1520,LAW506
68,LAW502,1521,LAW506
68,LAW502,2036,POL520
68,LAW502,1270,ACF520
68,LAW502,887,LAW515
68,LAW502,888,LAW515
69,LAW502,129,CMM526
69,LAW502,1686,CMM529
69,LAW502,535,ACF516
69,LAW502,1439,POL520
69,LAW502,1200,CMM533
69,LAW502,1201,CMM533
69,LAW502,1975,ACF520
69,LAW502,828,CMM553
69,LAW502,1086,LAW562
69,LAW502,1856,CMM547
69,LAW502,1857,CMM560
69,LAW502,707,LAW506
69,LAW502,599,ACF516
69,LAW502,600,LAW516
69,LAW502,346,CMM521
69,LAW502,993,LAW550
69,LAW502,994,LAW550
69,LAW502,995,LAW550
69,LAW502,1254,LAW515
69,LAW502,1511,LAW560
69,LAW502,1512,LAW543
69,LAW502,1768,CMM533
69,LAW502,1773,CMM549
69,LAW502,1520,LAW506
69,LAW502,1521,LAW506
69,LAW502,2036,POL520
69,LAW502,1270,ACF520
69,LAW502,887,LAW515
69,LAW502,888,LAW515
151,LAW502,129,CMM526
151,LAW502,1686,CMM529
151,LAW502,535,ACF516
151,LAW502,1439,POL520
151,LAW502,1200,CMM533
151,LAW502,1201,CMM533
151,LAW502,1975,ACF520
151,LAW502,828,CMM553
151,LAW502,1086,LAW562
151,LAW502,1856,CMM547
151,LAW502,1857,CMM560
151,LAW502,707,LAW506
151,LAW502,708,LAW506
151,LAW502,599,ACF516
151,LAW502,600,LAW516
151,LAW502,346,CMM521
151,LAW502,993,LAW550
151,LAW502,994,LAW550
151,LAW502,995,LAW550
151,LAW502,1254,LAW515
151,LAW502,1511,LAW560
151,LAW502,1512,LAW543
151,LAW502,1768,CMM533
151,LAW502,1773,CMM549
151,LAW502,1520,LAW506
151,LAW502,1521,LAW506
151,LAW502,2036,POL520
151,LAW502,1270,ACF520
151,LAW502,887,LAW515
151,LAW502,888,LAW515
535,ACF516,1157,ECO517
535,ACF516,1975,ACF520
535,ACF516,707,LAW506
535,ACF516,708,LAW506
535,ACF516,1254,LAW515
535,ACF516,1135,ACF527
535,ACF516,1520,LAW506
535,ACF516,1521,LAW506
535,ACF516,1270,ACF520
535,ACF516,887,LAW515
535,ACF516,888,LAW515
535,ACF516,890,LAW502
535,ACF516,891,LAW502
599,ACF516,1157,ECO517
599,ACF516,1975,ACF520
599,ACF516,707,LAW506
599,ACF516,708,LAW506
599,ACF516,1254,LAW515
599,ACF516,1135,ACF527
599,ACF516,1520,LAW506
599,ACF516,1521,LAW506
599,ACF516,1270,ACF520
599,ACF516,887,LAW515
599,ACF516,888,LAW515
599,ACF516,890,LAW502
599,ACF516,891,LAW502
707,LAW506,129,CMM526
707,LAW506,1686,CMM529
707,LAW506,1439,POL520
707,LAW506,1200,CMM533
707,LAW506,1201,CMM533
707,LAW506,1975,ACF520
707,LAW506,828,CMM553
707,LAW506,1086,LAW562
707,LAW506,1856,CMM547
707,LAW506,1857,CMM560
707,LAW506,600,LAW516
707,LAW506,346,CMM521
707,LAW506,993,LAW550
707,LAW506,994,LAW550
707,LAW506,995,LAW550
707,LAW506,1254,LAW515
707,LAW506,1511,LAW560
707,LAW506,1512,LAW543
707,LAW506,1768,CMM533
707,LAW506,1773,CMM549
707,LAW506,2036,POL520
707,LAW506,1270,ACF520
707,LAW506,887,LAW515
707,LAW506,888,LAW515
707,LAW506,890,LAW502
707,LAW506,891,LAW502
887,LAW515,1439,POL520
887,LAW515,1975,ACF520
887,LAW515,1086,LAW562
887,LAW515,600,LAW516
887,LAW515,993,LAW550
887,LAW515,994,LAW550
887,LAW515,995,LAW550
887,LAW515,1511,LAW560
887,LAW515,1512,LAW543
887,LAW515,1520,LAW506
887,LAW515,1521,LAW506
887,LAW515,2036,POL520
887,LAW515,1270,ACF520
887,LAW515,890,LAW502
887,LAW515,891,LAW502
888,LAW515,1439,POL520
888,LAW515,1975,ACF520
888,LAW515,1086,LAW562
888,LAW515,600,LAW516
888,LAW515,993,LAW550
888,LAW515,994,LAW550
888,LAW515,995,LAW550
888,LAW515,1511,LAW560
888,LAW515,1512,LAW543
888,LAW515,1520,LAW506
888,LAW515,1521,LAW506
888,LAW515,2036,POL520
888,LAW515,1270,ACF520
888,LAW515,890,LAW502
888,LAW515,891,LAW502
890,LAW502,129,CMM526
890,LAW502,1686,CMM529
890,LAW502,1439,POL520
890,LAW502,1200,CMM533
890,LAW502,1201,CMM533
890,LAW502,1975,ACF520
890,LAW502,828,CMM553
890,LAW502,1086,LAW562
890,LAW502,1856,CMM547
890,LAW502,1857,CMM560
890,LAW502,600,LAW516
890,LAW502,346,CMM521
890,LAW502,993,LAW550
890,LAW502,994,LAW550
890,LAW502,995,LAW550
890,LAW502,1254,LAW515
890,LAW502,1511,LAW560
890,LAW502,1512,LAW543
890,LAW502,1768,CMM533
890,LAW502,1773,CMM549
890,LAW502,1520,LAW506
890,LAW502,1521,LAW506
890,LAW502,2036,POL520
890,LAW502,1270,ACF520
891,LAW502,129,CMM526
891,LAW502,1686,CMM529
891,LAW502,1439,POL520
891,LAW502,1200,CMM533
891,LAW502,1201,CMM533
891,LAW502,1975,ACF520
891,LAW502,828,CMM553
891,LAW502,1086,LAW562
891,LAW502,1856,CMM547
891,LAW502,1857,CMM560
891,LAW502,600,LAW516
891,LAW502,346,CMM521
891,LAW502,993,LAW550
891,LAW502,994,LAW550
891,LAW502,995,LAW550
891,LAW502,1254,LAW515
891,LAW502,1511,LAW560
891,LAW502,1512,LAW543
891,LAW502,1768,CMM533
891,LAW502,1773,CMM549
891,LAW502,1520,LAW506
891,LAW502,1521,LAW506
891,LAW502,2036,POL520
891,LAW502,1270,ACF520
1254,LAW515,1439,POL520
1254,LAW515,1975,ACF520
1254,LAW515,1086,LAW562
1254,LAW515,708,LAW506
1254,LAW515,600,LAW516
1254,LAW515,993,LAW550
1254,LAW515,994,LAW550
1254,LAW515,995,LAW550
1254,LAW515,1511,LAW560
1254,LAW515,1512,LAW543
1254,LAW515,1520,LAW506
1254,LAW515,1521,LAW506
1254,LAW515,2036,POL520
1254,LAW515,1270,ACF520
1270,ACF520,1157,ECO517
1270,ACF520,1135,ACF527
1270,ACF520,1520,LAW506
1270,ACF520,1521,LAW506
1520,LAW506,129,CMM526
1520,LAW506,1686,CMM529
1520,LAW506,1439,POL520
1520,LAW506,1200,CMM533
1520,LAW506,1201,CMM533
1520,LAW506,1975,ACF520
1520,LAW506,828,CMM553
1520,LAW506,1086,LAW562
1520,LAW506,1856,CMM547
1520,LAW506,1857,CMM560
1520,LAW506,600,LAW516
1520,LAW506,346,CMM521
1520,LAW506,993,LAW550
1520,LAW506,994,LAW550
1520,LAW506,995,LAW550
1520,LAW506,1511,LAW560
1520,LAW506,1512,LAW543
1520,LAW506,1768,CMM533
1520,LAW506,1773,CMM549
1520,LAW506,2036,POL520
1521,LAW506,129,CMM526
1521,LAW506,1686,CMM529
1521,LAW506,1439,POL520
1521,LAW506,1200,CMM533
1521,LAW506,1201,CMM533
1521,LAW506,1975,ACF520
1521,LAW506,828,CMM553
1521,LAW506,1086,LAW562
1521,LAW506,1856,CMM547
1521,LAW506,1857,CMM560
1521,LAW506,600,LAW516
1521,LAW506,346,CMM521
1521,LAW506,993,LAW550
1521,LAW506,994,LAW550
1521,LAW506,995,LAW550
1521,LAW506,1511,LAW560
1521,LAW506,1512,LAW543
1521,LAW506,1768,CMM533
1521,LAW506,1773,CMM549
1521,LAW506,2036,POL520
1975,ACF520,1157,ECO517
1975,ACF520,708,LAW506
1975,ACF520,1135,ACF527
708,LAW506,129,CMM526
708,LAW506,1686,CMM529
708,LAW506,1200,CMM533
708,LAW506,1201,CMM533
708,LAW506,828,CMM553
708,LAW506,1086,LAW562
708,LAW506,1856,CMM547
708,LAW506,1857,CMM560
708,LAW506,600,LAW516
708,LAW506,346,CMM521
708,LAW506,993,LAW550
708,LAW506,1511,LAW560
708,LAW506,1512,LAW543
708,LAW506,1768,CMM533
708,LAW506,1773,CMM549
708,LAW506,2036,POL520
1135,ACF527,1157,ECO517
1135,ACF527,1255,ECO514
1135,ACF527,1902,ECO514
1135,ACF527,884,ECO554
1135,ACF527,86,ECO516
1135,ACF527,1594,ECO512
1157,ECO517,1255,ECO514
1157,ECO517,1902,ECO514
1157,ECO517,884,ECO554
1157,ECO517,86,ECO516
1157,ECO517,1594,ECO512
1157,ECO517,1436,ECO541
66,SUR323,1990,SUR316
66,SUR323,1991,SUR316
66,SUR323,2029,SUR348
66,SUR323,2030,SUR348
66,SUR323,272,SUR348
66,SUR323,1233,BEN312
66,SUR323,631,SUR348
66,SUR323,632,SUR348
66,SUR323,2042,SUR348
66,SUR323,155,SUR316
66,SUR323,1117,SUR348
66,SUR323,1278,SUR348
155,SUR316,1569,SUR323
155,SUR316,67,SUR323
155,SUR316,1570,SUR323
155,SUR316,2029,SUR348
155,SUR316,2030,SUR348
155,SUR316,2031,SUR323
155,SUR316,272,SUR348
155,SUR316,1233,BEN312
155,SUR316,658,SUR323
155,SUR316,2032,SUR323
155,SUR316,631,SUR348
155,SUR316,632,SUR348
155,SUR316,2042,SUR348
155,SUR316,764,SUR323
155,SUR316,1117,SUR348
155,SUR316,1278,SUR348
272,SUR348,1569,SUR323
272,SUR348,67,SUR323
272,SUR348,1570,SUR323
272,SUR348,1990,SUR316
272,SUR348,1991,SUR316
272,SUR348,2031,SUR323
272,SUR348,2032,SUR323
272,SUR348,1233,BEN312
631,SUR348,1569,SUR323
631,SUR348,67,SUR323
631,SUR348,1570,SUR323
631,SUR348,1990,SUR316
631,SUR348,1991,SUR316
631,SUR348,2031,SUR323
631,SUR348,2032,SUR323
631,SUR348,1233,BEN312
631,SUR348,658,SUR323
631,SUR348,764,SUR323
632,SUR348,1569,SUR323
632,SUR348,67,SUR323
632,SUR348,1570,SUR323
632,SUR348,1990,SUR316
632,SUR348,1991,SUR316
632,SUR348,2031,SUR323
632,SUR348,2032,SUR323
632,SUR348,1233,BEN312
632,SUR348,658,SUR323
632,SUR348,764,SUR323
1117,SUR348,1569,SUR323
1117,SUR348,67,SUR323
1117,SUR348,1570,SUR323
1117,SUR348,1990,SUR316
1117,SUR348,1991,SUR316
1117,SUR348,2031,SUR323
1117,SUR348,2032,SUR323
1117,SUR348,1233,BEN312
1117,SUR348,658,SUR323
1117,SUR348,764,SUR323
1233,BEN312,1926,COM397
1233,BEN312,1834,BEN314
1233,BEN312,781,MEC358
1233,BEN312,1421,BLD304
1233,BEN312,782,MEC358
1233,BEN312,1941,ENH323
1233,BEN312,1942,ENH323
1233,BEN312,1566,CMP330
1233,BEN312,1440,BEN315
1233,BEN312,1569,SUR323
1233,BEN312,1570,SUR323
1233,BEN312,1188,SUR344
1233,BEN312,1833,CMP301
1233,BEN312,681,CMP331
1233,BEN312,937,CMP302
1233,BEN312,1321,CMP330
1233,BEN312,684,CMP302
1233,BEN312,685,CMP302
1233,BEN312,1323,COM397
1233,BEN312,943,BEN315
1233,BEN312,1324,COM397
1233,BEN312,1326,CMP301
1233,BEN312,1327,COM399
1233,BEN312,1979,EEE316
1233,BEN312,67,SUR323
1233,BEN312,1475,ENH323
1233,BEN312,1990,SUR316
1233,BEN312,1991,SUR316
1233,BEN312,711,BLD304
1233,BEN312,712,BLD304
1233,BEN312,837,CMP331
1233,BEN312,1353,CMP329
1233,BEN312,1356,CMP330
1233,BEN312,1486,SUR344
1233,BEN312,979,EEE316
1233,BEN312,597,CMP329
1233,BEN312,598,CMP329
1233,BEN312,606,ARC322
1233,BEN312,736,MEC358
1233,BEN312,738,MEC316
1233,BEN312,1123,BEN315
1233,BEN312,486,ARC328
1233,BEN312,232,SUR335
1233,BEN312,2029,SUR348
1233,BEN312,2030,SUR348
1233,BEN312,2031,SUR323
1233,BEN312,2032,SUR323
1233,BEN312,493,ARC328
1233,BEN312,1136,MEC358
1233,BEN312,1389,MEC316
1233,BEN312,1273,EEE316
1233,BEN312,2042,SUR348
1233,BEN312,1782,COM399
1233,BEN312,380,EEE316
1233,BEN312,2038,COM399
1233,BEN312,1278,SUR348
1278,SUR348,1569,SUR323
1278,SUR348,67,SUR323
1278,SUR348,1570,SUR323
1278,SUR348,1990,SUR316
1278,SUR348,1991,SUR316
1278,SUR348,2031,SUR323
1278,SUR348,2032,SUR323
1278,SUR348,658,SUR323
1278,SUR348,764,SUR323
1990,SUR316,1569,SUR323
1990,SUR316,67,SUR323
1990,SUR316,1570,SUR323
1990,SUR316,2029,SUR348
1990,SUR316,2030,SUR348
1990,SUR316,2031,SUR323
1990,SUR316,658,SUR323
1990,SUR316,2032,SUR323
1990,SUR316,2042,SUR348
1990,SUR316,764,SUR323
1991,SUR316,1569,SUR323
1991,SUR316,67,SUR323
1991,SUR316,1570,SUR323
1991,SUR316,2029,SUR348
1991,SUR316,2030,SUR348
1991,SUR316,2031,SUR323
1991,SUR316,658,SUR323
1991,SUR316,2032,SUR323
1991,SUR316,2042,SUR348
1991,SUR316,764,SUR323
2029,SUR348,1569,SUR323
2029,SUR348,67,SUR323
2029,SUR348,1570,SUR323
2029,SUR348,2031,SUR323
2029,SUR348,2032,SUR323
2029,SUR348,658,SUR323
2029,SUR348,764,SUR323
2030,SUR348,1569,SUR323
2030,SUR348,67,SUR323
2030,SUR348,1570,SUR323
2030,SUR348,2031,SUR323
2030,SUR348,2032,SUR323
2030,SUR348,658,SUR323
2030,SUR348,764,SUR323
2042,SUR348,1569,SUR323
2042,SUR348,67,SUR323
2042,SUR348,1570,SUR323
2042,SUR348,2031,SUR323
2042,SUR348,2032,SUR323
600,LAW516,129,CMM526
600,LAW516,1686,CMM529
600,LAW516,1439,POL520
600,LAW516,1200,CMM533
600,LAW516,1201,CMM533
600,LAW516,828,CMM553
600,LAW516,1086,LAW562
600,LAW516,1856,CMM547
600,LAW516,1857,CMM560
600,LAW516,346,CMM521
600,LAW516,993,LAW550
600,LAW516,994,LAW550
600,LAW516,995,LAW550
600,LAW516,1511,LAW560
600,LAW516,1512,LAW543
600,LAW516,1768,CMM533
600,LAW516,1773,CMM549
600,LAW516,2036,POL520
993,LAW550,129,CMM526
993,LAW550,1686,CMM529
993,LAW550,1439,POL520
993,LAW550,1200,CMM533
993,LAW550,1201,CMM533
993,LAW550,828,CMM553
993,LAW550,1086,LAW562
993,LAW550,1856,CMM547
993,LAW550,1857,CMM560
993,LAW550,346,CMM521
993,LAW550,1511,LAW560
993,LAW550,1512,LAW543
993,LAW550,1768,CMM533
993,LAW550,1773,CMM549
993,LAW550,2036,POL520
994,LAW550,129,CMM526
994,LAW550,1686,CMM529
994,LAW550,1439,POL520
994,LAW550,1200,CMM533
994,LAW550,1201,CMM533
994,LAW550,828,CMM553
994,LAW550,1086,LAW562
994,LAW550,1856,CMM547
994,LAW550,1857,CMM560
994,LAW550,346,CMM521
994,LAW550,1511,LAW560
994,LAW550,1512,LAW543
994,LAW550,1768,CMM533
994,LAW550,1773,CMM549
994,LAW550,2036,POL520
995,LAW550,129,CMM526
995,LAW550,1686,CMM529
995,LAW550,1439,POL520
995,LAW550,1200,CMM533
995,LAW550,1201,CMM533
995,LAW550,828,CMM553
995,LAW550,1086,LAW562
995,LAW550,1856,CMM547
995,LAW550,1857,CMM560
995,LAW550,346,CMM521
995,LAW550,1511,LAW560
995,LAW550,1512,LAW543
995,LAW550,1768,CMM533
995,LAW550,1773,CMM549
995,LAW550,2036,POL520
1086,LAW562,1439,POL520
1086,LAW562,1511,LAW560
1086,LAW562,1512,LAW543
1086,LAW562,2036,POL520
1439,POL520,129,CMM526
1439,POL520,1686,CMM529
1439,POL520,1200,CMM533
1439,POL520,1201,CMM533
1439,POL520,828,CMM553
1439,POL520,1856,CMM547
1439,POL520,1857,CMM560
1439,POL520,346,CMM521
1439,POL520,607,SOC517
1439,POL520,1511,LAW560
1439,POL520,1512,LAW543
1439,POL520,1768,CMM533
1439,POL520,1773,CMM549
1511,LAW560,1512,LAW543
1511,LAW560,2036,POL520
1512,LAW543,129,CMM526
1512,LAW543,1686,CMM529
1512,LAW543,1200,CMM533
1512,LAW543,1201,CMM533
1512,LAW543,828,CMM553
1512,LAW543,1856,CMM547
1512,LAW543,1857,CMM560
1512,LAW543,346,CMM521
1512,LAW543,1768,CMM533
1512,LAW543,1773,CMM549
1512,LAW543,2036,POL520
2036,POL520,129,CMM526
2036,POL520,1686,CMM529
2036,POL520,1200,CMM533
2036,POL520,1201,CMM533
2036,POL520,828,CMM553
2036,POL520,1856,CMM547
2036,POL520,1857,CMM560
2036,POL520,346,CMM521
2036,POL520,607,SOC517
2036,POL520,1768,CMM533
2036,POL520,1773,CMM549
129,CMM526,1420,CMM574
129,CMM526,784,CMM574
129,CMM526,1686,CMM529
129,CMM526,1200,CMM533
129,CMM526,1201,CMM533
129,CMM526,828,CMM553
129,CMM526,1856,CMM547
129,CMM526,1857,CMM560
129,CMM526,346,CMM521
129,CMM526,860,CMM538
129,CMM526,1125,CMM545
129,CMM526,1768,CMM533
129,CMM526,1773,CMM549
346,CMM521,1686,CMM529
346,CMM521,1200,CMM533
346,CMM521,1201,CMM533
346,CMM521,828,CMM553
346,CMM521,1856,CMM547
346,CMM521,1857,CMM560
346,CMM521,1125,CMM545
346,CMM521,1768,CMM533
346,CMM521,1773,CMM549
828,CMM553,1686,CMM529
828,CMM553,1200,CMM533
828,CMM553,1201,CMM533
828,CMM553,1856,CMM547
828,CMM553,1857,CMM560
828,CMM553,1125,CMM545
828,CMM553,1768,CMM533
828,CMM553,1773,CMM549
1200,CMM533,1420,CMM574
1200,CMM533,784,CMM574
1200,CMM533,1686,CMM529
1200,CMM533,1856,CMM547
1200,CMM533,1857,CMM560
1200,CMM533,1773,CMM549
1201,CMM533,1420,CMM574
1201,CMM533,784,CMM574
1201,CMM533,1686,CMM529
1201,CMM533,1856,CMM547
1201,CMM533,1857,CMM560
1201,CMM533,1773,CMM549
1686,CMM529,1420,CMM574
1686,CMM529,784,CMM574
1686,CMM529,1856,CMM547
1686,CMM529,1857,CMM560
1686,CMM529,860,CMM538
1686,CMM529,1125,CMM545
1686,CMM529,1768,CMM533
1686,CMM529,1773,CMM549
1768,CMM533,1420,CMM574
1768,CMM533,784,CMM574
1768,CMM533,1856,CMM547
1768,CMM533,1857,CMM560
1768,CMM533,1773,CMM549
1773,CMM549,1856,CMM547
1773,CMM549,1857,CMM560
1773,CMM549,1125,CMM545
1856,CMM547,1420,CMM574
1856,CMM547,784,CMM574
1856,CMM547,1857,CMM560
1857,CMM560,1420,CMM574
1857,CMM560,784,CMM574
1857,CMM560,860,CMM538
71,BMG843,785,BMG835
71,BMG843,1925,BMG855
785,BMG835,1993,BMG843
785,BMG835,1925,BMG855
1925,BMG855,1993,BMG843
1925,BMG855,847,ACF838
1925,BMG855,1146,LAW801
1925,BMG855,1147,BMG803
72,LAW339,1159,BEN319
72,LAW339,1099,SUR349
72,LAW339,1164,SUR329
72,LAW339,654,SUR329
72,LAW339,538,SUR329
72,LAW339,340,BEN319
72,LAW339,1274,SUR349
72,LAW339,2011,SUR349
340,BEN319,1164,SUR329
340,BEN319,654,SUR329
340,BEN319,538,SUR329
340,BEN319,2044,LAW339
538,SUR329,1159,BEN319
538,SUR329,1099,SUR349
538,SUR329,1274,SUR349
538,SUR329,2011,SUR349
538,SUR329,2044,LAW339
654,SUR329,1159,BEN319
654,SUR329,2011,SUR349
654,SUR329,2044,LAW339
1159,BEN319,1164,SUR329
1159,BEN319,2044,LAW339
1164,SUR329,2011,SUR349
1164,SUR329,2044,LAW339
2044,LAW339,1099,SUR349
2044,LAW339,2011,SUR349
78,BEN514,251,BEN515
78,BEN514,462,BEN503
251,BEN515,1112,BEN514
251,BEN515,1435,BEN514
251,BEN515,462,BEN503
1112,BEN514,462,BEN503
1435,BEN514,462,BEN503
90,BMG631,99,BMG606
90,BMG631,1907,BMG603
90,BMG631,2039,BMG603
99,BMG606,1907,BMG603
99,BMG606,2037,BMG631
99,BMG606,2039,BMG603
1907,BMG603,1062,BMG600
1907,BMG603,1063,BMG600
1907,BMG603,2037,BMG631
2039,BMG603,1058,BMG634
2039,BMG603,1059,BMG634
2039,BMG603,1062,BMG600
2039,BMG603,1063,BMG600
2039,BMG603,2037,BMG631
86,ECO516,1255,ECO514
86,ECO516,1902,ECO514
86,ECO516,884,ECO554
86,ECO516,1594,ECO512
86,ECO516,1436,ECO541
884,ECO554,1255,ECO514
884,ECO554,1902,ECO514
884,ECO554,1594,ECO512
884,ECO554,1436,ECO541
1255,ECO514,1594,ECO512
1255,ECO514,1436,ECO541
1436,ECO541,1902,ECO514
1436,ECO541,1594,ECO512
1594,ECO512,1902,ECO514
1206,MKT329,801,MKT353
1206,MKT329,1930,MKT303
1206,MKT329,1931,MKT303
1206,MKT329,1810,ACF360
1206,MKT329,760,MKT303
1810,ACF360,1004,ACF306
1810,ACF360,1901,LAW338
1810,ACF360,1100,LAW338
1810,ACF360,369,LAW338
1810,ACF360,1972,LAW338
1810,ACF360,1812,ACF306
92,BMG456,1448,BMG499
92,BMG456,1001,BMG474
92,BMG456,1811,BMG455
1001,BMG474,1448,BMG499
1448,BMG499,1898,BMG456
1448,BMG499,1811,BMG455
1811,BMG455,1898,BMG456
399,SOC336,539,LAW337
1105,SOC336,539,LAW337
1118,SOC336,539,LAW337
711,BLD304,1440,BEN315
711,BLD304,1123,BEN315
711,BLD304,1030,BEN314
711,BLD304,2055,ENE301
711,BLD304,1834,BEN314
711,BLD304,943,BEN315
711,BLD304,1586,BEN314
711,BLD304,341,BEN315
711,BLD304,1461,CIV310
712,BLD304,1440,BEN315
712,BLD304,1123,BEN315
712,BLD304,1030,BEN314
712,BLD304,2055,ENE301
712,BLD304,1834,BEN314
712,BLD304,943,BEN315
712,BLD304,1586,BEN314
712,BLD304,341,BEN315
712,BLD304,1461,CIV310
1421,BLD304,1440,BEN315
1421,BLD304,1123,BEN315
1421,BLD304,1030,BEN314
1421,BLD304,2055,ENE301
1421,BLD304,1834,BEN314
1421,BLD304,943,BEN315
1421,BLD304,1586,BEN314
1421,BLD304,341,BEN315
1421,BLD304,1461,CIV310
341,BEN315,1926,COM397
341,BEN315,1030,BEN314
341,BEN315,136,CMP301
341,BEN315,1031,SUR344
341,BEN315,1834,BEN314
341,BEN315,781,MEC358
341,BEN315,782,MEC358
341,BEN315,1941,ENH323
341,BEN315,1942,ENH323
341,BEN315,1566,CMP330
341,BEN315,1188,SUR344
341,BEN315,1833,CMP301
341,BEN315,681,CMP331
341,BEN315,937,CMP302
341,BEN315,1321,CMP330
341,BEN315,684,CMP302
341,BEN315,685,CMP302
341,BEN315,1323,COM397
341,BEN315,1324,COM397
341,BEN315,1326,CMP301
341,BEN315,1327,COM399
341,BEN315,1586,BEN314
341,BEN315,1590,ARC322
341,BEN315,1979,EEE316
341,BEN315,1475,ENH323
341,BEN315,837,CMP331
341,BEN315,1353,CMP329
341,BEN315,1863,SUR344
341,BEN315,1356,CMP330
341,BEN315,1486,SUR344
341,BEN315,979,EEE316
341,BEN315,597,CMP329
341,BEN315,598,CMP329
341,BEN315,606,ARC322
341,BEN315,736,MEC358
341,BEN315,738,MEC316
341,BEN315,486,ARC328
341,BEN315,232,SUR335
341,BEN315,493,ARC328
341,BEN315,1136,MEC358
341,BEN315,1389,MEC316
341,BEN315,1782,COM399
341,BEN315,2038,COM399
341,BEN315,1273,EEE316
341,BEN315,380,EEE316
943,BEN315,1030,BEN314
943,BEN315,1031,SUR344
943,BEN315,136,CMP301
943,BEN315,1926,COM397
943,BEN315,1834,BEN314
943,BEN315,781,MEC358
943,BEN315,782,MEC358
943,BEN315,1941,ENH323
943,BEN315,1942,ENH323
943,BEN315,1566,CMP330
943,BEN315,1188,SUR344
943,BEN315,1833,CMP301
943,BEN315,681,CMP331
943,BEN315,937,CMP302
943,BEN315,1321,CMP330
943,BEN315,684,CMP302
943,BEN315,685,CMP302
943,BEN315,1323,COM397
943,BEN315,1324,COM397
943,BEN315,1326,CMP301
943,BEN315,1327,COM399
943,BEN315,1586,BEN314
943,BEN315,1590,ARC322
943,BEN315,1979,EEE316
943,BEN315,1475,ENH323
943,BEN315,837,CMP331
943,BEN315,1353,CMP329
943,BEN315,1863,SUR344
943,BEN315,1356,CMP330
943,BEN315,1486,SUR344
943,BEN315,979,EEE316
943,BEN315,597,CMP329
943,BEN315,598,CMP329
943,BEN315,606,ARC322
943,BEN315,736,MEC358
943,BEN315,738,MEC316
943,BEN315,486,ARC328
943,BEN315,232,SUR335
943,BEN315,493,ARC328
943,BEN315,1136,MEC358
943,BEN315,1389,MEC316
943,BEN315,1141,MEC358
943,BEN315,1782,COM399
943,BEN315,2038,COM399
943,BEN315,761,ARC322
943,BEN315,1273,EEE316
943,BEN315,380,EEE316
1123,BEN315,1030,BEN314
1123,BEN315,1031,SUR344
1123,BEN315,136,CMP301
1123,BEN315,1926,COM397
1123,BEN315,1834,BEN314
1123,BEN315,781,MEC358
1123,BEN315,782,MEC358
1123,BEN315,1941,ENH323
1123,BEN315,1942,ENH323
1123,BEN315,1566,CMP330
1123,BEN315,1188,SUR344
1123,BEN315,1833,CMP301
1123,BEN315,681,CMP331
1123,BEN315,937,CMP302
1123,BEN315,1321,CMP330
1123,BEN315,684,CMP302
1123,BEN315,685,CMP302
1123,BEN315,1323,COM397
1123,BEN315,1324,COM397
1123,BEN315,1326,CMP301
1123,BEN315,1327,COM399
1123,BEN315,1586,BEN314
1123,BEN315,1590,ARC322
1123,BEN315,1979,EEE316
1123,BEN315,1475,ENH323
1123,BEN315,837,CMP331
1123,BEN315,1353,CMP329
1123,BEN315,1863,SUR344
1123,BEN315,1356,CMP330
1123,BEN315,1486,SUR344
1123,BEN315,979,EEE316
1123,BEN315,597,CMP329
1123,BEN315,598,CMP329
1123,BEN315,606,ARC322
1123,BEN315,736,MEC358
1123,BEN315,738,MEC316
1123,BEN315,486,ARC328
1123,BEN315,232,SUR335
1123,BEN315,493,ARC328
1123,BEN315,1136,MEC358
1123,BEN315,1389,MEC316
1123,BEN315,1141,MEC358
1123,BEN315,1782,COM399
1123,BEN315,2038,COM399
1123,BEN315,761,ARC322
1123,BEN315,1273,EEE316
1123,BEN315,380,EEE316
1440,BEN315,1030,BEN314
1440,BEN315,1031,SUR344
1440,BEN315,136,CMP301
1440,BEN315,1926,COM397
1440,BEN315,1834,BEN314
1440,BEN315,781,MEC358
1440,BEN315,782,MEC358
1440,BEN315,1941,ENH323
1440,BEN315,1942,ENH323
1440,BEN315,1566,CMP330
1440,BEN315,1188,SUR344
1440,BEN315,1833,CMP301
1440,BEN315,681,CMP331
1440,BEN315,937,CMP302
1440,BEN315,1321,CMP330
1440,BEN315,684,CMP302
1440,BEN315,685,CMP302
1440,BEN315,1323,COM397
1440,BEN315,1324,COM397
1440,BEN315,1326,CMP301
1440,BEN315,1327,COM399
1440,BEN315,1586,BEN314
1440,BEN315,1590,ARC322
1440,BEN315,1979,EEE316
1440,BEN315,1475,ENH323
1440,BEN315,837,CMP331
1440,BEN315,1353,CMP329
1440,BEN315,1863,SUR344
1440,BEN315,1356,CMP330
1440,BEN315,1486,SUR344
1440,BEN315,979,EEE316
1440,BEN315,597,CMP329
1440,BEN315,598,CMP329
1440,BEN315,606,ARC322
1440,BEN315,736,MEC358
1440,BEN315,738,MEC316
1440,BEN315,486,ARC328
1440,BEN315,232,SUR335
1440,BEN315,493,ARC328
1440,BEN315,1136,MEC358
1440,BEN315,1389,MEC316
1440,BEN315,1141,MEC358
1440,BEN315,1782,COM399
1440,BEN315,2038,COM399
1440,BEN315,761,ARC322
1440,BEN315,1273,EEE316
1440,BEN315,380,EEE316
103,PUP101,1920,SOC110
103,PUP101,514,DES142
103,PUP101,516,DES142
103,PUP101,1158,POL109
103,PUP101,383,DES142
103,PUP101,1161,TDF103
103,PUP101,1162,TDF103
103,PUP101,395,TDF104
103,PUP101,396,DES142
103,PUP101,1422,CMM151
103,PUP101,1425,LAW139
103,PUP101,146,CMM109
103,PUP101,1426,LAW139
103,PUP101,1944,LAW101
103,PUP101,1689,POL109
103,PUP101,1690,CMM107
103,PUP101,793,LAW140
103,PUP101,154,CMM172
103,PUP101,152,PUP120
103,PUP101,542,LAW140
103,PUP101,1573,LAW143
103,PUP101,1580,ART104
103,PUP101,1069,CMM175
103,PUP101,1071,SOC110
103,PUP101,1454,LAW139
103,PUP101,1073,LAW139
103,PUP101,1074,LAW139
103,PUP101,1075,LAW143
103,PUP101,1455,LAW140
103,PUP101,1456,LAW140
103,PUP101,1581,POL117
103,PUP101,696,CMM170
103,PUP101,1210,CMM107
103,PUP101,961,CMM175
103,PUP101,1985,TDF104
103,PUP101,1092,CMM109
103,PUP101,719,CMM170
103,PUP101,849,CMM167
103,PUP101,980,PUP121
103,PUP101,1111,CMM151
103,PUP101,856,LAW143
103,PUP101,857,LAW143
103,PUP101,858,LAW143
103,PUP101,1627,LAW139
103,PUP101,218,PUP120
103,PUP101,1630,LAW140
103,PUP101,1250,SOC103
103,PUP101,740,SOC103
103,PUP101,741,SOC103
103,PUP101,1124,PUP121
103,PUP101,1126,POL103
103,PUP101,1127,CMM170
103,PUP101,1766,ART103
103,PUP101,122,ART103
103,PUP101,1003,CMM176
103,PUP101,497,ART104
103,PUP101,498,ART104
103,PUP101,885,LAW140
103,PUP101,886,LAW140
103,PUP101,1014,TDF103
103,PUP101,1781,CMM167
103,PUP101,1786,ART104
103,PUP101,123,POL103
103,PUP101,124,POL103
103,PUP101,127,POL117
122,ART103,1920,SOC110
122,ART103,514,DES142
122,ART103,516,DES142
122,ART103,1158,POL109
122,ART103,383,DES142
122,ART103,1161,TDF103
122,ART103,1162,TDF103
122,ART103,395,TDF104
122,ART103,396,DES142
122,ART103,1418,TDF104
122,ART103,1422,CMM151
122,ART103,1425,LAW139
122,ART103,146,CMM109
122,ART103,1426,LAW139
122,ART103,1944,LAW101
122,ART103,1689,POL109
122,ART103,1690,CMM107
122,ART103,793,LAW140
122,ART103,154,CMM172
122,ART103,542,LAW140
122,ART103,1573,LAW143
122,ART103,1580,ART104
122,ART103,1069,CMM175
122,ART103,1071,SOC110
122,ART103,1454,LAW139
122,ART103,1073,LAW139
122,ART103,1074,LAW139
122,ART103,1075,LAW143
122,ART103,1455,LAW140
122,ART103,1456,LAW140
122,ART103,1581,POL117
122,ART103,696,CMM170
122,ART103,1210,CMM107
122,ART103,961,CMM175
122,ART103,1985,TDF104
122,ART103,1092,CMM109
122,ART103,849,CMM167
122,ART103,980,PUP121
122,ART103,1111,CMM151
122,ART103,856,LAW143
122,ART103,857,LAW143
122,ART103,858,LAW143
122,ART103,1114,PUP101
122,ART103,1627,LAW139
122,ART103,1630,LAW140
122,ART103,1250,SOC103
122,ART103,740,SOC103
122,ART103,741,SOC103
122,ART103,1124,PUP121
122,ART103,1126,POL103
122,ART103,1127,CMM170
122,ART103,1003,CMM176
122,ART103,497,ART104
122,ART103,498,ART104
122,ART103,885,LAW140
122,ART103,886,LAW140
122,ART103,1014,TDF103
122,ART103,1781,CMM167
122,ART103,1786,ART104
122,ART103,123,POL103
122,ART103,124,POL103
122,ART103,127,POL117
123,POL103,1920,SOC110
123,POL103,514,DES142
123,POL103,516,DES142
123,POL103,1158,POL109
123,POL103,383,DES142
123,POL103,1161,TDF103
123,POL103,1162,TDF103
123,POL103,395,TDF104
123,POL103,396,DES142
123,POL103,1422,CMM151
123,POL103,1425,LAW139
123,POL103,146,CMM109
123,POL103,1426,LAW139
123,POL103,1944,LAW101
123,POL103,1689,POL109
123,POL103,1690,CMM107
123,POL103,793,LAW140
123,POL103,154,CMM172
123,POL103,152,PUP120
123,POL103,542,LAW140
123,POL103,1573,LAW143
123,POL103,1580,ART104
123,POL103,1069,CMM175
123,POL103,1071,SOC110
123,POL103,1454,LAW139
123,POL103,1073,LAW139
123,POL103,1074,LAW139
123,POL103,1075,LAW143
123,POL103,1455,LAW140
123,POL103,1456,LAW140
123,POL103,1581,POL117
123,POL103,696,CMM170
123,POL103,1210,CMM107
123,POL103,961,CMM175
123,POL103,1985,TDF104
123,POL103,1092,CMM109
123,POL103,849,CMM167
123,POL103,980,PUP121
123,POL103,1111,CMM151
123,POL103,856,LAW143
123,POL103,857,LAW143
123,POL103,858,LAW143
123,POL103,1114,PUP101
123,POL103,1627,LAW139
123,POL103,218,PUP120
123,POL103,1630,LAW140
123,POL103,1250,SOC103
123,POL103,740,SOC103
123,POL103,741,SOC103
123,POL103,1124,PUP121
123,POL103,1127,CMM170
123,POL103,1766,ART103
123,POL103,1003,CMM176
123,POL103,497,ART104
123,POL103,498,ART104
123,POL103,885,LAW140
123,POL103,886,LAW140
123,POL103,1014,TDF103
123,POL103,1781,CMM167
123,POL103,1786,ART104
123,POL103,127,POL117
124,POL103,1920,SOC110
124,POL103,514,DES142
124,POL103,516,DES142
124,POL103,1158,POL109
124,POL103,383,DES142
124,POL103,1161,TDF103
124,POL103,1162,TDF103
124,POL103,395,TDF104
124,POL103,396,DES142
124,POL103,1422,CMM151
124,POL103,1425,LAW139
124,POL103,146,CMM109
124,POL103,1426,LAW139
124,POL103,1944,LAW101
124,POL103,1689,POL109
124,POL103,1690,CMM107
124,POL103,793,LAW140
124,POL103,154,CMM172
124,POL103,152,PUP120
124,POL103,542,LAW140
124,POL103,1573,LAW143
124,POL103,1580,ART104
124,POL103,1069,CMM175
124,POL103,1071,SOC110
124,POL103,1454,LAW139
124,POL103,1073,LAW139
124,POL103,1074,LAW139
124,POL103,1075,LAW143
124,POL103,1455,LAW140
124,POL103,1456,LAW140
124,POL103,1581,POL117
124,POL103,696,CMM170
124,POL103,1210,CMM107
124,POL103,961,CMM175
124,POL103,1985,TDF104
124,POL103,1092,CMM109
124,POL103,849,CMM167
124,POL103,980,PUP121
124,POL103,1111,CMM151
124,POL103,856,LAW143
124,POL103,857,LAW143
124,POL103,858,LAW143
124,POL103,1114,PUP101
124,POL103,1627,LAW139
124,POL103,218,PUP120
124,POL103,1630,LAW140
124,POL103,1250,SOC103
124,POL103,740,SOC103
124,POL103,741,SOC103
124,POL103,1124,PUP121
124,POL103,1127,CMM170
124,POL103,1766,ART103
124,POL103,1003,CMM176
124,POL103,497,ART104
124,POL103,498,ART104
124,POL103,885,LAW140
124,POL103,886,LAW140
124,POL103,1014,TDF103
124,POL103,1781,CMM167
124,POL103,1786,ART104
124,POL103,127,POL117
127,POL117,1920,SOC110
127,POL117,514,DES142
127,POL117,516,DES142
127,POL117,1158,POL109
127,POL117,1161,TDF103
127,POL117,1162,TDF103
127,POL117,395,TDF104
127,POL117,396,DES142
127,POL117,1422,CMM151
127,POL117,1425,LAW139
127,POL117,146,CMM109
127,POL117,1426,LAW139
127,POL117,1944,LAW101
127,POL117,1689,POL109
127,POL117,1690,CMM107
127,POL117,793,LAW140
127,POL117,154,CMM172
127,POL117,152,PUP120
127,POL117,542,LAW140
127,POL117,1573,LAW143
127,POL117,1580,ART104
127,POL117,1069,CMM175
127,POL117,1071,SOC110
127,POL117,1454,LAW139
127,POL117,1073,LAW139
127,POL117,1074,LAW139
127,POL117,1075,LAW143
127,POL117,1455,LAW140
127,POL117,1456,LAW140
127,POL117,696,CMM170
127,POL117,1210,CMM107
127,POL117,961,CMM175
127,POL117,1985,TDF104
127,POL117,1092,CMM109
127,POL117,719,CMM170
127,POL117,849,CMM167
127,POL117,980,PUP121
127,POL117,1111,CMM151
127,POL117,856,LAW143
127,POL117,857,LAW143
127,POL117,858,LAW143
127,POL117,1114,PUP101
127,POL117,1627,LAW139
127,POL117,218,PUP120
127,POL117,1630,LAW140
127,POL117,1250,SOC103
127,POL117,740,SOC103
127,POL117,741,SOC103
127,POL117,1124,PUP121
127,POL117,1126,POL103
127,POL117,1127,CMM170
127,POL117,1766,ART103
127,POL117,1003,CMM176
127,POL117,497,ART104
127,POL117,498,ART104
127,POL117,885,LAW140
127,POL117,886,LAW140
127,POL117,1014,TDF103
127,POL117,1781,CMM167
127,POL117,1786,ART104
127,POL117,383,DES142
146,CMM109,1920,SOC110
146,CMM109,514,DES142
146,CMM109,516,DES142
146,CMM109,1158,POL109
146,CMM109,383,DES142
146,CMM109,1161,TDF103
146,CMM109,1162,TDF103
146,CMM109,395,TDF104
146,CMM109,396,DES142
146,CMM109,1418,TDF104
146,CMM109,1422,CMM151
146,CMM109,1425,LAW139
146,CMM109,1426,LAW139
146,CMM109,1944,LAW101
146,CMM109,1689,POL109
146,CMM109,1690,CMM107
146,CMM109,793,LAW140
146,CMM109,154,CMM172
146,CMM109,542,LAW140
146,CMM109,1573,LAW143
146,CMM109,1580,ART104
146,CMM109,1069,CMM175
146,CMM109,1071,SOC110
146,CMM109,1454,LAW139
146,CMM109,1073,LAW139
146,CMM109,1074,LAW139
146,CMM109,1075,LAW143
146,CMM109,1455,LAW140
146,CMM109,1456,LAW140
146,CMM109,1581,POL117
146,CMM109,696,CMM170
146,CMM109,1210,CMM107
146,CMM109,961,CMM175
146,CMM109,1985,TDF104
146,CMM109,849,CMM167
146,CMM109,980,PUP121
146,CMM109,1111,CMM151
146,CMM109,856,LAW143
146,CMM109,857,LAW143
146,CMM109,858,LAW143
146,CMM109,1114,PUP101
146,CMM109,1627,LAW139
146,CMM109,1630,LAW140
146,CMM109,1250,SOC103
146,CMM109,740,SOC103
146,CMM109,741,SOC103
146,CMM109,1124,PUP121
146,CMM109,1126,POL103
146,CMM109,1127,CMM170
146,CMM109,1766,ART103
146,CMM109,1003,CMM176
146,CMM109,497,ART104
146,CMM109,498,ART104
146,CMM109,885,LAW140
146,CMM109,886,LAW140
146,CMM109,1014,TDF103
146,CMM109,1781,CMM167
146,CMM109,1786,ART104
154,CMM172,1920,SOC110
154,CMM172,514,DES142
154,CMM172,516,DES142
154,CMM172,1158,POL109
154,CMM172,383,DES142
154,CMM172,1161,TDF103
154,CMM172,1162,TDF103
154,CMM172,395,TDF104
154,CMM172,396,DES142
154,CMM172,1418,TDF104
154,CMM172,1422,CMM151
154,CMM172,1425,LAW139
154,CMM172,1426,LAW139
154,CMM172,1944,LAW101
154,CMM172,1689,POL109
154,CMM172,793,LAW140
154,CMM172,1690,CMM107
154,CMM172,542,LAW140
154,CMM172,1573,LAW143
154,CMM172,1580,ART104
154,CMM172,1069,CMM175
154,CMM172,1071,SOC110
154,CMM172,1454,LAW139
154,CMM172,1073,LAW139
154,CMM172,1074,LAW139
154,CMM172,1075,LAW143
154,CMM172,1455,LAW140
154,CMM172,1456,LAW140
154,CMM172,1581,POL117
154,CMM172,696,CMM170
154,CMM172,1210,CMM107
154,CMM172,961,CMM175
154,CMM172,1985,TDF104
154,CMM172,1092,CMM109
154,CMM172,719,CMM170
154,CMM172,849,CMM167
154,CMM172,980,PUP121
154,CMM172,1111,CMM151
154,CMM172,856,LAW143
154,CMM172,857,LAW143
154,CMM172,858,LAW143
154,CMM172,1114,PUP101
154,CMM172,1627,LAW139
154,CMM172,1630,LAW140
154,CMM172,1250,SOC103
154,CMM172,740,SOC103
154,CMM172,741,SOC103
154,CMM172,1124,PUP121
154,CMM172,1126,POL103
154,CMM172,1127,CMM170
154,CMM172,1766,ART103
154,CMM172,1003,CMM176
154,CMM172,497,ART104
154,CMM172,498,ART104
154,CMM172,885,LAW140
154,CMM172,886,LAW140
154,CMM172,1014,TDF103
154,CMM172,1781,CMM167
154,CMM172,1786,ART104
383,DES142,1920,SOC110
383,DES142,1158,POL109
383,DES142,1161,TDF103
383,DES142,1162,TDF103
383,DES142,395,TDF104
383,DES142,1418,TDF104
383,DES142,1422,CMM151
383,DES142,1425,LAW139
383,DES142,1426,LAW139
383,DES142,1944,LAW101
383,DES142,1689,POL109
383,DES142,1690,CMM107
383,DES142,793,LAW140
383,DES142,542,LAW140
383,DES142,1573,LAW143
383,DES142,1580,ART104
383,DES142,1069,CMM175
383,DES142,1071,SOC110
383,DES142,1454,LAW139
383,DES142,1073,LAW139
383,DES142,1074,LAW139
383,DES142,1075,LAW143
383,DES142,1455,LAW140
383,DES142,1456,LAW140
383,DES142,1581,POL117
383,DES142,696,CMM170
383,DES142,1210,CMM107
383,DES142,961,CMM175
383,DES142,1985,TDF104
383,DES142,1092,CMM109
383,DES142,719,CMM170
383,DES142,849,CMM167
383,DES142,980,PUP121
383,DES142,1111,CMM151
383,DES142,856,LAW143
383,DES142,857,LAW143
383,DES142,858,LAW143
383,DES142,1114,PUP101
383,DES142,1627,LAW139
383,DES142,1630,LAW140
383,DES142,1250,SOC103
383,DES142,740,SOC103
383,DES142,741,SOC103
383,DES142,1124,PUP121
383,DES142,1126,POL103
383,DES142,1127,CMM170
383,DES142,1766,ART103
383,DES142,1003,CMM176
383,DES142,497,ART104
383,DES142,498,ART104
383,DES142,885,LAW140
383,DES142,886,LAW140
383,DES142,1014,TDF103
383,DES142,1781,CMM167
383,DES142,1786,ART104
395,TDF104,1920,SOC110
395,TDF104,514,DES142
395,TDF104,516,DES142
395,TDF104,1158,POL109
395,TDF104,1161,TDF103
395,TDF104,1162,TDF103
395,TDF104,396,DES142
395,TDF104,1422,CMM151
395,TDF104,1425,LAW139
395,TDF104,1426,LAW139
395,TDF104,1944,LAW101
395,TDF104,1689,POL109
395,TDF104,1690,CMM107
395,TDF104,793,LAW140
395,TDF104,542,LAW140
395,TDF104,1573,LAW143
395,TDF104,1580,ART104
395,TDF104,1069,CMM175
395,TDF104,1071,SOC110
395,TDF104,1454,LAW139
395,TDF104,1073,LAW139
395,TDF104,1074,LAW139
395,TDF104,1075,LAW143
395,TDF104,1455,LAW140
395,TDF104,1456,LAW140
395,TDF104,1581,POL117
395,TDF104,696,CMM170
395,TDF104,1210,CMM107
395,TDF104,961,CMM175
395,TDF104,1092,CMM109
395,TDF104,849,CMM167
395,TDF104,980,PUP121
395,TDF104,1111,CMM151
395,TDF104,856,LAW143
395,TDF104,857,LAW143
395,TDF104,858,LAW143
395,TDF104,1114,PUP101
395,TDF104,1627,LAW139
395,TDF104,1630,LAW140
395,TDF104,1250,SOC103
395,TDF104,740,SOC103
395,TDF104,741,SOC103
395,TDF104,1124,PUP121
395,TDF104,1126,POL103
395,TDF104,1127,CMM170
395,TDF104,1766,ART103
395,TDF104,1003,CMM176
395,TDF104,497,ART104
395,TDF104,498,ART104
395,TDF104,885,LAW140
395,TDF104,886,LAW140
395,TDF104,1014,TDF103
395,TDF104,1781,CMM167
395,TDF104,1786,ART104
396,DES142,1920,SOC110
396,DES142,1158,POL109
396,DES142,1161,TDF103
396,DES142,1162,TDF103
396,DES142,1422,CMM151
396,DES142,1425,LAW139
396,DES142,1426,LAW139
396,DES142,1944,LAW101
396,DES142,1689,POL109
396,DES142,1690,CMM107
396,DES142,542,LAW140
396,DES142,1573,LAW143
396,DES142,1580,ART104
396,DES142,1069,CMM175
396,DES142,1071,SOC110
396,DES142,1454,LAW139
396,DES142,1073,LAW139
396,DES142,1074,LAW139
396,DES142,1075,LAW143
396,DES142,1455,LAW140
396,DES142,1456,LAW140
396,DES142,1581,POL117
396,DES142,696,CMM170
396,DES142,1210,CMM107
396,DES142,961,CMM175
396,DES142,1985,TDF104
396,DES142,1092,CMM109
396,DES142,719,CMM170
396,DES142,849,CMM167
396,DES142,980,PUP121
396,DES142,1111,CMM151
396,DES142,856,LAW143
396,DES142,857,LAW143
396,DES142,858,LAW143
396,DES142,1114,PUP101
396,DES142,1627,LAW139
396,DES142,1630,LAW140
396,DES142,1250,SOC103
396,DES142,740,SOC103
396,DES142,741,SOC103
396,DES142,1124,PUP121
396,DES142,1126,POL103
396,DES142,1127,CMM170
396,DES142,1766,ART103
396,DES142,1003,CMM176
396,DES142,497,ART104
396,DES142,498,ART104
396,DES142,885,LAW140
396,DES142,886,LAW140
396,DES142,1014,TDF103
396,DES142,1781,CMM167
396,DES142,1786,ART104
497,ART104,1920,SOC110
497,ART104,514,DES142
497,ART104,516,DES142
497,ART104,1158,POL109
497,ART104,1161,TDF103
497,ART104,1162,TDF103
497,ART104,1418,TDF104
497,ART104,1422,CMM151
497,ART104,1425,LAW139
497,ART104,1426,LAW139
497,ART104,1944,LAW101
497,ART104,1689,POL109
497,ART104,1690,CMM107
497,ART104,793,LAW140
497,ART104,542,LAW140
497,ART104,1573,LAW143
497,ART104,1069,CMM175
497,ART104,1071,SOC110
497,ART104,1454,LAW139
497,ART104,1073,LAW139
497,ART104,1074,LAW139
497,ART104,1075,LAW143
497,ART104,1455,LAW140
497,ART104,1456,LAW140
497,ART104,1581,POL117
497,ART104,696,CMM170
497,ART104,1210,CMM107
497,ART104,961,CMM175
497,ART104,1985,TDF104
497,ART104,1092,CMM109
497,ART104,719,CMM170
497,ART104,849,CMM167
497,ART104,980,PUP121
497,ART104,1111,CMM151
497,ART104,856,LAW143
497,ART104,857,LAW143
497,ART104,858,LAW143
497,ART104,1114,PUP101
497,ART104,1627,LAW139
497,ART104,1630,LAW140
497,ART104,1250,SOC103
497,ART104,740,SOC103
497,ART104,741,SOC103
497,ART104,1124,PUP121
497,ART104,1126,POL103
497,ART104,1127,CMM170
497,ART104,1766,ART103
497,ART104,1003,CMM176
497,ART104,885,LAW140
497,ART104,886,LAW140
497,ART104,1014,TDF103
497,ART104,1781,CMM167
498,ART104,1920,SOC110
498,ART104,514,DES142
498,ART104,516,DES142
498,ART104,1158,POL109
498,ART104,1161,TDF103
498,ART104,1162,TDF103
498,ART104,1418,TDF104
498,ART104,1422,CMM151
498,ART104,1425,LAW139
498,ART104,1426,LAW139
498,ART104,1944,LAW101
498,ART104,1689,POL109
498,ART104,1690,CMM107
498,ART104,793,LAW140
498,ART104,542,LAW140
498,ART104,1573,LAW143
498,ART104,1069,CMM175
498,ART104,1071,SOC110
498,ART104,1454,LAW139
498,ART104,1073,LAW139
498,ART104,1074,LAW139
498,ART104,1075,LAW143
498,ART104,1455,LAW140
498,ART104,1456,LAW140
498,ART104,1581,POL117
498,ART104,696,CMM170
498,ART104,1210,CMM107
498,ART104,961,CMM175
498,ART104,1985,TDF104
498,ART104,1092,CMM109
498,ART104,719,CMM170
498,ART104,849,CMM167
498,ART104,980,PUP121
498,ART104,1111,CMM151
498,ART104,856,LAW143
498,ART104,857,LAW143
498,ART104,858,LAW143
498,ART104,1114,PUP101
498,ART104,1627,LAW139
498,ART104,1630,LAW140
498,ART104,1250,SOC103
498,ART104,740,SOC103
498,ART104,741,SOC103
498,ART104,1124,PUP121
498,ART104,1126,POL103
498,ART104,1127,CMM170
498,ART104,1766,ART103
498,ART104,1003,CMM176
498,ART104,885,LAW140
498,ART104,886,LAW140
498,ART104,1014,TDF103
498,ART104,1781,CMM167
514,DES142,1920,SOC110
514,DES142,1158,POL109
514,DES142,1161,TDF103
514,DES142,1162,TDF103
514,DES142,1418,TDF104
514,DES142,1422,CMM151
514,DES142,1425,LAW139
514,DES142,1426,LAW139
514,DES142,1944,LAW101
514,DES142,1689,POL109
514,DES142,1690,CMM107
514,DES142,793,LAW140
514,DES142,542,LAW140
514,DES142,1573,LAW143
514,DES142,1580,ART104
514,DES142,1069,CMM175
514,DES142,1071,SOC110
514,DES142,1454,LAW139
514,DES142,1073,LAW139
514,DES142,1074,LAW139
514,DES142,1075,LAW143
514,DES142,1455,LAW140
514,DES142,1456,LAW140
514,DES142,1581,POL117
514,DES142,696,CMM170
514,DES142,1210,CMM107
514,DES142,961,CMM175
514,DES142,1985,TDF104
514,DES142,1092,CMM109
514,DES142,849,CMM167
514,DES142,980,PUP121
514,DES142,1111,CMM151
514,DES142,856,LAW143
514,DES142,857,LAW143
514,DES142,858,LAW143
514,DES142,1114,PUP101
514,DES142,1627,LAW139
514,DES142,1630,LAW140
514,DES142,1250,SOC103
514,DES142,740,SOC103
514,DES142,741,SOC103
514,DES142,1124,PUP121
514,DES142,1126,POL103
514,DES142,1127,CMM170
514,DES142,1766,ART103
514,DES142,1003,CMM176
514,DES142,885,LAW140
514,DES142,886,LAW140
514,DES142,1014,TDF103
514,DES142,1781,CMM167
514,DES142,1786,ART104
516,DES142,1920,SOC110
516,DES142,1158,POL109
516,DES142,1161,TDF103
516,DES142,1162,TDF103
516,DES142,1418,TDF104
516,DES142,1422,CMM151
516,DES142,1425,LAW139
516,DES142,1426,LAW139
516,DES142,1944,LAW101
516,DES142,1689,POL109
516,DES142,1690,CMM107
516,DES142,793,LAW140
516,DES142,542,LAW140
516,DES142,1573,LAW143
516,DES142,1580,ART104
516,DES142,1069,CMM175
516,DES142,1071,SOC110
516,DES142,1454,LAW139
516,DES142,1073,LAW139
516,DES142,1074,LAW139
516,DES142,1075,LAW143
516,DES142,1455,LAW140
516,DES142,1456,LAW140
516,DES142,1581,POL117
516,DES142,696,CMM170
516,DES142,1210,CMM107
516,DES142,961,CMM175
516,DES142,1985,TDF104
516,DES142,1092,CMM109
516,DES142,849,CMM167
516,DES142,980,PUP121
516,DES142,1111,CMM151
516,DES142,856,LAW143
516,DES142,857,LAW143
516,DES142,858,LAW143
516,DES142,1114,PUP101
516,DES142,1627,LAW139
516,DES142,1630,LAW140
516,DES142,1250,SOC103
516,DES142,740,SOC103
516,DES142,741,SOC103
516,DES142,1124,PUP121
516,DES142,1126,POL103
516,DES142,1127,CMM170
516,DES142,1766,ART103
516,DES142,1003,CMM176
516,DES142,885,LAW140
516,DES142,886,LAW140
516,DES142,1014,TDF103
516,DES142,1781,CMM167
516,DES142,1786,ART104
542,LAW140,1920,SOC110
542,LAW140,1158,POL109
542,LAW140,1161,TDF103
542,LAW140,1162,TDF103
542,LAW140,1422,CMM151
542,LAW140,1425,LAW139
542,LAW140,1426,LAW139
542,LAW140,1944,LAW101
542,LAW140,1689,POL109
542,LAW140,1690,CMM107
542,LAW140,152,PUP120
542,LAW140,1573,LAW143
542,LAW140,1575,ACF117
542,LAW140,1580,ART104
542,LAW140,1069,CMM175
542,LAW140,1071,SOC110
542,LAW140,1454,LAW139
542,LAW140,1073,LAW139
542,LAW140,1074,LAW139
542,LAW140,1075,LAW143
542,LAW140,1581,POL117
542,LAW140,696,CMM170
542,LAW140,1210,CMM107
542,LAW140,1087,ACF117
542,LAW140,961,CMM175
542,LAW140,1985,TDF104
542,LAW140,1092,CMM109
542,LAW140,719,CMM170
542,LAW140,849,CMM167
542,LAW140,980,PUP121
542,LAW140,1111,CMM151
542,LAW140,856,LAW143
542,LAW140,857,LAW143
542,LAW140,858,LAW143
542,LAW140,1114,PUP101
542,LAW140,1627,LAW139
542,LAW140,218,PUP120
542,LAW140,1250,SOC103
542,LAW140,740,SOC103
542,LAW140,741,SOC103
542,LAW140,1124,PUP121
542,LAW140,1126,POL103
542,LAW140,1127,CMM170
542,LAW140,1766,ART103
542,LAW140,1003,CMM176
542,LAW140,360,ACF143
542,LAW140,1781,CMM167
542,LAW140,1014,TDF103
542,LAW140,1786,ART104
696,CMM170,1920,SOC110
696,CMM170,1158,POL109
696,CMM170,1161,TDF103
696,CMM170,1162,TDF103
696,CMM170,1418,TDF104
696,CMM170,1422,CMM151
696,CMM170,1425,LAW139
696,CMM170,1426,LAW139
696,CMM170,1944,LAW101
696,CMM170,1689,POL109
696,CMM170,1690,CMM107
696,CMM170,793,LAW140
696,CMM170,1573,LAW143
696,CMM170,1580,ART104
696,CMM170,1069,CMM175
696,CMM170,1071,SOC110
696,CMM170,1454,LAW139
696,CMM170,1073,LAW139
696,CMM170,1074,LAW139
696,CMM170,1075,LAW143
696,CMM170,1455,LAW140
696,CMM170,1456,LAW140
696,CMM170,1581,POL117
696,CMM170,1210,CMM107
696,CMM170,961,CMM175
696,CMM170,1985,TDF104
696,CMM170,1092,CMM109
696,CMM170,849,CMM167
696,CMM170,980,PUP121
696,CMM170,1111,CMM151
696,CMM170,856,LAW143
696,CMM170,857,LAW143
696,CMM170,858,LAW143
696,CMM170,1114,PUP101
696,CMM170,1627,LAW139
696,CMM170,1630,LAW140
696,CMM170,1250,SOC103
696,CMM170,740,SOC103
696,CMM170,741,SOC103
696,CMM170,1124,PUP121
696,CMM170,1126,POL103
696,CMM170,1766,ART103
696,CMM170,1003,CMM176
696,CMM170,885,LAW140
696,CMM170,886,LAW140
696,CMM170,1014,TDF103
696,CMM170,1781,CMM167
696,CMM170,1786,ART104
719,CMM170,1920,SOC110
719,CMM170,1158,POL109
719,CMM170,1161,TDF103
719,CMM170,1162,TDF103
719,CMM170,1422,CMM151
719,CMM170,1425,LAW139
719,CMM170,1426,LAW139
719,CMM170,1944,LAW101
719,CMM170,1689,POL109
719,CMM170,1690,CMM107
719,CMM170,1580,ART104
719,CMM170,1069,CMM175
719,CMM170,1071,SOC110
719,CMM170,1455,LAW140
719,CMM170,1073,LAW139
719,CMM170,1074,LAW139
719,CMM170,1075,LAW143
719,CMM170,1456,LAW140
719,CMM170,1581,POL117
719,CMM170,1210,CMM107
719,CMM170,961,CMM175
719,CMM170,1985,TDF104
719,CMM170,849,CMM167
719,CMM170,980,PUP121
719,CMM170,1111,CMM151
719,CMM170,1114,PUP101
719,CMM170,1627,LAW139
719,CMM170,1630,LAW140
719,CMM170,1250,SOC103
719,CMM170,740,SOC103
719,CMM170,741,SOC103
719,CMM170,1124,PUP121
719,CMM170,1781,CMM167
719,CMM170,1014,TDF103
719,CMM170,1786,ART104
740,SOC103,1920,SOC110
740,SOC103,1158,POL109
740,SOC103,1928,SOP109
740,SOC103,1161,TDF103
740,SOC103,1162,TDF103
740,SOC103,1422,CMM151
740,SOC103,1425,LAW139
740,SOC103,1426,LAW139
740,SOC103,1944,LAW101
740,SOC103,1689,POL109
740,SOC103,1690,CMM107
740,SOC103,793,LAW140
740,SOC103,152,PUP120
740,SOC103,1573,LAW143
740,SOC103,1191,SOP109
740,SOC103,1580,ART104
740,SOC103,1069,CMM175
740,SOC103,1071,SOC110
740,SOC103,1454,LAW139
740,SOC103,1073,LAW139
740,SOC103,1074,LAW139
740,SOC103,1075,LAW143
740,SOC103,1455,LAW140
740,SOC103,1456,LAW140
740,SOC103,1581,POL117
740,SOC103,820,SOP102
740,SOC103,821,SOP102
740,SOC103,1210,CMM107
740,SOC103,1973,SOP102
740,SOC103,961,CMM175
740,SOC103,1985,TDF104
740,SOC103,1092,CMM109
740,SOC103,1097,SOP106
740,SOC103,1996,SOP106
740,SOC103,849,CMM167
740,SOC103,980,PUP121
740,SOC103,1111,CMM151
740,SOC103,856,LAW143
740,SOC103,857,LAW143
740,SOC103,858,LAW143
740,SOC103,1114,PUP101
740,SOC103,1627,LAW139
740,SOC103,218,PUP120
740,SOC103,1630,LAW140
740,SOC103,1124,PUP121
740,SOC103,1126,POL103
740,SOC103,1127,CMM170
740,SOC103,1766,ART103
740,SOC103,1003,CMM176
740,SOC103,885,LAW140
740,SOC103,886,LAW140
740,SOC103,1014,TDF103
740,SOC103,1781,CMM167
740,SOC103,1786,ART104
741,SOC103,1920,SOC110
741,SOC103,1158,POL109
741,SOC103,1928,SOP109
741,SOC103,1161,TDF103
741,SOC103,1162,TDF103
741,SOC103,1422,CMM151
741,SOC103,1425,LAW139
741,SOC103,1426,LAW139
741,SOC103,1944,LAW101
741,SOC103,1689,POL109
741,SOC103,1690,CMM107
741,SOC103,793,LAW140
741,SOC103,152,PUP120
741,SOC103,1573,LAW143
741,SOC103,1191,SOP109
741,SOC103,1580,ART104
741,SOC103,1069,CMM175
741,SOC103,1071,SOC110
741,SOC103,1454,LAW139
741,SOC103,1073,LAW139
741,SOC103,1074,LAW139
741,SOC103,1075,LAW143
741,SOC103,1455,LAW140
741,SOC103,1456,LAW140
741,SOC103,1581,POL117
741,SOC103,820,SOP102
741,SOC103,821,SOP102
741,SOC103,1210,CMM107
741,SOC103,1973,SOP102
741,SOC103,961,CMM175
741,SOC103,1985,TDF104
741,SOC103,1092,CMM109
741,SOC103,1097,SOP106
741,SOC103,1996,SOP106
741,SOC103,849,CMM167
741,SOC103,980,PUP121
741,SOC103,1111,CMM151
741,SOC103,856,LAW143
741,SOC103,857,LAW143
741,SOC103,858,LAW143
741,SOC103,1114,PUP101
741,SOC103,1627,LAW139
741,SOC103,218,PUP120
741,SOC103,1630,LAW140
741,SOC103,1124,PUP121
741,SOC103,1126,POL103
741,SOC103,1127,CMM170
741,SOC103,1766,ART103
741,SOC103,1003,CMM176
741,SOC103,885,LAW140
741,SOC103,886,LAW140
741,SOC103,1014,TDF103
741,SOC103,1781,CMM167
741,SOC103,1786,ART104
793,LAW140,1920,SOC110
793,LAW140,1158,POL109
793,LAW140,1161,TDF103
793,LAW140,1162,TDF103
793,LAW140,1422,CMM151
793,LAW140,1425,LAW139
793,LAW140,1426,LAW139
793,LAW140,1944,LAW101
793,LAW140,1689,POL109
793,LAW140,1690,CMM107
793,LAW140,152,PUP120
793,LAW140,1573,LAW143
793,LAW140,1575,ACF117
793,LAW140,1580,ART104
793,LAW140,1069,CMM175
793,LAW140,1071,SOC110
793,LAW140,1454,LAW139
793,LAW140,1073,LAW139
793,LAW140,1074,LAW139
793,LAW140,1075,LAW143
793,LAW140,1581,POL117
793,LAW140,1210,CMM107
793,LAW140,1087,ACF117
793,LAW140,961,CMM175
793,LAW140,1985,TDF104
793,LAW140,1092,CMM109
793,LAW140,849,CMM167
793,LAW140,980,PUP121
793,LAW140,1111,CMM151
793,LAW140,856,LAW143
793,LAW140,857,LAW143
793,LAW140,858,LAW143
793,LAW140,1114,PUP101
793,LAW140,1627,LAW139
793,LAW140,218,PUP120
793,LAW140,1250,SOC103
793,LAW140,1124,PUP121
793,LAW140,1126,POL103
793,LAW140,1127,CMM170
793,LAW140,1766,ART103
793,LAW140,360,ACF143
793,LAW140,1781,CMM167
793,LAW140,1014,TDF103
849,CMM167,1920,SOC110
849,CMM167,1158,POL109
849,CMM167,1161,TDF103
849,CMM167,1162,TDF103
849,CMM167,1418,TDF104
849,CMM167,1422,CMM151
849,CMM167,1425,LAW139
849,CMM167,1426,LAW139
849,CMM167,1944,LAW101
849,CMM167,1689,POL109
849,CMM167,1690,CMM107
849,CMM167,1573,LAW143
849,CMM167,1580,ART104
849,CMM167,1069,CMM175
849,CMM167,1071,SOC110
849,CMM167,1454,LAW139
849,CMM167,1073,LAW139
849,CMM167,1074,LAW139
849,CMM167,1075,LAW143
849,CMM167,1455,LAW140
849,CMM167,1456,LAW140
849,CMM167,1581,POL117
849,CMM167,1210,CMM107
849,CMM167,961,CMM175
849,CMM167,1985,TDF104
849,CMM167,1092,CMM109
849,CMM167,980,PUP121
849,CMM167,1111,CMM151
849,CMM167,856,LAW143
849,CMM167,857,LAW143
849,CMM167,858,LAW143
849,CMM167,1114,PUP101
849,CMM167,1627,LAW139
849,CMM167,1630,LAW140
849,CMM167,1250,SOC103
849,CMM167,1124,PUP121
849,CMM167,1126,POL103
849,CMM167,1127,CMM170
849,CMM167,1766,ART103
849,CMM167,1003,CMM176
849,CMM167,885,LAW140
849,CMM167,886,LAW140
849,CMM167,1014,TDF103
849,CMM167,1786,ART104
856,LAW143,1920,SOC110
856,LAW143,1158,POL109
856,LAW143,1161,TDF103
856,LAW143,1162,TDF103
856,LAW143,1422,CMM151
856,LAW143,1425,LAW139
856,LAW143,1426,LAW139
856,LAW143,1944,LAW101
856,LAW143,1689,POL109
856,LAW143,1690,CMM107
856,LAW143,1580,ART104
856,LAW143,1069,CMM175
856,LAW143,1071,SOC110
856,LAW143,1454,LAW139
856,LAW143,1073,LAW139
856,LAW143,1074,LAW139
856,LAW143,1455,LAW140
856,LAW143,1456,LAW140
856,LAW143,1581,POL117
856,LAW143,1210,CMM107
856,LAW143,961,CMM175
856,LAW143,1985,TDF104
856,LAW143,1092,CMM109
856,LAW143,980,PUP121
856,LAW143,1111,CMM151
856,LAW143,1114,PUP101
856,LAW143,1627,LAW139
856,LAW143,1630,LAW140
856,LAW143,1250,SOC103
856,LAW143,1124,PUP121
856,LAW143,1126,POL103
856,LAW143,1127,CMM170
856,LAW143,1766,ART103
856,LAW143,1003,CMM176
856,LAW143,885,LAW140
856,LAW143,886,LAW140
856,LAW143,1014,TDF103
856,LAW143,1781,CMM167
856,LAW143,1786,ART104
857,LAW143,1920,SOC110
857,LAW143,1158,POL109
857,LAW143,1161,TDF103
857,LAW143,1162,TDF103
857,LAW143,1422,CMM151
857,LAW143,1425,LAW139
857,LAW143,1426,LAW139
857,LAW143,1944,LAW101
857,LAW143,1689,POL109
857,LAW143,1690,CMM107
857,LAW143,1580,ART104
857,LAW143,1069,CMM175
857,LAW143,1071,SOC110
857,LAW143,1454,LAW139
857,LAW143,1073,LAW139
857,LAW143,1074,LAW139
857,LAW143,1455,LAW140
857,LAW143,1456,LAW140
857,LAW143,1581,POL117
857,LAW143,1210,CMM107
857,LAW143,961,CMM175
857,LAW143,1985,TDF104
857,LAW143,1092,CMM109
857,LAW143,980,PUP121
857,LAW143,1111,CMM151
857,LAW143,1114,PUP101
857,LAW143,1627,LAW139
857,LAW143,1630,LAW140
857,LAW143,1250,SOC103
857,LAW143,1124,PUP121
857,LAW143,1126,POL103
857,LAW143,1127,CMM170
857,LAW143,1766,ART103
857,LAW143,1003,CMM176
857,LAW143,885,LAW140
857,LAW143,886,LAW140
857,LAW143,1014,TDF103
857,LAW143,1781,CMM167
857,LAW143,1786,ART104
858,LAW143,1920,SOC110
858,LAW143,1158,POL109
858,LAW143,1161,TDF103
858,LAW143,1162,TDF103
858,LAW143,1422,CMM151
858,LAW143,1425,LAW139
858,LAW143,1426,LAW139
858,LAW143,1944,LAW101
858,LAW143,1689,POL109
858,LAW143,1690,CMM107
858,LAW143,1580,ART104
858,LAW143,1069,CMM175
858,LAW143,1071,SOC110
858,LAW143,1454,LAW139
858,LAW143,1073,LAW139
858,LAW143,1074,LAW139
858,LAW143,1455,LAW140
858,LAW143,1456,LAW140
858,LAW143,1581,POL117
858,LAW143,1210,CMM107
858,LAW143,961,CMM175
858,LAW143,1985,TDF104
858,LAW143,1092,CMM109
858,LAW143,980,PUP121
858,LAW143,1111,CMM151
858,LAW143,1114,PUP101
858,LAW143,1627,LAW139
858,LAW143,1630,LAW140
858,LAW143,1250,SOC103
858,LAW143,1124,PUP121
858,LAW143,1126,POL103
858,LAW143,1127,CMM170
858,LAW143,1766,ART103
858,LAW143,1003,CMM176
858,LAW143,885,LAW140
858,LAW143,886,LAW140
858,LAW143,1014,TDF103
858,LAW143,1781,CMM167
858,LAW143,1786,ART104
885,LAW140,1920,SOC110
885,LAW140,1158,POL109
885,LAW140,1161,TDF103
885,LAW140,1162,TDF103
885,LAW140,1422,CMM151
885,LAW140,1425,LAW139
885,LAW140,1426,LAW139
885,LAW140,1944,LAW101
885,LAW140,1689,POL109
885,LAW140,1690,CMM107
885,LAW140,152,PUP120
885,LAW140,1573,LAW143
885,LAW140,1575,ACF117
885,LAW140,1580,ART104
885,LAW140,1069,CMM175
885,LAW140,1071,SOC110
885,LAW140,1454,LAW139
885,LAW140,1073,LAW139
885,LAW140,1074,LAW139
885,LAW140,1075,LAW143
885,LAW140,1581,POL117
885,LAW140,1210,CMM107
885,LAW140,1087,ACF117
885,LAW140,961,CMM175
885,LAW140,1985,TDF104
885,LAW140,1092,CMM109
885,LAW140,980,PUP121
885,LAW140,1111,CMM151
885,LAW140,1114,PUP101
885,LAW140,1627,LAW139
885,LAW140,218,PUP120
885,LAW140,1250,SOC103
885,LAW140,1124,PUP121
885,LAW140,1126,POL103
885,LAW140,1127,CMM170
885,LAW140,1766,ART103
885,LAW140,1003,CMM176
885,LAW140,360,ACF143
885,LAW140,1781,CMM167
885,LAW140,1014,TDF103
885,LAW140,1786,ART104
886,LAW140,1920,SOC110
886,LAW140,1158,POL109
886,LAW140,1161,TDF103
886,LAW140,1162,TDF103
886,LAW140,1422,CMM151
886,LAW140,1425,LAW139
886,LAW140,1426,LAW139
886,LAW140,1944,LAW101
886,LAW140,1689,POL109
886,LAW140,1690,CMM107
886,LAW140,152,PUP120
886,LAW140,1573,LAW143
886,LAW140,1575,ACF117
886,LAW140,1580,ART104
886,LAW140,1069,CMM175
886,LAW140,1071,SOC110
886,LAW140,1454,LAW139
886,LAW140,1073,LAW139
886,LAW140,1074,LAW139
886,LAW140,1075,LAW143
886,LAW140,1581,POL117
886,LAW140,1210,CMM107
886,LAW140,1087,ACF117
886,LAW140,961,CMM175
886,LAW140,1985,TDF104
886,LAW140,1092,CMM109
886,LAW140,980,PUP121
886,LAW140,1111,CMM151
886,LAW140,1114,PUP101
886,LAW140,1627,LAW139
886,LAW140,218,PUP120
886,LAW140,1250,SOC103
886,LAW140,1124,PUP121
886,LAW140,1126,POL103
886,LAW140,1127,CMM170
886,LAW140,1766,ART103
886,LAW140,1003,CMM176
886,LAW140,360,ACF143
886,LAW140,1781,CMM167
886,LAW140,1014,TDF103
886,LAW140,1786,ART104
961,CMM175,1920,SOC110
961,CMM175,1158,POL109
961,CMM175,1161,TDF103
961,CMM175,1162,TDF103
961,CMM175,1418,TDF104
961,CMM175,1422,CMM151
961,CMM175,1425,LAW139
961,CMM175,1426,LAW139
961,CMM175,1944,LAW101
961,CMM175,1689,POL109
961,CMM175,1690,CMM107
961,CMM175,1573,LAW143
961,CMM175,1580,ART104
961,CMM175,1454,LAW139
961,CMM175,1071,SOC110
961,CMM175,1455,LAW140
961,CMM175,1073,LAW139
961,CMM175,1074,LAW139
961,CMM175,1075,LAW143
961,CMM175,1456,LAW140
961,CMM175,1581,POL117
961,CMM175,1210,CMM107
961,CMM175,1985,TDF104
961,CMM175,1092,CMM109
961,CMM175,980,PUP121
961,CMM175,1111,CMM151
961,CMM175,1114,PUP101
961,CMM175,1627,LAW139
961,CMM175,1630,LAW140
961,CMM175,1250,SOC103
961,CMM175,1124,PUP121
961,CMM175,1126,POL103
961,CMM175,1127,CMM170
961,CMM175,1766,ART103
961,CMM175,1003,CMM176
961,CMM175,1014,TDF103
961,CMM175,1781,CMM167
961,CMM175,1786,ART104
980,PUP121,1920,SOC110
980,PUP121,1158,POL109
980,PUP121,1161,TDF103
980,PUP121,1162,TDF103
980,PUP121,1418,TDF104
980,PUP121,1422,CMM151
980,PUP121,1425,LAW139
980,PUP121,1426,LAW139
980,PUP121,1944,LAW101
980,PUP121,1689,POL109
980,PUP121,1690,CMM107
980,PUP121,152,PUP120
980,PUP121,1573,LAW143
980,PUP121,1580,ART104
980,PUP121,1069,CMM175
980,PUP121,1071,SOC110
980,PUP121,1454,LAW139
980,PUP121,1073,LAW139
980,PUP121,1074,LAW139
980,PUP121,1075,LAW143
980,PUP121,1455,LAW140
980,PUP121,1456,LAW140
980,PUP121,1581,POL117
980,PUP121,1210,CMM107
980,PUP121,1985,TDF104
980,PUP121,1092,CMM109
980,PUP121,1111,CMM151
980,PUP121,1114,PUP101
980,PUP121,1627,LAW139
980,PUP121,218,PUP120
980,PUP121,1630,LAW140
980,PUP121,1250,SOC103
980,PUP121,1126,POL103
980,PUP121,1127,CMM170
980,PUP121,1766,ART103
980,PUP121,1003,CMM176
980,PUP121,1014,TDF103
980,PUP121,1781,CMM167
980,PUP121,1786,ART104
1003,CMM176,1920,SOC110
1003,CMM176,1158,POL109
1003,CMM176,1162,TDF103
1003,CMM176,1418,TDF104
1003,CMM176,1422,CMM151
1003,CMM176,1425,LAW139
1003,CMM176,1426,LAW139
1003,CMM176,1944,LAW101
1003,CMM176,1689,POL109
1003,CMM176,1690,CMM107
1003,CMM176,1573,LAW143
1003,CMM176,1580,ART104
1003,CMM176,1069,CMM175
1003,CMM176,1071,SOC110
1003,CMM176,1454,LAW139
1003,CMM176,1073,LAW139
1003,CMM176,1074,LAW139
1003,CMM176,1075,LAW143
1003,CMM176,1455,LAW140
1003,CMM176,1456,LAW140
1003,CMM176,1581,POL117
1003,CMM176,1210,CMM107
1003,CMM176,1985,TDF104
1003,CMM176,1092,CMM109
1003,CMM176,1111,CMM151
1003,CMM176,1114,PUP101
1003,CMM176,1627,LAW139
1003,CMM176,1630,LAW140
1003,CMM176,1250,SOC103
1003,CMM176,1124,PUP121
1003,CMM176,1126,POL103
1003,CMM176,1127,CMM170
1003,CMM176,1766,ART103
1003,CMM176,1014,TDF103
1003,CMM176,1781,CMM167
1003,CMM176,1786,ART104
1014,TDF103,1920,SOC110
1014,TDF103,1158,POL109
1014,TDF103,1418,TDF104
1014,TDF103,1422,CMM151
1014,TDF103,1425,LAW139
1014,TDF103,1426,LAW139
1014,TDF103,1944,LAW101
1014,TDF103,1689,POL109
1014,TDF103,1690,CMM107
1014,TDF103,1573,LAW143
1014,TDF103,1580,ART104
1014,TDF103,1069,CMM175
1014,TDF103,1071,SOC110
1014,TDF103,1454,LAW139
1014,TDF103,1073,LAW139
1014,TDF103,1074,LAW139
1014,TDF103,1075,LAW143
1014,TDF103,1455,LAW140
1014,TDF103,1456,LAW140
1014,TDF103,1581,POL117
1014,TDF103,1210,CMM107
1014,TDF103,1985,TDF104
1014,TDF103,1092,CMM109
1014,TDF103,1111,CMM151
1014,TDF103,1114,PUP101
1014,TDF103,1627,LAW139
1014,TDF103,1630,LAW140
1014,TDF103,1250,SOC103
1014,TDF103,1124,PUP121
1014,TDF103,1126,POL103
1014,TDF103,1127,CMM170
1014,TDF103,1766,ART103
1014,TDF103,1781,CMM167
1014,TDF103,1786,ART104
1069,CMM175,1920,SOC110
1069,CMM175,1158,POL109
1069,CMM175,1161,TDF103
1069,CMM175,1162,TDF103
1069,CMM175,1418,TDF104
1069,CMM175,1422,CMM151
1069,CMM175,1425,LAW139
1069,CMM175,1426,LAW139
1069,CMM175,1944,LAW101
1069,CMM175,1689,POL109
1069,CMM175,1690,CMM107
1069,CMM175,1573,LAW143
1069,CMM175,1580,ART104
1069,CMM175,1454,LAW139
1069,CMM175,1071,SOC110
1069,CMM175,1455,LAW140
1069,CMM175,1073,LAW139
1069,CMM175,1074,LAW139
1069,CMM175,1075,LAW143
1069,CMM175,1456,LAW140
1069,CMM175,1581,POL117
1069,CMM175,1210,CMM107
1069,CMM175,1985,TDF104
1069,CMM175,1092,CMM109
1069,CMM175,1111,CMM151
1069,CMM175,1114,PUP101
1069,CMM175,1627,LAW139
1069,CMM175,1630,LAW140
1069,CMM175,1250,SOC103
1069,CMM175,1124,PUP121
1069,CMM175,1126,POL103
1069,CMM175,1127,CMM170
1069,CMM175,1766,ART103
1069,CMM175,1781,CMM167
1069,CMM175,1786,ART104
1071,SOC110,1158,POL109
1071,SOC110,1161,TDF103
1071,SOC110,1162,TDF103
1071,SOC110,1422,CMM151
1071,SOC110,1425,LAW139
1071,SOC110,1426,LAW139
1071,SOC110,1944,LAW101
1071,SOC110,1689,POL109
1071,SOC110,1690,CMM107
1071,SOC110,152,PUP120
1071,SOC110,1573,LAW143
1071,SOC110,1580,ART104
1071,SOC110,1454,LAW139
1071,SOC110,1455,LAW140
1071,SOC110,1073,LAW139
1071,SOC110,1074,LAW139
1071,SOC110,1075,LAW143
1071,SOC110,1456,LAW140
1071,SOC110,1581,POL117
1071,SOC110,1210,CMM107
1071,SOC110,1985,TDF104
1071,SOC110,1092,CMM109
1071,SOC110,1111,CMM151
1071,SOC110,1114,PUP101
1071,SOC110,1627,LAW139
1071,SOC110,218,PUP120
1071,SOC110,1630,LAW140
1071,SOC110,1250,SOC103
1071,SOC110,1124,PUP121
1071,SOC110,1126,POL103
1071,SOC110,1127,CMM170
1071,SOC110,1766,ART103
1071,SOC110,1781,CMM167
1071,SOC110,1786,ART104
1073,LAW139,1920,SOC110
1073,LAW139,1158,POL109
1073,LAW139,1161,TDF103
1073,LAW139,1162,TDF103
1073,LAW139,1422,CMM151
1073,LAW139,1678,ECO109
1073,LAW139,1944,LAW101
1073,LAW139,1689,POL109
1073,LAW139,1690,CMM107
1073,LAW139,152,PUP120
1073,LAW139,1573,LAW143
1073,LAW139,1580,ART104
1073,LAW139,1455,LAW140
1073,LAW139,1456,LAW140
1073,LAW139,1581,POL117
1073,LAW139,1075,LAW143
1073,LAW139,1210,CMM107
1073,LAW139,1985,TDF104
1073,LAW139,1092,CMM109
1073,LAW139,1103,ACF131
1073,LAW139,1104,ACF131
1073,LAW139,1111,CMM151
1073,LAW139,1114,PUP101
1073,LAW139,218,PUP120
1073,LAW139,603,ACF131
1073,LAW139,1630,LAW140
1073,LAW139,1250,SOC103
1073,LAW139,1124,PUP121
1073,LAW139,1126,POL103
1073,LAW139,1127,CMM170
1073,LAW139,1766,ART103
1073,LAW139,1262,ECO109
1073,LAW139,1263,ECO109
1073,LAW139,1781,CMM167
1073,LAW139,1786,ART104
1074,LAW139,1920,SOC110
1074,LAW139,1158,POL109
1074,LAW139,1161,TDF103
1074,LAW139,1162,TDF103
1074,LAW139,1422,CMM151
1074,LAW139,1678,ECO109
1074,LAW139,1944,LAW101
1074,LAW139,1689,POL109
1074,LAW139,1690,CMM107
1074,LAW139,152,PUP120
1074,LAW139,1573,LAW143
1074,LAW139,1580,ART104
1074,LAW139,1455,LAW140
1074,LAW139,1456,LAW140
1074,LAW139,1581,POL117
1074,LAW139,1075,LAW143
1074,LAW139,1210,CMM107
1074,LAW139,1985,TDF104
1074,LAW139,1092,CMM109
1074,LAW139,1103,ACF131
1074,LAW139,1104,ACF131
1074,LAW139,1111,CMM151
1074,LAW139,1114,PUP101
1074,LAW139,218,PUP120
1074,LAW139,603,ACF131
1074,LAW139,1630,LAW140
1074,LAW139,1250,SOC103
1074,LAW139,1124,PUP121
1074,LAW139,1126,POL103
1074,LAW139,1127,CMM170
1074,LAW139,1766,ART103
1074,LAW139,1262,ECO109
1074,LAW139,1263,ECO109
1074,LAW139,1781,CMM167
1074,LAW139,1786,ART104
1075,LAW143,1920,SOC110
1075,LAW143,1158,POL109
1075,LAW143,1161,TDF103
1075,LAW143,1162,TDF103
1075,LAW143,1422,CMM151
1075,LAW143,1425,LAW139
1075,LAW143,1426,LAW139
1075,LAW143,1944,LAW101
1075,LAW143,1689,POL109
1075,LAW143,1690,CMM107
1075,LAW143,1580,ART104
1075,LAW143,1454,LAW139
1075,LAW143,1455,LAW140
1075,LAW143,1456,LAW140
1075,LAW143,1581,POL117
1075,LAW143,1210,CMM107
1075,LAW143,1985,TDF104
1075,LAW143,1092,CMM109
1075,LAW143,1111,CMM151
1075,LAW143,1114,PUP101
1075,LAW143,1627,LAW139
1075,LAW143,1630,LAW140
1075,LAW143,1250,SOC103
1075,LAW143,1124,PUP121
1075,LAW143,1126,POL103
1075,LAW143,1127,CMM170
1075,LAW143,1766,ART103
1075,LAW143,1781,CMM167
1075,LAW143,1786,ART104
1092,CMM109,1920,SOC110
1092,CMM109,1158,POL109
1092,CMM109,1161,TDF103
1092,CMM109,1162,TDF103
1092,CMM109,1422,CMM151
1092,CMM109,1425,LAW139
1092,CMM109,1426,LAW139
1092,CMM109,1944,LAW101
1092,CMM109,1689,POL109
1092,CMM109,1690,CMM107
1092,CMM109,1573,LAW143
1092,CMM109,1580,ART104
1092,CMM109,1454,LAW139
1092,CMM109,1455,LAW140
1092,CMM109,1456,LAW140
1092,CMM109,1581,POL117
1092,CMM109,1210,CMM107
1092,CMM109,1985,TDF104
1092,CMM109,1111,CMM151
1092,CMM109,1114,PUP101
1092,CMM109,1627,LAW139
1092,CMM109,1630,LAW140
1092,CMM109,1250,SOC103
1092,CMM109,1124,PUP121
1092,CMM109,1126,POL103
1092,CMM109,1127,CMM170
1092,CMM109,1766,ART103
1092,CMM109,1781,CMM167
1092,CMM109,1786,ART104
1111,CMM151,1920,SOC110
1111,CMM151,1158,POL109
1111,CMM151,1161,TDF103
1111,CMM151,1162,TDF103
1111,CMM151,1418,TDF104
1111,CMM151,1425,LAW139
1111,CMM151,1426,LAW139
1111,CMM151,1944,LAW101
1111,CMM151,1689,POL109
1111,CMM151,1690,CMM107
1111,CMM151,1573,LAW143
1111,CMM151,1580,ART104
1111,CMM151,1454,LAW139
1111,CMM151,1455,LAW140
1111,CMM151,1456,LAW140
1111,CMM151,1581,POL117
1111,CMM151,1210,CMM107
1111,CMM151,1985,TDF104
1111,CMM151,1114,PUP101
1111,CMM151,1627,LAW139
1111,CMM151,1630,LAW140
1111,CMM151,1250,SOC103
1111,CMM151,1124,PUP121
1111,CMM151,1126,POL103
1111,CMM151,1127,CMM170
1111,CMM151,1766,ART103
1111,CMM151,1781,CMM167
1111,CMM151,1786,ART104
1124,PUP121,1920,SOC110
1124,PUP121,1158,POL109
1124,PUP121,1161,TDF103
1124,PUP121,1162,TDF103
1124,PUP121,1418,TDF104
1124,PUP121,1422,CMM151
1124,PUP121,1425,LAW139
1124,PUP121,1426,LAW139
1124,PUP121,1944,LAW101
1124,PUP121,1689,POL109
1124,PUP121,1690,CMM107
1124,PUP121,152,PUP120
1124,PUP121,1573,LAW143
1124,PUP121,1580,ART104
1124,PUP121,1454,LAW139
1124,PUP121,1455,LAW140
1124,PUP121,1456,LAW140
1124,PUP121,1581,POL117
1124,PUP121,1210,CMM107
1124,PUP121,1985,TDF104
1124,PUP121,1114,PUP101
1124,PUP121,1627,LAW139
1124,PUP121,218,PUP120
1124,PUP121,1630,LAW140
1124,PUP121,1250,SOC103
1124,PUP121,1126,POL103
1124,PUP121,1127,CMM170
1124,PUP121,1766,ART103
1124,PUP121,1781,CMM167
1124,PUP121,1786,ART104
1126,POL103,1920,SOC110
1126,POL103,1158,POL109
1126,POL103,1161,TDF103
1126,POL103,1162,TDF103
1126,POL103,1418,TDF104
1126,POL103,1422,CMM151
1126,POL103,1425,LAW139
1126,POL103,1426,LAW139
1126,POL103,1944,LAW101
1126,POL103,1689,POL109
1126,POL103,1690,CMM107
1126,POL103,152,PUP120
1126,POL103,1573,LAW143
1126,POL103,1580,ART104
1126,POL103,1454,LAW139
1126,POL103,1455,LAW140
1126,POL103,1456,LAW140
1126,POL103,1581,POL117
1126,POL103,1210,CMM107
1126,POL103,1985,TDF104
1126,POL103,1114,PUP101
1126,POL103,1627,LAW139
1126,POL103,218,PUP120
1126,POL103,1630,LAW140
1126,POL103,1250,SOC103
1126,POL103,1127,CMM170
1126,POL103,1766,ART103
1126,POL103,1781,CMM167
1126,POL103,1786,ART104
1127,CMM170,1920,SOC110
1127,CMM170,1158,POL109
1127,CMM170,1161,TDF103
1127,CMM170,1162,TDF103
1127,CMM170,1418,TDF104
1127,CMM170,1422,CMM151
1127,CMM170,1425,LAW139
1127,CMM170,1426,LAW139
1127,CMM170,1944,LAW101
1127,CMM170,1689,POL109
1127,CMM170,1690,CMM107
1127,CMM170,1573,LAW143
1127,CMM170,1580,ART104
1127,CMM170,1454,LAW139
1127,CMM170,1455,LAW140
1127,CMM170,1456,LAW140
1127,CMM170,1581,POL117
1127,CMM170,1210,CMM107
1127,CMM170,1985,TDF104
1127,CMM170,1114,PUP101
1127,CMM170,1627,LAW139
1127,CMM170,1630,LAW140
1127,CMM170,1250,SOC103
1127,CMM170,1766,ART103
1127,CMM170,1781,CMM167
1127,CMM170,1786,ART104
1158,POL109,1920,SOC110
1158,POL109,1161,TDF103
1158,POL109,1162,TDF103
1158,POL109,1422,CMM151
1158,POL109,1425,LAW139
1158,POL109,1426,LAW139
1158,POL109,1944,LAW101
1158,POL109,1690,CMM107
1158,POL109,152,PUP120
1158,POL109,1573,LAW143
1158,POL109,1580,ART104
1158,POL109,1454,LAW139
1158,POL109,1455,LAW140
1158,POL109,1456,LAW140
1158,POL109,1581,POL117
1158,POL109,1210,CMM107
1158,POL109,1985,TDF104
1158,POL109,1114,PUP101
1158,POL109,1627,LAW139
1158,POL109,218,PUP120
1158,POL109,1630,LAW140
1158,POL109,1250,SOC103
1158,POL109,1766,ART103
1158,POL109,1781,CMM167
1158,POL109,1786,ART104
1161,TDF103,1920,SOC110
1161,TDF103,1422,CMM151
1161,TDF103,1425,LAW139
1161,TDF103,1426,LAW139
1161,TDF103,1944,LAW101
1161,TDF103,1689,POL109
1161,TDF103,1690,CMM107
1161,TDF103,1573,LAW143
1161,TDF103,1580,ART104
1161,TDF103,1454,LAW139
1161,TDF103,1455,LAW140
1161,TDF103,1456,LAW140
1161,TDF103,1581,POL117
1161,TDF103,1210,CMM107
1161,TDF103,1985,TDF104
1161,TDF103,1114,PUP101
1161,TDF103,1627,LAW139
1161,TDF103,1630,LAW140
1161,TDF103,1250,SOC103
1161,TDF103,1766,ART103
1161,TDF103,1781,CMM167
1161,TDF103,1786,ART104
1162,TDF103,1920,SOC110
1162,TDF103,1418,TDF104
1162,TDF103,1422,CMM151
1162,TDF103,1425,LAW139
1162,TDF103,1426,LAW139
1162,TDF103,1944,LAW101
1162,TDF103,1689,POL109
1162,TDF103,1690,CMM107
1162,TDF103,1573,LAW143
1162,TDF103,1580,ART104
1162,TDF103,1454,LAW139
1162,TDF103,1455,LAW140
1162,TDF103,1456,LAW140
1162,TDF103,1581,POL117
1162,TDF103,1210,CMM107
1162,TDF103,1985,TDF104
1162,TDF103,1114,PUP101
1162,TDF103,1627,LAW139
1162,TDF103,1630,LAW140
1162,TDF103,1250,SOC103
1162,TDF103,1766,ART103
1162,TDF103,1781,CMM167
1162,TDF103,1786,ART104
1210,CMM107,1920,SOC110
1210,CMM107,1418,TDF104
1210,CMM107,1422,CMM151
1210,CMM107,1425,LAW139
1210,CMM107,1426,LAW139
1210,CMM107,1944,LAW101
1210,CMM107,1689,POL109
1210,CMM107,1573,LAW143
1210,CMM107,1580,ART104
1210,CMM107,1454,LAW139
1210,CMM107,1455,LAW140
1210,CMM107,1456,LAW140
1210,CMM107,1581,POL117
1210,CMM107,1985,TDF104
1210,CMM107,1114,PUP101
1210,CMM107,1627,LAW139
1210,CMM107,1630,LAW140
1210,CMM107,1250,SOC103
1210,CMM107,1766,ART103
1210,CMM107,1781,CMM167
1210,CMM107,1786,ART104
1250,SOC103,1920,SOC110
1250,SOC103,1928,SOP109
1250,SOC103,1418,TDF104
1250,SOC103,1422,CMM151
1250,SOC103,1425,LAW139
1250,SOC103,1426,LAW139
1250,SOC103,1944,LAW101
1250,SOC103,1689,POL109
1250,SOC103,1690,CMM107
1250,SOC103,152,PUP120
1250,SOC103,1573,LAW143
1250,SOC103,1191,SOP109
1250,SOC103,1580,ART104
1250,SOC103,1454,LAW139
1250,SOC103,1455,LAW140
1250,SOC103,1456,LAW140
1250,SOC103,1581,POL117
1250,SOC103,820,SOP102
1250,SOC103,821,SOP102
1250,SOC103,1973,SOP102
1250,SOC103,1985,TDF104
1250,SOC103,1097,SOP106
1250,SOC103,1996,SOP106
1250,SOC103,1114,PUP101
1250,SOC103,1627,LAW139
1250,SOC103,218,PUP120
1250,SOC103,1630,LAW140
1250,SOC103,1766,ART103
1250,SOC103,1781,CMM167
1250,SOC103,1786,ART104
1422,CMM151,1920,SOC110
1422,CMM151,1418,TDF104
1422,CMM151,1425,LAW139
1422,CMM151,1426,LAW139
1422,CMM151,1944,LAW101
1422,CMM151,1689,POL109
1422,CMM151,1690,CMM107
1422,CMM151,1573,LAW143
1422,CMM151,1580,ART104
1422,CMM151,1454,LAW139
1422,CMM151,1455,LAW140
1422,CMM151,1456,LAW140
1422,CMM151,1581,POL117
1422,CMM151,1985,TDF104
1422,CMM151,1114,PUP101
1422,CMM151,1627,LAW139
1422,CMM151,1630,LAW140
1422,CMM151,1766,ART103
1422,CMM151,1781,CMM167
1422,CMM151,1786,ART104
1425,LAW139,1920,SOC110
1425,LAW139,1678,ECO109
1425,LAW139,1944,LAW101
1425,LAW139,1689,POL109
1425,LAW139,1690,CMM107
1425,LAW139,152,PUP120
1425,LAW139,1573,LAW143
1425,LAW139,1580,ART104
1425,LAW139,1455,LAW140
1425,LAW139,1456,LAW140
1425,LAW139,1581,POL117
1425,LAW139,1985,TDF104
1425,LAW139,1103,ACF131
1425,LAW139,1104,ACF131
1425,LAW139,1114,PUP101
1425,LAW139,218,PUP120
1425,LAW139,603,ACF131
1425,LAW139,1630,LAW140
1425,LAW139,1766,ART103
1425,LAW139,1262,ECO109
1425,LAW139,1263,ECO109
1425,LAW139,1781,CMM167
1425,LAW139,1786,ART104
1426,LAW139,1920,SOC110
1426,LAW139,1678,ECO109
1426,LAW139,1944,LAW101
1426,LAW139,1689,POL109
1426,LAW139,1690,CMM107
1426,LAW139,152,PUP120
1426,LAW139,1573,LAW143
1426,LAW139,1580,ART104
1426,LAW139,1455,LAW140
1426,LAW139,1456,LAW140
1426,LAW139,1581,POL117
1426,LAW139,1985,TDF104
1426,LAW139,1103,ACF131
1426,LAW139,1104,ACF131
1426,LAW139,1114,PUP101
1426,LAW139,218,PUP120
1426,LAW139,603,ACF131
1426,LAW139,1630,LAW140
1426,LAW139,1766,ART103
1426,LAW139,1262,ECO109
1426,LAW139,1263,ECO109
1426,LAW139,1781,CMM167
1426,LAW139,1786,ART104
1454,LAW139,1920,SOC110
1454,LAW139,1678,ECO109
1454,LAW139,1944,LAW101
1454,LAW139,1689,POL109
1454,LAW139,1690,CMM107
1454,LAW139,152,PUP120
1454,LAW139,1573,LAW143
1454,LAW139,1580,ART104
1454,LAW139,1455,LAW140
1454,LAW139,1456,LAW140
1454,LAW139,1581,POL117
1454,LAW139,1985,TDF104
1454,LAW139,1103,ACF131
1454,LAW139,1104,ACF131
1454,LAW139,1114,PUP101
1454,LAW139,218,PUP120
1454,LAW139,603,ACF131
1454,LAW139,1630,LAW140
1454,LAW139,1766,ART103
1454,LAW139,1262,ECO109
1454,LAW139,1263,ECO109
1454,LAW139,1781,CMM167
1454,LAW139,1786,ART104
1455,LAW140,1920,SOC110
1455,LAW140,1944,LAW101
1455,LAW140,1689,POL109
1455,LAW140,1690,CMM107
1455,LAW140,152,PUP120
1455,LAW140,1573,LAW143
1455,LAW140,1575,ACF117
1455,LAW140,1580,ART104
1455,LAW140,1581,POL117
1455,LAW140,1087,ACF117
1455,LAW140,1985,TDF104
1455,LAW140,1114,PUP101
1455,LAW140,1627,LAW139
1455,LAW140,218,PUP120
1455,LAW140,1766,ART103
1455,LAW140,360,ACF143
1455,LAW140,1781,CMM167
1455,LAW140,1786,ART104
1456,LAW140,1920,SOC110
1456,LAW140,1944,LAW101
1456,LAW140,1689,POL109
1456,LAW140,1690,CMM107
1456,LAW140,152,PUP120
1456,LAW140,1573,LAW143
1456,LAW140,1575,ACF117
1456,LAW140,1580,ART104
1456,LAW140,1581,POL117
1456,LAW140,1087,ACF117
1456,LAW140,1985,TDF104
1456,LAW140,1114,PUP101
1456,LAW140,1627,LAW139
1456,LAW140,218,PUP120
1456,LAW140,1766,ART103
1456,LAW140,360,ACF143
1456,LAW140,1781,CMM167
1456,LAW140,1786,ART104
1573,LAW143,1920,SOC110
1573,LAW143,1418,TDF104
1573,LAW143,1944,LAW101
1573,LAW143,1689,POL109
1573,LAW143,1690,CMM107
1573,LAW143,1580,ART104
1573,LAW143,1581,POL117
1573,LAW143,1985,TDF104
1573,LAW143,1114,PUP101
1573,LAW143,1627,LAW139
1573,LAW143,1630,LAW140
1573,LAW143,1766,ART103
1573,LAW143,1781,CMM167
1573,LAW143,1786,ART104
1580,ART104,1920,SOC110
1580,ART104,1418,TDF104
1580,ART104,1944,LAW101
1580,ART104,1689,POL109
1580,ART104,1690,CMM107
1580,ART104,1581,POL117
1580,ART104,1985,TDF104
1580,ART104,1114,PUP101
1580,ART104,1627,LAW139
1580,ART104,1630,LAW140
1580,ART104,1766,ART103
1580,ART104,1781,CMM167
1581,POL117,1920,SOC110
1581,POL117,1418,TDF104
1581,POL117,1944,LAW101
1581,POL117,1689,POL109
1581,POL117,1690,CMM107
1581,POL117,152,PUP120
1581,POL117,1985,TDF104
1581,POL117,1114,PUP101
1581,POL117,1627,LAW139
1581,POL117,218,PUP120
1581,POL117,1630,LAW140
1581,POL117,1766,ART103
1581,POL117,1781,CMM167
1581,POL117,1786,ART104
1627,LAW139,1920,SOC110
1627,LAW139,1418,TDF104
1627,LAW139,1678,ECO109
1627,LAW139,1944,LAW101
1627,LAW139,1689,POL109
1627,LAW139,1690,CMM107
1627,LAW139,152,PUP120
1627,LAW139,1985,TDF104
1627,LAW139,1103,ACF131
1627,LAW139,1104,ACF131
1627,LAW139,1114,PUP101
1627,LAW139,218,PUP120
1627,LAW139,603,ACF131
1627,LAW139,1630,LAW140
1627,LAW139,1766,ART103
1627,LAW139,1262,ECO109
1627,LAW139,1263,ECO109
1627,LAW139,1781,CMM167
1627,LAW139,1786,ART104
1630,LAW140,1920,SOC110
1630,LAW140,1418,TDF104
1630,LAW140,1944,LAW101
1630,LAW140,1689,POL109
1630,LAW140,1690,CMM107
1630,LAW140,152,PUP120
1630,LAW140,1575,ACF117
1630,LAW140,1087,ACF117
1630,LAW140,1985,TDF104
1630,LAW140,1114,PUP101
1630,LAW140,218,PUP120
1630,LAW140,1766,ART103
1630,LAW140,360,ACF143
1630,LAW140,1781,CMM167
1630,LAW140,1786,ART104
1689,POL109,1920,SOC110
1689,POL109,1418,TDF104
1689,POL109,1944,LAW101
1689,POL109,1690,CMM107
1689,POL109,152,PUP120
1689,POL109,1985,TDF104
1689,POL109,1114,PUP101
1689,POL109,218,PUP120
1689,POL109,1766,ART103
1689,POL109,1781,CMM167
1689,POL109,1786,ART104
1690,CMM107,1920,SOC110
1690,CMM107,1418,TDF104
1690,CMM107,1944,LAW101
1690,CMM107,1985,TDF104
1690,CMM107,1114,PUP101
1690,CMM107,1766,ART103
1690,CMM107,1781,CMM167
1690,CMM107,1786,ART104
1766,ART103,1920,SOC110
1766,ART103,1418,TDF104
1766,ART103,1944,LAW101
1766,ART103,1985,TDF104
1766,ART103,1114,PUP101
1766,ART103,1781,CMM167
1766,ART103,1786,ART104
1781,CMM167,1920,SOC110
1781,CMM167,1418,TDF104
1781,CMM167,1944,LAW101
1781,CMM167,1985,TDF104
1781,CMM167,1114,PUP101
1781,CMM167,1786,ART104
1786,ART104,1920,SOC110
1786,ART104,1944,LAW101
1786,ART104,1985,TDF104
1786,ART104,1114,PUP101
1920,SOC110,1418,TDF104
1920,SOC110,1944,LAW101
1920,SOC110,152,PUP120
1920,SOC110,1985,TDF104
1920,SOC110,1114,PUP101
1920,SOC110,218,PUP120
1944,LAW101,1114,PUP101
1944,LAW101,639,HTM165
1944,LAW101,1680,MKT104
1944,LAW101,716,BMG165
1944,LAW101,1767,MKT104
1944,LAW101,338,BMG165
1944,LAW101,1927,BMG165
1944,LAW101,1418,TDF104
1944,LAW101,1985,TDF104
1944,LAW101,1989,HTM165
1944,LAW101,1009,HTM188
1985,TDF104,1114,PUP101
1114,PUP101,1418,TDF104
1114,PUP101,152,PUP120
1114,PUP101,218,PUP120
152,PUP120,1928,SOP109
152,PUP120,1191,SOP109
152,PUP120,820,SOP102
152,PUP120,821,SOP102
152,PUP120,1973,SOP102
152,PUP120,1097,SOP106
152,PUP120,1996,SOP106
218,PUP120,1928,SOP109
218,PUP120,1191,SOP109
218,PUP120,820,SOP102
218,PUP120,821,SOP102
218,PUP120,1973,SOP102
218,PUP120,1097,SOP106
218,PUP120,1996,SOP106
108,SOP320,128,SOP305
108,SOP320,1129,SOP302
108,SOP320,397,SOP302
108,SOP320,398,SOP302
108,SOP320,1261,SOP305
108,SOP320,1116,SOP302
128,SOP305,1129,SOP302
128,SOP305,397,SOP302
128,SOP305,398,SOP302
128,SOP305,539,LAW337
128,SOP305,1116,SOP302
397,SOP302,1261,SOP305
397,SOP302,539,LAW337
398,SOP302,1261,SOP305
398,SOP302,539,LAW337
1116,SOP302,1261,SOP305
1116,SOP302,539,LAW337
1129,SOP302,1261,SOP305
1129,SOP302,539,LAW337
1261,SOP305,539,LAW337
111,CYW521,867,AED519
111,CYW521,1174,CYW517
867,AED519,824,CYW521
824,CYW521,1042,AED519
824,CYW521,869,AED519
824,CYW521,1174,CYW517
113,FIN701,391,FIN738
114,CYW152,1427,CYW150
384,MEC524,608,MEC509
384,MEC524,1386,MEC509
384,MEC524,715,BME505
384,MEC524,1388,MEC509
384,MEC524,724,BME505
384,MEC524,725,BME505
384,MEC524,983,BME505
384,MEC524,1022,BME505
384,MEC524,1018,MEC509
384,MEC524,1367,DES505
608,MEC509,1572,MEC524
608,MEC509,715,BME505
608,MEC509,749,MEC524
608,MEC509,724,BME505
608,MEC509,725,BME505
608,MEC509,983,BME505
608,MEC509,1022,BME505
608,MEC509,1367,DES505
715,BME505,1572,MEC524
715,BME505,1386,MEC509
715,BME505,1388,MEC509
715,BME505,749,MEC524
715,BME505,1367,DES505
715,BME505,1018,MEC509
724,BME505,1572,MEC524
724,BME505,1386,MEC509
724,BME505,749,MEC524
724,BME505,1367,DES505
724,BME505,1018,MEC509
725,BME505,1572,MEC524
725,BME505,1386,MEC509
725,BME505,749,MEC524
725,BME505,1367,DES505
725,BME505,1018,MEC509
749,MEC524,1386,MEC509
749,MEC524,1388,MEC509
749,MEC524,983,BME505
749,MEC524,1022,BME505
749,MEC524,1018,MEC509
749,MEC524,1367,DES505
983,BME505,1572,MEC524
983,BME505,1386,MEC509
983,BME505,1388,MEC509
983,BME505,1367,DES505
983,BME505,1018,MEC509
1018,MEC509,1572,MEC524
1018,MEC509,1022,BME505
1018,MEC509,1367,DES505
1022,BME505,1572,MEC524
1022,BME505,1386,MEC509
1022,BME505,1367,DES505
1386,MEC509,1572,MEC524
1386,MEC509,1367,DES505
1388,MEC509,1572,MEC524
1388,MEC509,1367,DES505
1572,MEC524,1367,DES505
119,COM691,1794,COM685
119,COM691,652,COM665
119,COM691,1807,COM664
119,COM691,144,COM690
119,COM691,1297,COM690
119,COM691,1808,COM664
119,COM691,1307,COM672
119,COM691,161,COM663
119,COM691,162,COM663
119,COM691,673,COM672
119,COM691,1831,COM672
119,COM691,808,COM668
119,COM691,812,COM665
119,COM691,813,COM665
119,COM691,1325,COM683
119,COM691,1334,COM685
119,COM691,1335,COM664
119,COM691,1336,COM676
119,COM691,701,COM683
119,COM691,702,COM683
119,COM691,1607,COM665
119,COM691,331,COM676
119,COM691,1358,COM690
119,COM691,1359,COM690
119,COM691,1360,COM663
144,COM690,1794,COM685
144,COM690,652,COM665
144,COM690,1807,COM664
144,COM690,1808,COM664
144,COM690,1307,COM672
144,COM690,161,COM663
144,COM690,162,COM663
144,COM690,673,COM672
144,COM690,1831,COM672
144,COM690,808,COM668
144,COM690,682,COM691
144,COM690,812,COM665
144,COM690,813,COM665
144,COM690,1325,COM683
144,COM690,686,COM662
144,COM690,1334,COM685
144,COM690,1335,COM664
144,COM690,1336,COM676
144,COM690,701,COM683
144,COM690,702,COM683
144,COM690,1607,COM665
144,COM690,331,COM676
144,COM690,1360,COM663
144,COM690,852,COM662
652,COM665,1794,COM685
652,COM665,1807,COM664
652,COM665,1297,COM690
652,COM665,1808,COM664
652,COM665,1307,COM672
652,COM665,161,COM663
652,COM665,162,COM663
652,COM665,673,COM672
652,COM665,1831,COM672
652,COM665,808,COM668
652,COM665,682,COM691
652,COM665,1325,COM683
652,COM665,1334,COM685
652,COM665,1335,COM664
652,COM665,1336,COM676
652,COM665,701,COM683
652,COM665,702,COM683
652,COM665,331,COM676
652,COM665,1358,COM690
652,COM665,1359,COM690
652,COM665,1360,COM663
808,COM668,1794,COM685
808,COM668,1807,COM664
808,COM668,1297,COM690
808,COM668,1808,COM664
808,COM668,1307,COM672
808,COM668,673,COM672
808,COM668,161,COM663
808,COM668,162,COM663
808,COM668,1831,COM672
808,COM668,682,COM691
808,COM668,812,COM665
808,COM668,1325,COM683
808,COM668,686,COM662
808,COM668,1334,COM685
808,COM668,1335,COM664
808,COM668,1336,COM676
808,COM668,701,COM683
808,COM668,702,COM683
808,COM668,1607,COM665
808,COM668,331,COM676
808,COM668,1358,COM690
808,COM668,1359,COM690
808,COM668,1360,COM663
808,COM668,852,COM662
812,COM665,1794,COM685
812,COM665,1807,COM664
812,COM665,1297,COM690
812,COM665,1808,COM664
812,COM665,1307,COM672
812,COM665,161,COM663
812,COM665,162,COM663
812,COM665,673,COM672
812,COM665,1831,COM672
812,COM665,682,COM691
812,COM665,1325,COM683
812,COM665,1334,COM685
812,COM665,1335,COM664
812,COM665,1336,COM676
812,COM665,701,COM683
812,COM665,702,COM683
812,COM665,331,COM676
812,COM665,1358,COM690
812,COM665,1359,COM690
812,COM665,1360,COM663
813,COM665,1794,COM685
813,COM665,1807,COM664
813,COM665,1297,COM690
813,COM665,1808,COM664
813,COM665,1307,COM672
813,COM665,161,COM663
813,COM665,162,COM663
813,COM665,673,COM672
813,COM665,1831,COM672
813,COM665,682,COM691
813,COM665,1325,COM683
813,COM665,1334,COM685
813,COM665,1335,COM664
813,COM665,1336,COM676
813,COM665,701,COM683
813,COM665,702,COM683
813,COM665,331,COM676
813,COM665,1358,COM690
813,COM665,1359,COM690
813,COM665,1360,COM663
1297,COM690,1794,COM685
1297,COM690,1807,COM664
1297,COM690,1808,COM664
1297,COM690,1307,COM672
1297,COM690,161,COM663
1297,COM690,162,COM663
1297,COM690,673,COM672
1297,COM690,1831,COM672
1297,COM690,682,COM691
1297,COM690,1325,COM683
1297,COM690,686,COM662
1297,COM690,1334,COM685
1297,COM690,1335,COM664
1297,COM690,1336,COM676
1297,COM690,701,COM683
1297,COM690,702,COM683
1297,COM690,1607,COM665
1297,COM690,331,COM676
1297,COM690,1360,COM663
1297,COM690,852,COM662
1358,COM690,1794,COM685
1358,COM690,1807,COM664
1358,COM690,1808,COM664
1358,COM690,1307,COM672
1358,COM690,161,COM663
1358,COM690,162,COM663
1358,COM690,673,COM672
1358,COM690,1831,COM672
1358,COM690,682,COM691
1358,COM690,1325,COM683
1358,COM690,686,COM662
1358,COM690,1334,COM685
1358,COM690,1335,COM664
1358,COM690,1336,COM676
1358,COM690,701,COM683
1358,COM690,702,COM683
1358,COM690,1607,COM665
1358,COM690,331,COM676
1358,COM690,1360,COM663
1358,COM690,852,COM662
1359,COM690,1794,COM685
1359,COM690,1807,COM664
1359,COM690,1808,COM664
1359,COM690,1307,COM672
1359,COM690,161,COM663
1359,COM690,162,COM663
1359,COM690,673,COM672
1359,COM690,1831,COM672
1359,COM690,682,COM691
1359,COM690,1325,COM683
1359,COM690,686,COM662
1359,COM690,1334,COM685
1359,COM690,1335,COM664
1359,COM690,1336,COM676
1359,COM690,701,COM683
1359,COM690,702,COM683
1359,COM690,1607,COM665
1359,COM690,331,COM676
1359,COM690,1360,COM663
1359,COM690,852,COM662
1607,COM665,1794,COM685
1607,COM665,1807,COM664
1607,COM665,1808,COM664
1607,COM665,1307,COM672
1607,COM665,161,COM663
1607,COM665,162,COM663
1607,COM665,673,COM672
1607,COM665,1831,COM672
1607,COM665,682,COM691
1607,COM665,1325,COM683
1607,COM665,1334,COM685
1607,COM665,1335,COM664
1607,COM665,1336,COM676
1607,COM665,701,COM683
1607,COM665,702,COM683
1607,COM665,331,COM676
1607,COM665,1360,COM663
682,COM691,1794,COM685
682,COM691,1807,COM664
682,COM691,1808,COM664
682,COM691,1307,COM672
682,COM691,161,COM663
682,COM691,162,COM663
682,COM691,673,COM672
682,COM691,1831,COM672
682,COM691,1325,COM683
682,COM691,1334,COM685
682,COM691,1335,COM664
682,COM691,1336,COM676
682,COM691,701,COM683
682,COM691,702,COM683
682,COM691,331,COM676
682,COM691,1360,COM663
161,COM663,1794,COM685
161,COM663,1807,COM664
161,COM663,1808,COM664
161,COM663,1307,COM672
161,COM663,673,COM672
161,COM663,1831,COM672
161,COM663,1325,COM683
161,COM663,1334,COM685
161,COM663,1335,COM664
161,COM663,1336,COM676
161,COM663,701,COM683
161,COM663,702,COM683
161,COM663,331,COM676
162,COM663,1794,COM685
162,COM663,1807,COM664
162,COM663,1808,COM664
162,COM663,1307,COM672
162,COM663,673,COM672
162,COM663,1831,COM672
162,COM663,1325,COM683
162,COM663,1334,COM685
162,COM663,1335,COM664
162,COM663,1336,COM676
162,COM663,701,COM683
162,COM663,702,COM683
162,COM663,331,COM676
331,COM676,1794,COM685
331,COM676,1807,COM664
331,COM676,1808,COM664
331,COM676,1307,COM672
331,COM676,673,COM672
331,COM676,1831,COM672
331,COM676,1325,COM683
331,COM676,1334,COM685
331,COM676,1335,COM664
331,COM676,701,COM683
331,COM676,702,COM683
331,COM676,1360,COM663
673,COM672,1794,COM685
673,COM672,1807,COM664
673,COM672,1808,COM664
673,COM672,1325,COM683
673,COM672,686,COM662
673,COM672,1334,COM685
673,COM672,1335,COM664
673,COM672,1336,COM676
673,COM672,701,COM683
673,COM672,702,COM683
673,COM672,1360,COM663
673,COM672,852,COM662
701,COM683,1794,COM685
701,COM683,1807,COM664
701,COM683,1808,COM664
701,COM683,1307,COM672
701,COM683,1831,COM672
701,COM683,686,COM662
701,COM683,1334,COM685
701,COM683,1335,COM664
701,COM683,1336,COM676
701,COM683,1360,COM663
701,COM683,852,COM662
702,COM683,1794,COM685
702,COM683,1807,COM664
702,COM683,1808,COM664
702,COM683,1307,COM672
702,COM683,1831,COM672
702,COM683,686,COM662
702,COM683,1334,COM685
702,COM683,1335,COM664
702,COM683,1336,COM676
702,COM683,1360,COM663
702,COM683,852,COM662
1307,COM672,1794,COM685
1307,COM672,1807,COM664
1307,COM672,1808,COM664
1307,COM672,1325,COM683
1307,COM672,686,COM662
1307,COM672,1334,COM685
1307,COM672,1335,COM664
1307,COM672,1336,COM676
1307,COM672,1360,COM663
1307,COM672,852,COM662
1325,COM683,1794,COM685
1325,COM683,1807,COM664
1325,COM683,1808,COM664
1325,COM683,1831,COM672
1325,COM683,686,COM662
1325,COM683,1334,COM685
1325,COM683,1335,COM664
1325,COM683,1336,COM676
1325,COM683,1360,COM663
1325,COM683,852,COM662
1334,COM685,1807,COM664
1334,COM685,1808,COM664
1334,COM685,1831,COM672
1334,COM685,1335,COM664
1334,COM685,1336,COM676
1334,COM685,1360,COM663
1335,COM664,1794,COM685
1335,COM664,1831,COM672
1335,COM664,686,COM662
1335,COM664,1336,COM676
1335,COM664,1360,COM663
1335,COM664,852,COM662
1336,COM676,1794,COM685
1336,COM676,1807,COM664
1336,COM676,1808,COM664
1336,COM676,1831,COM672
1336,COM676,1360,COM663
1360,COM663,1794,COM685
1360,COM663,1807,COM664
1360,COM663,1808,COM664
1360,COM663,1831,COM672
1794,COM685,1807,COM664
1794,COM685,1808,COM664
1794,COM685,1831,COM672
1807,COM664,1831,COM672
1807,COM664,686,COM662
1807,COM664,852,COM662
1808,COM664,1831,COM672
1808,COM664,686,COM662
1808,COM664,852,COM662
1831,COM672,686,COM662
1831,COM672,852,COM662
539,LAW337,653,PUP308
539,LAW337,1936,PUP356
539,LAW337,1428,PUP308
539,LAW337,1974,POL328
539,LAW337,1108,PUP308
539,LAW337,742,PUP356
860,CMM538,1125,CMM545
860,CMM538,1420,CMM574
860,CMM538,784,CMM574
130,NUR892,1784,NUR894
130,NUR892,329,NUR897
130,NUR892,1060,NUR897
130,NUR892,551,NUR893
329,NUR897,1784,NUR894
1060,NUR897,551,NUR893
551,NUR893,1784,NUR894
132,BMG830,847,ACF838
847,ACF838,1146,LAW801
847,ACF838,1147,BMG803
134,SLS553,996,SLS523
134,SLS553,997,SLS523
134,SLS553,231,SLS552
134,SLS553,1391,SLS571
134,SLS553,1395,SLS552
134,SLS553,1683,SLS506
134,SLS553,1397,SLS552
134,SLS553,1239,SLS528
134,SLS553,763,SLS506
134,SLS553,1692,SLS506
231,SLS552,1282,SLS506
231,SLS552,996,SLS523
231,SLS552,997,SLS523
231,SLS552,1000,SLS523
231,SLS552,1227,SLS523
231,SLS552,1132,SLS521
231,SLS552,1133,SLS521
231,SLS552,1390,SLS553
231,SLS552,751,SLS506
231,SLS552,1391,SLS571
231,SLS552,1683,SLS506
231,SLS552,1684,SLS506
231,SLS552,1239,SLS528
231,SLS552,250,SLS572
231,SLS552,763,SLS506
231,SLS552,1692,SLS506
763,SLS506,1390,SLS553
763,SLS506,1391,SLS571
763,SLS506,1395,SLS552
763,SLS506,1397,SLS552
763,SLS506,1239,SLS528
996,SLS523,1282,SLS506
996,SLS523,1683,SLS506
996,SLS523,1684,SLS506
996,SLS523,1049,SLS538
996,SLS523,1050,SLS538
996,SLS523,1051,SLS538
996,SLS523,1052,SLS538
996,SLS523,1692,SLS506
996,SLS523,547,SLS519
996,SLS523,1239,SLS528
996,SLS523,1132,SLS521
996,SLS523,1133,SLS521
996,SLS523,1390,SLS553
996,SLS523,751,SLS506
996,SLS523,1391,SLS571
996,SLS523,1395,SLS552
996,SLS523,1397,SLS552
996,SLS523,250,SLS572
997,SLS523,1282,SLS506
997,SLS523,1683,SLS506
997,SLS523,1684,SLS506
997,SLS523,1049,SLS538
997,SLS523,1050,SLS538
997,SLS523,1051,SLS538
997,SLS523,1052,SLS538
997,SLS523,1692,SLS506
997,SLS523,547,SLS519
997,SLS523,1239,SLS528
997,SLS523,1132,SLS521
997,SLS523,1133,SLS521
997,SLS523,1390,SLS553
997,SLS523,751,SLS506
997,SLS523,1391,SLS571
997,SLS523,1395,SLS552
997,SLS523,1397,SLS552
997,SLS523,250,SLS572
1239,SLS528,1282,SLS506
1239,SLS528,1683,SLS506
1239,SLS528,1684,SLS506
1239,SLS528,1692,SLS506
1239,SLS528,1227,SLS523
1239,SLS528,1000,SLS523
1239,SLS528,1132,SLS521
1239,SLS528,1133,SLS521
1239,SLS528,1390,SLS553
1239,SLS528,751,SLS506
1239,SLS528,1391,SLS571
1239,SLS528,1395,SLS552
1239,SLS528,1397,SLS552
1239,SLS528,250,SLS572
1391,SLS571,1282,SLS506
1391,SLS571,1000,SLS523
1391,SLS571,1227,SLS523
1391,SLS571,1390,SLS553
1391,SLS571,751,SLS506
1391,SLS571,1395,SLS552
1391,SLS571,1683,SLS506
1391,SLS571,1397,SLS552
1391,SLS571,1684,SLS506
1391,SLS571,1692,SLS506
1395,SLS552,1282,SLS506
1395,SLS552,1000,SLS523
1395,SLS552,1227,SLS523
1395,SLS552,1132,SLS521
1395,SLS552,1133,SLS521
1395,SLS552,1390,SLS553
1395,SLS552,751,SLS506
1395,SLS552,1683,SLS506
1395,SLS552,1684,SLS506
1395,SLS552,250,SLS572
1395,SLS552,1692,SLS506
1397,SLS552,1282,SLS506
1397,SLS552,1000,SLS523
1397,SLS552,1227,SLS523
1397,SLS552,1132,SLS521
1397,SLS552,1133,SLS521
1397,SLS552,1390,SLS553
1397,SLS552,751,SLS506
1397,SLS552,1683,SLS506
1397,SLS552,250,SLS572
1397,SLS552,1692,SLS506
1683,SLS506,1000,SLS523
1683,SLS506,1227,SLS523
1683,SLS506,1390,SLS553
1692,SLS506,1000,SLS523
1692,SLS506,1390,SLS553
751,SLS506,1390,SLS553
1000,SLS523,1390,SLS553
1000,SLS523,1049,SLS538
1000,SLS523,250,SLS572
1000,SLS523,1051,SLS538
1227,SLS523,1132,SLS521
1227,SLS523,1133,SLS521
1227,SLS523,1390,SLS553
1227,SLS523,1049,SLS538
1227,SLS523,250,SLS572
1227,SLS523,1051,SLS538
1282,SLS506,1390,SLS553
1390,SLS553,1684,SLS506
135,ENH324,1475,ENH323
135,ENH324,780,ENH322
135,ENH324,1779,ENH322
135,ENH324,1941,ENH323
135,ENH324,1942,ENH323
780,ENH322,1475,ENH323
780,ENH322,772,ENH324
780,ENH322,230,ENH324
780,ENH322,1941,ENH323
780,ENH322,1942,ENH323
1475,ENH323,772,ENH324
1475,ENH323,1926,COM397
1475,ENH323,781,MEC358
1475,ENH323,782,MEC358
1475,ENH323,1566,CMP330
1475,ENH323,1188,SUR344
1475,ENH323,1833,CMP301
1475,ENH323,1834,BEN314
1475,ENH323,681,CMP331
1475,ENH323,937,CMP302
1475,ENH323,1321,CMP330
1475,ENH323,684,CMP302
1475,ENH323,685,CMP302
1475,ENH323,1323,COM397
1475,ENH323,1324,COM397
1475,ENH323,1326,CMP301
1475,ENH323,1327,COM399
1475,ENH323,1586,BEN314
1475,ENH323,1979,EEE316
1475,ENH323,837,CMP331
1475,ENH323,1863,SUR344
1475,ENH323,1353,CMP329
1475,ENH323,1356,CMP330
1475,ENH323,1486,SUR344
1475,ENH323,979,EEE316
1475,ENH323,597,CMP329
1475,ENH323,598,CMP329
1475,ENH323,606,ARC322
1475,ENH323,736,MEC358
1475,ENH323,738,MEC316
1475,ENH323,230,ENH324
1475,ENH323,486,ARC328
1475,ENH323,232,SUR335
1475,ENH323,493,ARC328
1475,ENH323,1136,MEC358
1475,ENH323,1779,ENH322
1475,ENH323,1389,MEC316
1475,ENH323,1782,COM399
1475,ENH323,2038,COM399
1475,ENH323,1273,EEE316
1475,ENH323,380,EEE316
1779,ENH322,772,ENH324
1779,ENH322,230,ENH324
1779,ENH322,1941,ENH323
1779,ENH322,1942,ENH323
1941,ENH323,772,ENH324
1941,ENH323,1030,BEN314
1941,ENH323,1031,SUR344
1941,ENH323,136,CMP301
1941,ENH323,1926,COM397
1941,ENH323,781,MEC358
1941,ENH323,782,MEC358
1941,ENH323,1566,CMP330
1941,ENH323,1188,SUR344
1941,ENH323,1833,CMP301
1941,ENH323,1834,BEN314
1941,ENH323,681,CMP331
1941,ENH323,937,CMP302
1941,ENH323,1321,CMP330
1941,ENH323,684,CMP302
1941,ENH323,685,CMP302
1941,ENH323,1323,COM397
1941,ENH323,1324,COM397
1941,ENH323,1326,CMP301
1941,ENH323,1327,COM399
1941,ENH323,1586,BEN314
1941,ENH323,1590,ARC322
1941,ENH323,1979,EEE316
1941,ENH323,837,CMP331
1941,ENH323,1863,SUR344
1941,ENH323,1353,CMP329
1941,ENH323,1356,CMP330
1941,ENH323,1486,SUR344
1941,ENH323,979,EEE316
1941,ENH323,597,CMP329
1941,ENH323,598,CMP329
1941,ENH323,606,ARC322
1941,ENH323,736,MEC358
1941,ENH323,738,MEC316
1941,ENH323,230,ENH324
1941,ENH323,486,ARC328
1941,ENH323,232,SUR335
1941,ENH323,493,ARC328
1941,ENH323,1136,MEC358
1941,ENH323,1389,MEC316
1941,ENH323,1782,COM399
1941,ENH323,2038,COM399
1941,ENH323,1273,EEE316
1941,ENH323,380,EEE316
1942,ENH323,772,ENH324
1942,ENH323,1030,BEN314
1942,ENH323,1031,SUR344
1942,ENH323,136,CMP301
1942,ENH323,1926,COM397
1942,ENH323,781,MEC358
1942,ENH323,782,MEC358
1942,ENH323,1566,CMP330
1942,ENH323,1188,SUR344
1942,ENH323,1833,CMP301
1942,ENH323,1834,BEN314
1942,ENH323,681,CMP331
1942,ENH323,937,CMP302
1942,ENH323,1321,CMP330
1942,ENH323,684,CMP302
1942,ENH323,685,CMP302
1942,ENH323,1323,COM397
1942,ENH323,1324,COM397
1942,ENH323,1326,CMP301
1942,ENH323,1327,COM399
1942,ENH323,1586,BEN314
1942,ENH323,1590,ARC322
1942,ENH323,1979,EEE316
1942,ENH323,837,CMP331
1942,ENH323,1863,SUR344
1942,ENH323,1353,CMP329
1942,ENH323,1356,CMP330
1942,ENH323,1486,SUR344
1942,ENH323,979,EEE316
1942,ENH323,597,CMP329
1942,ENH323,598,CMP329
1942,ENH323,606,ARC322
1942,ENH323,736,MEC358
1942,ENH323,738,MEC316
1942,ENH323,230,ENH324
1942,ENH323,486,ARC328
1942,ENH323,232,SUR335
1942,ENH323,493,ARC328
1942,ENH323,1136,MEC358
1942,ENH323,1389,MEC316
1942,ENH323,1782,COM399
1942,ENH323,2038,COM399
1942,ENH323,1273,EEE316
1942,ENH323,380,EEE316
136,CMP301,1926,COM397
136,CMP301,781,MEC358
136,CMP301,782,MEC358
136,CMP301,1566,CMP330
136,CMP301,1188,SUR344
136,CMP301,1321,CMP330
136,CMP301,681,CMP331
136,CMP301,937,CMP302
136,CMP301,684,CMP302
136,CMP301,685,CMP302
136,CMP301,1323,COM397
136,CMP301,1327,COM399
136,CMP301,1324,COM397
136,CMP301,1586,BEN314
136,CMP301,1834,BEN314
136,CMP301,1590,ARC322
136,CMP301,1979,EEE316
136,CMP301,837,CMP331
136,CMP301,1353,CMP329
136,CMP301,1356,CMP330
136,CMP301,1486,SUR344
136,CMP301,979,EEE316
136,CMP301,597,CMP329
136,CMP301,598,CMP329
136,CMP301,606,ARC322
136,CMP301,736,MEC358
136,CMP301,738,MEC316
136,CMP301,486,ARC328
136,CMP301,232,SUR335
136,CMP301,493,ARC328
136,CMP301,1389,MEC316
136,CMP301,1136,MEC358
136,CMP301,1782,COM399
136,CMP301,2038,COM399
136,CMP301,1273,EEE316
136,CMP301,380,EEE316
597,CMP329,1926,COM397
597,CMP329,1030,BEN314
597,CMP329,1031,SUR344
597,CMP329,781,MEC358
597,CMP329,782,MEC358
597,CMP329,1566,CMP330
597,CMP329,1188,SUR344
597,CMP329,1833,CMP301
597,CMP329,1834,BEN314
597,CMP329,681,CMP331
597,CMP329,937,CMP302
597,CMP329,684,CMP302
597,CMP329,685,CMP302
597,CMP329,1326,CMP301
597,CMP329,1321,CMP330
597,CMP329,1323,COM397
597,CMP329,1324,COM397
597,CMP329,1327,COM399
597,CMP329,1586,BEN314
597,CMP329,1590,ARC322
597,CMP329,1979,EEE316
597,CMP329,837,CMP331
597,CMP329,1863,SUR344
597,CMP329,1356,CMP330
597,CMP329,1486,SUR344
597,CMP329,979,EEE316
597,CMP329,606,ARC322
597,CMP329,736,MEC358
597,CMP329,738,MEC316
597,CMP329,486,ARC328
597,CMP329,232,SUR335
597,CMP329,493,ARC328
597,CMP329,1136,MEC358
597,CMP329,1389,MEC316
597,CMP329,1141,MEC358
597,CMP329,1782,COM399
597,CMP329,2038,COM399
597,CMP329,761,ARC322
597,CMP329,1273,EEE316
597,CMP329,380,EEE316
598,CMP329,1926,COM397
598,CMP329,1030,BEN314
598,CMP329,1031,SUR344
598,CMP329,781,MEC358
598,CMP329,782,MEC358
598,CMP329,1566,CMP330
598,CMP329,1188,SUR344
598,CMP329,1833,CMP301
598,CMP329,1834,BEN314
598,CMP329,681,CMP331
598,CMP329,937,CMP302
598,CMP329,684,CMP302
598,CMP329,685,CMP302
598,CMP329,1326,CMP301
598,CMP329,1321,CMP330
598,CMP329,1323,COM397
598,CMP329,1324,COM397
598,CMP329,1327,COM399
598,CMP329,1586,BEN314
598,CMP329,1590,ARC322
598,CMP329,1979,EEE316
598,CMP329,837,CMP331
598,CMP329,1863,SUR344
598,CMP329,1356,CMP330
598,CMP329,1486,SUR344
598,CMP329,979,EEE316
598,CMP329,606,ARC322
598,CMP329,736,MEC358
598,CMP329,738,MEC316
598,CMP329,486,ARC328
598,CMP329,232,SUR335
598,CMP329,493,ARC328
598,CMP329,1136,MEC358
598,CMP329,1389,MEC316
598,CMP329,1141,MEC358
598,CMP329,1782,COM399
598,CMP329,2038,COM399
598,CMP329,761,ARC322
598,CMP329,1273,EEE316
598,CMP329,380,EEE316
1353,CMP329,1926,COM397
1353,CMP329,1030,BEN314
1353,CMP329,1031,SUR344
1353,CMP329,781,MEC358
1353,CMP329,782,MEC358
1353,CMP329,1566,CMP330
1353,CMP329,1188,SUR344
1353,CMP329,1833,CMP301
1353,CMP329,1834,BEN314
1353,CMP329,681,CMP331
1353,CMP329,937,CMP302
1353,CMP329,684,CMP302
1353,CMP329,685,CMP302
1353,CMP329,1326,CMP301
1353,CMP329,1321,CMP330
1353,CMP329,1323,COM397
1353,CMP329,1324,COM397
1353,CMP329,1327,COM399
1353,CMP329,1586,BEN314
1353,CMP329,1590,ARC322
1353,CMP329,1979,EEE316
1353,CMP329,837,CMP331
1353,CMP329,1863,SUR344
1353,CMP329,1356,CMP330
1353,CMP329,1486,SUR344
1353,CMP329,979,EEE316
1353,CMP329,606,ARC322
1353,CMP329,736,MEC358
1353,CMP329,738,MEC316
1353,CMP329,486,ARC328
1353,CMP329,232,SUR335
1353,CMP329,493,ARC328
1353,CMP329,1136,MEC358
1353,CMP329,1389,MEC316
1353,CMP329,1141,MEC358
1353,CMP329,1782,COM399
1353,CMP329,2038,COM399
1353,CMP329,761,ARC322
1353,CMP329,1273,EEE316
1353,CMP329,380,EEE316
1326,CMP301,1926,COM397
1326,CMP301,1030,BEN314
1326,CMP301,1031,SUR344
1326,CMP301,781,MEC358
1326,CMP301,782,MEC358
1326,CMP301,1566,CMP330
1326,CMP301,1188,SUR344
1326,CMP301,1321,CMP330
1326,CMP301,681,CMP331
1326,CMP301,937,CMP302
1326,CMP301,684,CMP302
1326,CMP301,685,CMP302
1326,CMP301,1323,COM397
1326,CMP301,1327,COM399
1326,CMP301,1324,COM397
1326,CMP301,1586,BEN314
1326,CMP301,1834,BEN314
1326,CMP301,1590,ARC322
1326,CMP301,1979,EEE316
1326,CMP301,837,CMP331
1326,CMP301,1863,SUR344
1326,CMP301,1356,CMP330
1326,CMP301,1486,SUR344
1326,CMP301,979,EEE316
1326,CMP301,606,ARC322
1326,CMP301,736,MEC358
1326,CMP301,738,MEC316
1326,CMP301,486,ARC328
1326,CMP301,232,SUR335
1326,CMP301,493,ARC328
1326,CMP301,1136,MEC358
1326,CMP301,1389,MEC316
1326,CMP301,1141,MEC358
1326,CMP301,1782,COM399
1326,CMP301,2038,COM399
1326,CMP301,761,ARC322
1326,CMP301,1273,EEE316
1326,CMP301,380,EEE316
1833,CMP301,1926,COM397
1833,CMP301,1030,BEN314
1833,CMP301,1031,SUR344
1833,CMP301,781,MEC358
1833,CMP301,782,MEC358
1833,CMP301,1566,CMP330
1833,CMP301,1188,SUR344
1833,CMP301,1321,CMP330
1833,CMP301,681,CMP331
1833,CMP301,937,CMP302
1833,CMP301,684,CMP302
1833,CMP301,685,CMP302
1833,CMP301,1323,COM397
1833,CMP301,1327,COM399
1833,CMP301,1324,COM397
1833,CMP301,1586,BEN314
1833,CMP301,1834,BEN314
1833,CMP301,1979,EEE316
1833,CMP301,837,CMP331
1833,CMP301,1863,SUR344
1833,CMP301,1356,CMP330
1833,CMP301,1486,SUR344
1833,CMP301,979,EEE316
1833,CMP301,606,ARC322
1833,CMP301,736,MEC358
1833,CMP301,738,MEC316
1833,CMP301,486,ARC328
1833,CMP301,232,SUR335
1833,CMP301,493,ARC328
1833,CMP301,1136,MEC358
1833,CMP301,1389,MEC316
1833,CMP301,1141,MEC358
1833,CMP301,1782,COM399
1833,CMP301,2038,COM399
1833,CMP301,761,ARC322
1833,CMP301,1273,EEE316
1833,CMP301,380,EEE316
1321,CMP330,1926,COM397
1321,CMP330,1030,BEN314
1321,CMP330,1031,SUR344
1321,CMP330,781,MEC358
1321,CMP330,782,MEC358
1321,CMP330,1188,SUR344
1321,CMP330,1316,CMP331
1321,CMP330,1319,CMP331
1321,CMP330,1834,BEN314
1321,CMP330,681,CMP331
1321,CMP330,937,CMP302
1321,CMP330,684,CMP302
1321,CMP330,685,CMP302
1321,CMP330,1327,COM399
1321,CMP330,1323,COM397
1321,CMP330,1324,COM397
1321,CMP330,1586,BEN314
1321,CMP330,1590,ARC322
1321,CMP330,1979,EEE316
1321,CMP330,188,SUR335
1321,CMP330,837,CMP331
1321,CMP330,839,CMP331
1321,CMP330,1863,SUR344
1321,CMP330,843,CMP331
1321,CMP330,1486,SUR344
1321,CMP330,979,EEE316
1321,CMP330,606,ARC322
1321,CMP330,736,MEC358
1321,CMP330,738,MEC316
1321,CMP330,486,ARC328
1321,CMP330,232,SUR335
1321,CMP330,493,ARC328
1321,CMP330,1136,MEC358
1321,CMP330,1389,MEC316
1321,CMP330,1141,MEC358
1321,CMP330,1782,COM399
1321,CMP330,2038,COM399
1321,CMP330,761,ARC322
1321,CMP330,1273,EEE316
1321,CMP330,380,EEE316
1356,CMP330,1926,COM397
1356,CMP330,1030,BEN314
1356,CMP330,1031,SUR344
1356,CMP330,781,MEC358
1356,CMP330,782,MEC358
1356,CMP330,1188,SUR344
1356,CMP330,1316,CMP331
1356,CMP330,1319,CMP331
1356,CMP330,1834,BEN314
1356,CMP330,681,CMP331
1356,CMP330,937,CMP302
1356,CMP330,684,CMP302
1356,CMP330,685,CMP302
1356,CMP330,1327,COM399
1356,CMP330,1323,COM397
1356,CMP330,1324,COM397
1356,CMP330,1586,BEN314
1356,CMP330,1590,ARC322
1356,CMP330,1979,EEE316
1356,CMP330,188,SUR335
1356,CMP330,837,CMP331
1356,CMP330,839,CMP331
1356,CMP330,1863,SUR344
1356,CMP330,843,CMP331
1356,CMP330,1486,SUR344
1356,CMP330,979,EEE316
1356,CMP330,606,ARC322
1356,CMP330,736,MEC358
1356,CMP330,738,MEC316
1356,CMP330,486,ARC328
1356,CMP330,232,SUR335
1356,CMP330,493,ARC328
1356,CMP330,1136,MEC358
1356,CMP330,1389,MEC316
1356,CMP330,1141,MEC358
1356,CMP330,1782,COM399
1356,CMP330,2038,COM399
1356,CMP330,761,ARC322
1356,CMP330,1273,EEE316
1356,CMP330,380,EEE316
1566,CMP330,1926,COM397
1566,CMP330,1030,BEN314
1566,CMP330,1031,SUR344
1566,CMP330,781,MEC358
1566,CMP330,782,MEC358
1566,CMP330,1188,SUR344
1566,CMP330,1834,BEN314
1566,CMP330,681,CMP331
1566,CMP330,937,CMP302
1566,CMP330,684,CMP302
1566,CMP330,685,CMP302
1566,CMP330,1327,COM399
1566,CMP330,1323,COM397
1566,CMP330,1324,COM397
1566,CMP330,1586,BEN314
1566,CMP330,1590,ARC322
1566,CMP330,1979,EEE316
1566,CMP330,837,CMP331
1566,CMP330,1863,SUR344
1566,CMP330,1486,SUR344
1566,CMP330,979,EEE316
1566,CMP330,606,ARC322
1566,CMP330,736,MEC358
1566,CMP330,738,MEC316
1566,CMP330,486,ARC328
1566,CMP330,232,SUR335
1566,CMP330,493,ARC328
1566,CMP330,1136,MEC358
1566,CMP330,1389,MEC316
1566,CMP330,1141,MEC358
1566,CMP330,1782,COM399
1566,CMP330,2038,COM399
1566,CMP330,761,ARC322
1566,CMP330,1273,EEE316
1566,CMP330,380,EEE316
1327,COM399,1926,COM397
1327,COM399,1030,BEN314
1327,COM399,1031,SUR344
1327,COM399,781,MEC358
1327,COM399,782,MEC358
1327,COM399,1188,SUR344
1327,COM399,681,CMP331
1327,COM399,1834,BEN314
1327,COM399,684,CMP302
1327,COM399,685,CMP302
1327,COM399,937,CMP302
1327,COM399,1323,COM397
1327,COM399,1324,COM397
1327,COM399,1586,BEN314
1327,COM399,1590,ARC322
1327,COM399,1979,EEE316
1327,COM399,837,CMP331
1327,COM399,1863,SUR344
1327,COM399,1486,SUR344
1327,COM399,979,EEE316
1327,COM399,606,ARC322
1327,COM399,736,MEC358
1327,COM399,738,MEC316
1327,COM399,486,ARC328
1327,COM399,232,SUR335
1327,COM399,493,ARC328
1327,COM399,1136,MEC358
1327,COM399,1389,MEC316
1327,COM399,1141,MEC358
1327,COM399,761,ARC322
1327,COM399,1273,EEE316
1327,COM399,380,EEE316
1782,COM399,1926,COM397
1782,COM399,1030,BEN314
1782,COM399,1031,SUR344
1782,COM399,781,MEC358
1782,COM399,782,MEC358
1782,COM399,1188,SUR344
1782,COM399,681,CMP331
1782,COM399,1834,BEN314
1782,COM399,684,CMP302
1782,COM399,685,CMP302
1782,COM399,937,CMP302
1782,COM399,1323,COM397
1782,COM399,1324,COM397
1782,COM399,1586,BEN314
1782,COM399,1590,ARC322
1782,COM399,1979,EEE316
1782,COM399,837,CMP331
1782,COM399,1863,SUR344
1782,COM399,1486,SUR344
1782,COM399,979,EEE316
1782,COM399,606,ARC322
1782,COM399,736,MEC358
1782,COM399,738,MEC316
1782,COM399,486,ARC328
1782,COM399,232,SUR335
1782,COM399,493,ARC328
1782,COM399,1136,MEC358
1782,COM399,1389,MEC316
1782,COM399,1141,MEC358
1782,COM399,761,ARC322
1782,COM399,1273,EEE316
1782,COM399,380,EEE316
2038,COM399,1926,COM397
2038,COM399,1030,BEN314
2038,COM399,1031,SUR344
2038,COM399,781,MEC358
2038,COM399,782,MEC358
2038,COM399,1188,SUR344
2038,COM399,681,CMP331
2038,COM399,1834,BEN314
2038,COM399,684,CMP302
2038,COM399,685,CMP302
2038,COM399,937,CMP302
2038,COM399,1323,COM397
2038,COM399,1324,COM397
2038,COM399,1586,BEN314
2038,COM399,1590,ARC322
2038,COM399,1979,EEE316
2038,COM399,837,CMP331
2038,COM399,1863,SUR344
2038,COM399,1486,SUR344
2038,COM399,979,EEE316
2038,COM399,606,ARC322
2038,COM399,736,MEC358
2038,COM399,738,MEC316
2038,COM399,486,ARC328
2038,COM399,232,SUR335
2038,COM399,493,ARC328
2038,COM399,1136,MEC358
2038,COM399,1389,MEC316
2038,COM399,1141,MEC358
2038,COM399,761,ARC322
2038,COM399,1273,EEE316
2038,COM399,380,EEE316
232,SUR335,1030,BEN314
232,SUR335,1031,SUR344
232,SUR335,1926,COM397
232,SUR335,776,SUR345
232,SUR335,781,MEC358
232,SUR335,782,MEC358
232,SUR335,1188,SUR344
232,SUR335,1834,BEN314
232,SUR335,681,CMP331
232,SUR335,937,CMP302
232,SUR335,684,CMP302
232,SUR335,685,CMP302
232,SUR335,1323,COM397
232,SUR335,1324,COM397
232,SUR335,1586,BEN314
232,SUR335,1590,ARC322
232,SUR335,1979,EEE316
232,SUR335,837,CMP331
232,SUR335,1863,SUR344
232,SUR335,1486,SUR344
232,SUR335,979,EEE316
232,SUR335,606,ARC322
232,SUR335,736,MEC358
232,SUR335,738,MEC316
232,SUR335,486,ARC328
232,SUR335,493,ARC328
232,SUR335,1136,MEC358
232,SUR335,1389,MEC316
232,SUR335,1010,SUR345
232,SUR335,1141,MEC358
232,SUR335,761,ARC322
232,SUR335,1273,EEE316
232,SUR335,380,EEE316
380,EEE316,1926,COM397
380,EEE316,1030,BEN314
380,EEE316,1031,SUR344
380,EEE316,781,MEC358
380,EEE316,782,MEC358
380,EEE316,1188,SUR344
380,EEE316,1834,BEN314
380,EEE316,681,CMP331
380,EEE316,937,CMP302
380,EEE316,684,CMP302
380,EEE316,685,CMP302
380,EEE316,1323,COM397
380,EEE316,1324,COM397
380,EEE316,1586,BEN314
380,EEE316,1590,ARC322
380,EEE316,837,CMP331
380,EEE316,1863,SUR344
380,EEE316,1486,SUR344
380,EEE316,606,ARC322
380,EEE316,736,MEC358
380,EEE316,738,MEC316
380,EEE316,486,ARC328
380,EEE316,493,ARC328
380,EEE316,1136,MEC358
380,EEE316,1389,MEC316
380,EEE316,1141,MEC358
380,EEE316,761,ARC322
486,ARC328,1926,COM397
486,ARC328,1030,BEN314
486,ARC328,1031,SUR344
486,ARC328,781,MEC358
486,ARC328,782,MEC358
486,ARC328,1188,SUR344
486,ARC328,1834,BEN314
486,ARC328,681,CMP331
486,ARC328,937,CMP302
486,ARC328,684,CMP302
486,ARC328,685,CMP302
486,ARC328,1323,COM397
486,ARC328,1324,COM397
486,ARC328,1586,BEN314
486,ARC328,1590,ARC322
486,ARC328,1979,EEE316
486,ARC328,837,CMP331
486,ARC328,1863,SUR344
486,ARC328,1486,SUR344
486,ARC328,979,EEE316
486,ARC328,606,ARC322
486,ARC328,736,MEC358
486,ARC328,738,MEC316
486,ARC328,1389,MEC316
486,ARC328,1136,MEC358
486,ARC328,1273,EEE316
493,ARC328,1926,COM397
493,ARC328,1030,BEN314
493,ARC328,1031,SUR344
493,ARC328,781,MEC358
493,ARC328,782,MEC358
493,ARC328,1188,SUR344
493,ARC328,1834,BEN314
493,ARC328,681,CMP331
493,ARC328,937,CMP302
493,ARC328,684,CMP302
493,ARC328,685,CMP302
493,ARC328,1323,COM397
493,ARC328,1324,COM397
493,ARC328,1586,BEN314
493,ARC328,1590,ARC322
493,ARC328,1979,EEE316
493,ARC328,837,CMP331
493,ARC328,1863,SUR344
493,ARC328,1486,SUR344
493,ARC328,979,EEE316
493,ARC328,606,ARC322
493,ARC328,736,MEC358
493,ARC328,738,MEC316
493,ARC328,1389,MEC316
493,ARC328,1136,MEC358
493,ARC328,1273,EEE316
606,ARC322,1926,COM397
606,ARC322,1030,BEN314
606,ARC322,1031,SUR344
606,ARC322,781,MEC358
606,ARC322,782,MEC358
606,ARC322,1188,SUR344
606,ARC322,1834,BEN314
606,ARC322,681,CMP331
606,ARC322,937,CMP302
606,ARC322,684,CMP302
606,ARC322,685,CMP302
606,ARC322,1323,COM397
606,ARC322,1324,COM397
606,ARC322,1586,BEN314
606,ARC322,1979,EEE316
606,ARC322,837,CMP331
606,ARC322,1863,SUR344
606,ARC322,1486,SUR344
606,ARC322,979,EEE316
606,ARC322,736,MEC358
606,ARC322,738,MEC316
606,ARC322,1136,MEC358
606,ARC322,1389,MEC316
606,ARC322,1141,MEC358
606,ARC322,1273,EEE316
681,CMP331,1926,COM397
681,CMP331,1030,BEN314
681,CMP331,1031,SUR344
681,CMP331,1834,BEN314
681,CMP331,781,MEC358
681,CMP331,782,MEC358
681,CMP331,1188,SUR344
681,CMP331,937,CMP302
681,CMP331,1323,COM397
681,CMP331,684,CMP302
681,CMP331,685,CMP302
681,CMP331,1324,COM397
681,CMP331,1586,BEN314
681,CMP331,1590,ARC322
681,CMP331,1979,EEE316
681,CMP331,1486,SUR344
681,CMP331,979,EEE316
681,CMP331,736,MEC358
681,CMP331,738,MEC316
681,CMP331,1136,MEC358
681,CMP331,1389,MEC316
681,CMP331,1273,EEE316
684,CMP302,1926,COM397
684,CMP302,1030,BEN314
684,CMP302,1031,SUR344
684,CMP302,781,MEC358
684,CMP302,782,MEC358
684,CMP302,1188,SUR344
684,CMP302,1323,COM397
684,CMP302,1324,COM397
684,CMP302,1834,BEN314
684,CMP302,1586,BEN314
684,CMP302,1590,ARC322
684,CMP302,1979,EEE316
684,CMP302,837,CMP331
684,CMP302,1863,SUR344
684,CMP302,1486,SUR344
684,CMP302,979,EEE316
684,CMP302,736,MEC358
684,CMP302,738,MEC316
684,CMP302,1136,MEC358
684,CMP302,1389,MEC316
684,CMP302,1141,MEC358
684,CMP302,761,ARC322
684,CMP302,1273,EEE316
685,CMP302,1926,COM397
685,CMP302,1030,BEN314
685,CMP302,1031,SUR344
685,CMP302,781,MEC358
685,CMP302,782,MEC358
685,CMP302,1188,SUR344
685,CMP302,1323,COM397
685,CMP302,1324,COM397
685,CMP302,1834,BEN314
685,CMP302,1586,BEN314
685,CMP302,1590,ARC322
685,CMP302,1979,EEE316
685,CMP302,837,CMP331
685,CMP302,1863,SUR344
685,CMP302,1486,SUR344
685,CMP302,979,EEE316
685,CMP302,736,MEC358
685,CMP302,738,MEC316
685,CMP302,1136,MEC358
685,CMP302,1389,MEC316
685,CMP302,1141,MEC358
685,CMP302,761,ARC322
685,CMP302,1273,EEE316
736,MEC358,1926,COM397
736,MEC358,1030,BEN314
736,MEC358,1031,SUR344
736,MEC358,1188,SUR344
736,MEC358,1834,BEN314
736,MEC358,937,CMP302
736,MEC358,1323,COM397
736,MEC358,1324,COM397
736,MEC358,1586,BEN314
736,MEC358,1839,MEC365
736,MEC358,1843,MEC365
736,MEC358,1590,ARC322
736,MEC358,1979,EEE316
736,MEC358,837,CMP331
736,MEC358,1863,SUR344
736,MEC358,1486,SUR344
736,MEC358,979,EEE316
736,MEC358,982,MEC369
736,MEC358,738,MEC316
736,MEC358,1389,MEC316
736,MEC358,1273,EEE316
736,MEC358,382,MEC365
738,MEC316,1030,BEN314
738,MEC316,1031,SUR344
738,MEC316,1926,COM397
738,MEC316,781,MEC358
738,MEC316,782,MEC358
738,MEC316,1188,SUR344
738,MEC316,1834,BEN314
738,MEC316,937,CMP302
738,MEC316,1323,COM397
738,MEC316,1324,COM397
738,MEC316,1586,BEN314
738,MEC316,1839,MEC365
738,MEC316,1843,MEC365
738,MEC316,1590,ARC322
738,MEC316,1979,EEE316
738,MEC316,837,CMP331
738,MEC316,1863,SUR344
738,MEC316,1486,SUR344
738,MEC316,979,EEE316
738,MEC316,982,MEC369
738,MEC316,1136,MEC358
738,MEC316,1141,MEC358
738,MEC316,761,ARC322
738,MEC316,1273,EEE316
738,MEC316,382,MEC365
781,MEC358,1030,BEN314
781,MEC358,1031,SUR344
781,MEC358,1926,COM397
781,MEC358,1188,SUR344
781,MEC358,1834,BEN314
781,MEC358,937,CMP302
781,MEC358,1323,COM397
781,MEC358,1324,COM397
781,MEC358,1586,BEN314
781,MEC358,1839,MEC365
781,MEC358,1843,MEC365
781,MEC358,1590,ARC322
781,MEC358,1979,EEE316
781,MEC358,837,CMP331
781,MEC358,1863,SUR344
781,MEC358,1486,SUR344
781,MEC358,979,EEE316
781,MEC358,982,MEC369
781,MEC358,1389,MEC316
781,MEC358,761,ARC322
781,MEC358,1273,EEE316
781,MEC358,382,MEC365
782,MEC358,1030,BEN314
782,MEC358,1031,SUR344
782,MEC358,1926,COM397
782,MEC358,1188,SUR344
782,MEC358,1834,BEN314
782,MEC358,937,CMP302
782,MEC358,1323,COM397
782,MEC358,1324,COM397
782,MEC358,1586,BEN314
782,MEC358,1839,MEC365
782,MEC358,1843,MEC365
782,MEC358,1590,ARC322
782,MEC358,1979,EEE316
782,MEC358,837,CMP331
782,MEC358,1863,SUR344
782,MEC358,1486,SUR344
782,MEC358,979,EEE316
782,MEC358,982,MEC369
782,MEC358,1389,MEC316
782,MEC358,761,ARC322
782,MEC358,1273,EEE316
782,MEC358,382,MEC365
837,CMP331,1926,COM397
837,CMP331,1030,BEN314
837,CMP331,1031,SUR344
837,CMP331,1834,BEN314
837,CMP331,1188,SUR344
837,CMP331,937,CMP302
837,CMP331,1323,COM397
837,CMP331,1324,COM397
837,CMP331,1586,BEN314
837,CMP331,1590,ARC322
837,CMP331,1979,EEE316
837,CMP331,1486,SUR344
837,CMP331,979,EEE316
837,CMP331,1136,MEC358
837,CMP331,1389,MEC316
837,CMP331,1273,EEE316
937,CMP302,1926,COM397
937,CMP302,1030,BEN314
937,CMP302,1031,SUR344
937,CMP302,1188,SUR344
937,CMP302,1323,COM397
937,CMP302,1324,COM397
937,CMP302,1834,BEN314
937,CMP302,1586,BEN314
937,CMP302,1590,ARC322
937,CMP302,1979,EEE316
937,CMP302,1863,SUR344
937,CMP302,1486,SUR344
937,CMP302,979,EEE316
937,CMP302,1136,MEC358
937,CMP302,1389,MEC316
937,CMP302,1141,MEC358
937,CMP302,761,ARC322
937,CMP302,1273,EEE316
979,EEE316,1926,COM397
979,EEE316,1030,BEN314
979,EEE316,1031,SUR344
979,EEE316,1188,SUR344
979,EEE316,1834,BEN314
979,EEE316,1323,COM397
979,EEE316,1324,COM397
979,EEE316,1586,BEN314
979,EEE316,1590,ARC322
979,EEE316,1863,SUR344
979,EEE316,1486,SUR344
979,EEE316,1136,MEC358
979,EEE316,1389,MEC316
979,EEE316,1141,MEC358
979,EEE316,761,ARC322
1136,MEC358,1030,BEN314
1136,MEC358,1031,SUR344
1136,MEC358,1926,COM397
1136,MEC358,1188,SUR344
1136,MEC358,1834,BEN314
1136,MEC358,1323,COM397
1136,MEC358,1324,COM397
1136,MEC358,1586,BEN314
1136,MEC358,1839,MEC365
1136,MEC358,1843,MEC365
1136,MEC358,1590,ARC322
1136,MEC358,1979,EEE316
1136,MEC358,1486,SUR344
1136,MEC358,982,MEC369
1136,MEC358,1389,MEC316
1136,MEC358,761,ARC322
1136,MEC358,1273,EEE316
1136,MEC358,382,MEC365
1188,SUR344,1926,COM397
1188,SUR344,1030,BEN314
1188,SUR344,776,SUR345
1188,SUR344,1834,BEN314
1188,SUR344,1323,COM397
1188,SUR344,1324,COM397
1188,SUR344,1586,BEN314
1188,SUR344,1590,ARC322
1188,SUR344,1979,EEE316
1188,SUR344,1389,MEC316
1188,SUR344,1010,SUR345
1188,SUR344,1273,EEE316
1273,EEE316,1926,COM397
1273,EEE316,1030,BEN314
1273,EEE316,1031,SUR344
1273,EEE316,1834,BEN314
1273,EEE316,1323,COM397
1273,EEE316,1324,COM397
1273,EEE316,1586,BEN314
1273,EEE316,1590,ARC322
1273,EEE316,1863,SUR344
1273,EEE316,1486,SUR344
1273,EEE316,1389,MEC316
1323,COM397,1030,BEN314
1323,COM397,1031,SUR344
1323,COM397,1586,BEN314
1323,COM397,1834,BEN314
1323,COM397,1590,ARC322
1323,COM397,1979,EEE316
1323,COM397,1863,SUR344
1323,COM397,1486,SUR344
1323,COM397,1389,MEC316
1323,COM397,1141,MEC358
1323,COM397,761,ARC322
1324,COM397,1030,BEN314
1324,COM397,1031,SUR344
1324,COM397,1586,BEN314
1324,COM397,1834,BEN314
1324,COM397,1590,ARC322
1324,COM397,1979,EEE316
1324,COM397,1863,SUR344
1324,COM397,1486,SUR344
1324,COM397,1389,MEC316
1324,COM397,1141,MEC358
1324,COM397,761,ARC322
1389,MEC316,1030,BEN314
1389,MEC316,1031,SUR344
1389,MEC316,1926,COM397
1389,MEC316,1834,BEN314
1389,MEC316,1586,BEN314
1389,MEC316,1839,MEC365
1389,MEC316,1843,MEC365
1389,MEC316,1590,ARC322
1389,MEC316,1979,EEE316
1389,MEC316,1863,SUR344
1389,MEC316,1486,SUR344
1389,MEC316,982,MEC369
1389,MEC316,1141,MEC358
1389,MEC316,761,ARC322
1389,MEC316,382,MEC365
1486,SUR344,1926,COM397
1486,SUR344,776,SUR345
1486,SUR344,1834,BEN314
1486,SUR344,1586,BEN314
1486,SUR344,1590,ARC322
1486,SUR344,1979,EEE316
1486,SUR344,1010,SUR345
1586,BEN314,1926,COM397
1586,BEN314,2055,ENE301
1586,BEN314,1845,CIV307
1586,BEN314,1590,ARC322
1586,BEN314,1461,CIV310
1586,BEN314,1979,EEE316
1586,BEN314,1863,SUR344
1586,BEN314,984,CIV306
1586,BEN314,985,CIV306
1586,BEN314,602,CIV306
1586,BEN314,731,CIV306
1586,BEN314,732,CIV306
1586,BEN314,754,CIV307
1586,BEN314,1141,MEC358
1586,BEN314,1012,CIV307
1586,BEN314,761,ARC322
1586,BEN314,1015,CIV307
1590,ARC322,1926,COM397
1590,ARC322,1834,BEN314
1590,ARC322,1979,EEE316
1834,BEN314,1926,COM397
1834,BEN314,2055,ENE301
1834,BEN314,1845,CIV307
1834,BEN314,1461,CIV310
1834,BEN314,1979,EEE316
1834,BEN314,1863,SUR344
1834,BEN314,984,CIV306
1834,BEN314,985,CIV306
1834,BEN314,602,CIV306
1834,BEN314,731,CIV306
1834,BEN314,732,CIV306
1834,BEN314,754,CIV307
1834,BEN314,1012,CIV307
1834,BEN314,1015,CIV307
1926,COM397,1030,BEN314
1926,COM397,1031,SUR344
1926,COM397,1979,EEE316
1926,COM397,1863,SUR344
1926,COM397,1141,MEC358
1926,COM397,761,ARC322
1979,EEE316,1030,BEN314
1979,EEE316,1031,SUR344
1979,EEE316,1863,SUR344
188,SUR335,1316,CMP331
188,SUR335,839,CMP331
188,SUR335,1319,CMP331
188,SUR335,843,CMP331
761,ARC322,1141,MEC358
1030,BEN314,1031,SUR344
1030,BEN314,1461,CIV310
1030,BEN314,985,CIV306
1030,BEN314,602,CIV306
1030,BEN314,1012,CIV307
1030,BEN314,1015,CIV307
1031,SUR344,776,SUR345
1031,SUR344,1010,SUR345
1141,MEC358,1839,MEC365
1141,MEC358,1843,MEC365
1141,MEC358,982,MEC369
1141,MEC358,382,MEC365
1863,SUR344,776,SUR345
1863,SUR344,1010,SUR345
1284,SUR536,1772,SUR501
1970,SUR536,1772,SUR501
1291,BEN511,1610,BEN500
1291,BEN511,1803,SUR523
1291,BEN511,1804,SUR523
1291,BEN511,752,SUR523
1291,BEN511,1143,BEN500
1291,BEN511,1943,BEN500
1291,BEN511,1209,SUR509
160,BEN511,1610,BEN500
160,BEN511,1582,SUR509
160,BEN511,1903,SUR523
160,BEN511,752,SUR523
160,BEN511,1143,BEN500
160,BEN511,1943,BEN500
160,BEN511,1209,SUR509
233,BEN511,1610,BEN500
233,BEN511,1582,SUR509
233,BEN511,1903,SUR523
233,BEN511,752,SUR523
233,BEN511,1143,BEN500
233,BEN511,1943,BEN500
233,BEN511,1209,SUR509
234,BEN511,1610,BEN500
234,BEN511,1582,SUR509
234,BEN511,1903,SUR523
234,BEN511,752,SUR523
234,BEN511,1588,SUR509
234,BEN511,1143,BEN500
234,BEN511,1943,BEN500
234,BEN511,1209,SUR509
642,BEN511,1610,BEN500
642,BEN511,1582,SUR509
642,BEN511,1903,SUR523
642,BEN511,752,SUR523
642,BEN511,1588,SUR509
642,BEN511,1143,BEN500
642,BEN511,1943,BEN500
642,BEN511,1209,SUR509
643,BEN511,1610,BEN500
643,BEN511,1582,SUR509
643,BEN511,1903,SUR523
643,BEN511,752,SUR523
643,BEN511,1588,SUR509
643,BEN511,1143,BEN500
643,BEN511,1943,BEN500
643,BEN511,1209,SUR509
1283,BEN511,1610,BEN500
1283,BEN511,1903,SUR523
1283,BEN511,752,SUR523
1283,BEN511,1143,BEN500
1283,BEN511,1943,BEN500
1283,BEN511,1209,SUR509
1287,BEN511,1610,BEN500
1287,BEN511,1903,SUR523
1287,BEN511,752,SUR523
1287,BEN511,1588,SUR509
1287,BEN511,1143,BEN500
1287,BEN511,1943,BEN500
1287,BEN511,1209,SUR509
1288,BEN511,1582,SUR509
1288,BEN511,1903,SUR523
1288,BEN511,1943,BEN500
1288,BEN511,1209,SUR509
145,EEE416,148,PPD420
1378,EEE416,148,PPD420
1381,EEE416,148,PPD420
148,PPD420,1708,BMG403
148,PPD420,1685,BMG403
1685,BMG403,777,BMG402
1685,BMG403,149,BMG402
1708,BMG403,777,BMG402
1708,BMG403,149,BMG402
820,SOP102,1191,SOP109
820,SOP102,1928,SOP109
820,SOP102,1097,SOP106
820,SOP102,1996,SOP106
821,SOP102,1191,SOP109
821,SOP102,1928,SOP109
821,SOP102,1097,SOP106
821,SOP102,1996,SOP106
1097,SOP106,1191,SOP109
1097,SOP106,1928,SOP109
1097,SOP106,1973,SOP102
1191,SOP109,1996,SOP106
1191,SOP109,1973,SOP102
1928,SOP109,1996,SOP106
1928,SOP109,1973,SOP102
1973,SOP102,1996,SOP106
153,SLS428,1131,SLS425
153,SLS428,1396,SLS425
153,SLS428,1398,SLS425
153,SLS428,1399,SLS425
1131,SLS425,800,SLS428
1131,SLS425,163,SLS428
1131,SLS425,1275,SLS428
1396,SLS425,800,SLS428
1396,SLS425,163,SLS428
1396,SLS425,1275,SLS428
1398,SLS425,800,SLS428
1398,SLS425,163,SLS428
1398,SLS425,1275,SLS428
1399,SLS425,800,SLS428
1399,SLS425,163,SLS428
1399,SLS425,1275,SLS428
166,COM771,617,COM748
166,COM771,1577,COM762
166,COM771,697,COM747
166,COM771,1301,COM747
166,COM771,1814,COM760
166,COM771,1305,COM762
166,COM771,1308,COM760
617,COM748,1577,COM762
617,COM748,1357,COM771
617,COM748,1814,COM760
617,COM748,1305,COM762
617,COM748,1308,COM760
697,COM747,1577,COM762
697,COM747,1357,COM771
697,COM747,1814,COM760
697,COM747,1305,COM762
697,COM747,1308,COM760
1301,COM747,1577,COM762
1301,COM747,1357,COM771
1301,COM747,1814,COM760
1301,COM747,1305,COM762
1301,COM747,1308,COM760
1357,COM771,1577,COM762
1357,COM771,1814,COM760
1357,COM771,1305,COM762
1357,COM771,1308,COM760
1305,COM762,1814,COM760
1305,COM762,1308,COM760
1308,COM760,1577,COM762
1577,COM762,1814,COM760
191,DES714,209,DES716
209,DES716,208,DES705
192,DES530,197,DES532
197,DES532,193,DES530
196,DES354,198,DES353
196,DES354,199,DES353
201,UXD103,203,UXD104
206,DES525,214,DES524
214,DES524,1115,DES525
211,DES130,213,DES133
250,SLS572,1132,SLS521
250,SLS572,1133,SLS521
1132,SLS521,547,SLS519
1132,SLS521,1049,SLS538
1132,SLS521,1050,SLS538
1132,SLS521,1051,SLS538
1132,SLS521,1052,SLS538
1133,SLS521,547,SLS519
1133,SLS521,1049,SLS538
1133,SLS521,1050,SLS538
1133,SLS521,1051,SLS538
1133,SLS521,1052,SLS538
237,BME701,1377,MEC701
237,BME701,1253,MEC701
1253,MEC701,1376,BME701
1253,MEC701,1368,MEC707
1253,MEC701,1383,MEC707
1377,MEC701,1376,BME701
1377,MEC701,1383,MEC707
1377,MEC701,915,BME701
1377,MEC701,1368,MEC707
338,BMG165,992,ACF141
338,BMG165,1989,HTM165
338,BMG165,1767,MKT104
338,BMG165,613,MKT103
338,BMG165,746,ACF141
338,BMG165,1680,MKT104
338,BMG165,1009,HTM188
639,HTM165,1927,BMG165
639,HTM165,1767,MKT104
639,HTM165,716,BMG165
639,HTM165,1680,MKT104
639,HTM165,1009,HTM188
639,HTM165,1714,HTM140
639,HTM165,1716,HTM140
639,HTM165,1718,HTM140
639,HTM165,1721,HTM140
639,HTM165,1947,HTM140
639,HTM165,829,HTM140
716,BMG165,1680,MKT104
716,BMG165,1989,HTM165
716,BMG165,992,ACF141
716,BMG165,613,MKT103
716,BMG165,1767,MKT104
716,BMG165,746,ACF141
716,BMG165,1009,HTM188
1009,HTM188,1927,BMG165
1009,HTM188,1680,MKT104
1009,HTM188,1947,HTM140
1009,HTM188,1714,HTM140
1009,HTM188,1716,HTM140
1009,HTM188,1717,HTM144
1009,HTM188,1718,HTM140
1009,HTM188,1720,HTM144
1009,HTM188,1721,HTM140
1009,HTM188,1722,HTM144
1009,HTM188,829,HTM140
1009,HTM188,1989,HTM165
1009,HTM188,1767,MKT104
1680,MKT104,1927,BMG165
1680,MKT104,1678,ECO109
1680,MKT104,1989,HTM165
1680,MKT104,992,ACF141
1680,MKT104,613,MKT103
1680,MKT104,746,ACF141
1680,MKT104,1262,ECO109
1680,MKT104,1263,ECO109
1767,MKT104,1927,BMG165
1767,MKT104,1678,ECO109
1767,MKT104,1989,HTM165
1767,MKT104,992,ACF141
1767,MKT104,613,MKT103
1767,MKT104,746,ACF141
1767,MKT104,1262,ECO109
1767,MKT104,1263,ECO109
1927,BMG165,1989,HTM165
1927,BMG165,992,ACF141
1927,BMG165,613,MKT103
1927,BMG165,746,ACF141
1989,HTM165,1714,HTM140
1989,HTM165,1716,HTM140
1989,HTM165,1718,HTM140
1989,HTM165,1721,HTM140
1989,HTM165,1947,HTM140
1989,HTM165,829,HTM140
851,FIN106,1678,ECO109
851,FIN106,1263,ECO109
851,FIN106,1262,ECO109
1262,ECO109,1575,ACF117
1262,ECO109,360,ACF143
1262,ECO109,1103,ACF131
1262,ECO109,1104,ACF131
1262,ECO109,603,ACF131
1262,ECO109,1087,ACF117
1263,ECO109,1575,ACF117
1263,ECO109,360,ACF143
1263,ECO109,1103,ACF131
1263,ECO109,1104,ACF131
1263,ECO109,603,ACF131
1263,ECO109,1087,ACF117
1678,ECO109,1575,ACF117
1678,ECO109,360,ACF143
1678,ECO109,1103,ACF131
1678,ECO109,1104,ACF131
1678,ECO109,603,ACF131
1678,ECO109,1087,ACF117
244,MED542,963,MED543
244,MED542,455,MED549
455,MED549,449,MED542
455,MED549,963,MED543
963,MED543,449,MED542
249,AAD011,386,FCE014
249,AAD011,432,AAD012
249,AAD011,433,AAD012
249,AAD011,434,AAD012
249,AAD011,435,AAD012
249,AAD011,374,AAD012
386,FCE014,1026,AAD011
386,FCE014,1011,AAD011
386,FCE014,1047,FCE006
1011,AAD011,387,FCE014
1011,AAD011,432,AAD012
1011,AAD011,433,AAD012
1011,AAD011,434,AAD012
1011,AAD011,435,AAD012
1011,AAD011,374,AAD012
1026,AAD011,432,AAD012
1026,AAD011,433,AAD012
1026,AAD011,434,AAD012
1026,AAD011,435,AAD012
1026,AAD011,374,AAD012
387,FCE014,1047,FCE006
253,ENE530,1865,ENE517
253,ENE530,268,ENE517
253,ENE530,892,ENE522
253,ENE530,1055,ENE527
268,ENE517,1064,ENE530
268,ENE517,902,ENE530
268,ENE517,1055,ENE527
1055,ENE527,902,ENE530
1055,ENE527,1064,ENE530
1055,ENE527,1865,ENE517
1865,ENE517,1064,ENE530
902,ENE530,892,ENE522
1064,ENE530,892,ENE522
259,CUS802,1592,CUS807
259,CUS802,1600,HTM839
260,NUS618,969,NUS619
290,DES527,512,DES529
290,DES527,513,DES529
290,DES527,510,DES529
290,DES527,518,DES529
295,ACF707,324,ACF704
295,ACF707,325,ACF704
295,ACF707,326,ACF703
295,ACF707,327,ACF703
324,ACF704,326,ACF703
324,ACF704,296,ACF707
324,ACF704,327,ACF703
324,ACF704,913,ACF706
324,ACF704,914,ACF706
325,ACF704,326,ACF703
325,ACF704,296,ACF707
325,ACF704,327,ACF703
325,ACF704,913,ACF706
325,ACF704,914,ACF706
326,ACF703,296,ACF707
326,ACF703,913,ACF706
326,ACF703,914,ACF706
326,ACF703,1269,ACF704
327,ACF703,296,ACF707
327,ACF703,913,ACF706
327,ACF703,914,ACF706
327,ACF703,1269,ACF704
913,ACF706,1269,ACF704
914,ACF706,1269,ACF704
297,CYW319,1153,CYW321
297,CYW319,967,CYW321
297,CYW319,1032,CYW321
297,CYW319,815,CYW320
297,CYW319,1148,CYW321
1032,CYW321,815,CYW320
1148,CYW321,815,CYW320
1153,CYW321,815,CYW320
613,MKT103,992,ACF141
613,MKT103,746,ACF141
354,PHT107,440,PHT106
440,PHT106,411,PHT107
440,PHT106,412,PHT107
358,MED341,448,MED340
358,MED341,450,MED340
358,MED341,1969,MED340
358,MED341,442,MED340
358,MED341,443,MED340
358,MED341,444,MED340
358,MED341,445,MED340
358,MED341,447,MED340
442,MED340,459,MED341
442,MED340,460,MED341
442,MED340,359,MED341
443,MED340,459,MED341
443,MED340,460,MED341
443,MED340,359,MED341
444,MED340,459,MED341
444,MED340,460,MED341
444,MED340,359,MED341
445,MED340,459,MED341
445,MED340,460,MED341
445,MED340,359,MED341
447,MED340,459,MED341
447,MED340,460,MED341
447,MED340,359,MED341
448,MED340,459,MED341
448,MED340,460,MED341
448,MED340,359,MED341
450,MED340,459,MED341
450,MED340,460,MED341
450,MED340,359,MED341
1969,MED340,459,MED341
1969,MED340,460,MED341
1969,MED340,359,MED341
360,ACF143,1575,ACF117
360,ACF143,1103,ACF131
360,ACF143,1104,ACF131
360,ACF143,603,ACF131
360,ACF143,1087,ACF117
603,ACF131,1575,ACF117
603,ACF131,1087,ACF117
1087,ACF117,1103,ACF131
1087,ACF117,1104,ACF131
1103,ACF131,1575,ACF117
1104,ACF131,1575,ACF117
363,AAD505,421,AAD506
421,AAD506,420,AAD505
421,AAD506,419,AAD505
421,AAD506,422,AAD505
369,LAW338,1004,ACF306
369,LAW338,1812,ACF306
1100,LAW338,1004,ACF306
1100,LAW338,1812,ACF306
1901,LAW338,1004,ACF306
1901,LAW338,1812,ACF306
1972,LAW338,1004,ACF306
1972,LAW338,1812,ACF306
371,MED134,451,MED130
371,MED134,446,MED136
446,MED136,451,MED130
446,MED136,454,MED134
446,MED136,372,MED134
446,MED136,373,MED134
451,MED130,454,MED134
451,MED130,372,MED134
451,MED130,373,MED134
375,COM735,1276,COM736
375,COM735,845,LAW776
375,COM735,878,LAW770
375,COM735,2063,BEN715
878,LAW770,962,LAW729
878,LAW770,900,LAW777
878,LAW770,901,LAW778
878,LAW770,845,LAW776
878,LAW770,1054,LAW756
845,LAW776,962,LAW729
845,LAW776,900,LAW777
845,LAW776,901,LAW778
845,LAW776,1054,LAW756
1276,COM736,2063,BEN715
382,MEC365,982,MEC369
1839,MEC365,982,MEC369
1843,MEC365,982,MEC369
409,UXD703,410,UXD702
415,PHT503,441,PHT502
415,PHT503,438,PHT502
415,PHT503,439,PHT502
423,VIC106,426,VIC108
426,VIC108,1837,VIC106
426,VIC108,430,VIC106
426,VIC108,429,VIC106
425,VIC508,431,VIC504
452,FTV701,453,FTV703
452,FTV701,1961,FTV704
452,FTV701,458,FTV703
452,FTV701,1963,FTV704
452,FTV701,1932,FTV702
453,FTV703,1961,FTV704
453,FTV703,1963,FTV704
453,FTV703,1932,FTV702
458,FTV703,1961,FTV704
458,FTV703,1963,FTV704
458,FTV703,1932,FTV702
1961,FTV704,1932,FTV702
1963,FTV704,1932,FTV702
461,BEN707,1096,BEN718
461,BEN707,466,BEN708
461,BEN707,1621,BEN712
461,BEN707,1622,ENH703
466,BEN708,1096,BEN718
466,BEN708,1621,BEN712
466,BEN708,1622,ENH703
1621,BEN712,1622,ENH703
465,ARC704,490,ARC700
465,ARC704,483,ARC700
465,ARC704,494,ARC703
465,ARC704,487,ARC703
487,ARC703,1568,ARC704
487,ARC703,490,ARC700
487,ARC703,483,ARC700
494,ARC703,1568,ARC704
494,ARC703,490,ARC700
494,ARC703,483,ARC700
1568,ARC704,490,ARC700
1568,ARC704,483,ARC700
653,PUP308,742,PUP356
653,PUP308,1936,PUP356
742,PUP356,1108,PUP308
742,PUP356,1428,PUP308
1108,PUP308,1936,PUP356
1428,PUP308,1936,PUP356
547,SLS519,1049,SLS538
547,SLS519,1050,SLS538
547,SLS519,1051,SLS538
547,SLS519,1052,SLS538
896,HTM388,897,HTM304
896,HTM388,1715,HTM304
896,HTM388,1719,HTM304
1764,HTM388,897,HTM304
1764,HTM388,1715,HTM304
1764,HTM388,1719,HTM304
602,CIV306,754,CIV307
602,CIV306,1012,CIV307
602,CIV306,1845,CIV307
602,CIV306,1015,CIV307
731,CIV306,754,CIV307
731,CIV306,1012,CIV307
731,CIV306,1845,CIV307
731,CIV306,1015,CIV307
732,CIV306,754,CIV307
732,CIV306,1012,CIV307
732,CIV306,1845,CIV307
732,CIV306,1015,CIV307
984,CIV306,754,CIV307
984,CIV306,1012,CIV307
984,CIV306,1845,CIV307
984,CIV306,1015,CIV307
985,CIV306,1012,CIV307
985,CIV306,1015,CIV307
604,NUS762,1401,NUS765
1401,NUS765,1027,NUS762
1401,NUS765,916,NUS767
1401,NUS765,1493,NUS762
1401,NUS765,988,NUS766
1401,NUS765,1501,NUS762
829,HTM140,1717,HTM144
829,HTM140,1720,HTM144
829,HTM140,1722,HTM144
1714,HTM140,1717,HTM144
1714,HTM140,1720,HTM144
1714,HTM140,1722,HTM144
1716,HTM140,1717,HTM144
1716,HTM140,1720,HTM144
1716,HTM140,1722,HTM144
1718,HTM140,1717,HTM144
1718,HTM140,1720,HTM144
1718,HTM140,1722,HTM144
1721,HTM140,1717,HTM144
1721,HTM140,1720,HTM144
1721,HTM140,1722,HTM144
1947,HTM140,1717,HTM144
1947,HTM140,1720,HTM144
1947,HTM140,1722,HTM144
644,BLD534,1899,TRA509
644,BLD534,1852,CIV520
644,BLD534,1053,CIV532
1053,CIV532,1899,TRA509
1053,CIV532,1852,CIV520
1053,CIV532,1725,BLD534
1852,CIV520,1899,TRA509
1852,CIV520,1900,CIV518
1852,CIV520,1207,CIV512
1852,CIV520,1725,BLD534
1852,CIV520,703,CIV526
1899,TRA509,1900,CIV518
1899,TRA509,1207,CIV512
1899,TRA509,1725,BLD534
1899,TRA509,703,CIV526
1076,BMG804,1430,BMG834
710,MKT545,1872,MKT546
710,MKT545,1851,MKT531
710,MKT545,1988,MKT547
1851,MKT531,1872,MKT546
1851,MKT531,1988,MKT547
1872,MKT546,1988,MKT547
703,CIV526,1900,CIV518
703,CIV526,1207,CIV512
1207,CIV512,1900,CIV518
1461,CIV310,2055,ENE301
713,SLS207,1113,SLS203
713,SLS207,1134,SLS203
1113,SLS203,1578,SLS207
1113,SLS203,720,SLS207
1113,SLS203,734,SLS207
1113,SLS203,735,SLS207
1134,SLS203,1578,SLS207
1134,SLS203,720,SLS207
1134,SLS203,734,SLS207
1134,SLS203,735,SLS207
739,ENH530,762,ENH531
739,ENH530,1102,ENH531
762,ENH531,1819,ENH530
1102,ENH531,1819,ENH530
760,MKT303,801,MKT353
801,MKT353,1930,MKT303
801,MKT353,1931,MKT303
765,SLS169,1393,SLS172
765,SLS169,1579,SLS172
1393,SLS172,1632,SLS169
1393,SLS172,778,SLS169
1579,SLS172,1632,SLS169
1579,SLS172,778,SLS169
1392,SLS340,1681,SLS315
1681,SLS315,1641,SLS340
1681,SLS315,1016,SLS314
1681,SLS315,1040,SLS314
775,MKT317,1088,BMG350
775,MKT317,1682,BMG350
1088,BMG350,1028,MKT317
1088,BMG350,1629,MKT317
1682,BMG350,1028,MKT317
1682,BMG350,1629,MKT317
814,FIN711,1152,FIN719
1152,FIN719,819,FIN712
816,BMG619,1128,BMG645
900,LAW777,962,LAW729
900,LAW777,901,LAW778
900,LAW777,1054,LAW756
901,LAW778,962,LAW729
901,LAW778,1054,LAW756
962,LAW729,1054,LAW756
1146,LAW801,1147,BMG803
848,LAW811,850,LAW817
876,IRS343,877,IRS335
904,NUS751,2026,NUR798
916,NUS767,988,NUS766
923,ACF711,1750,ACF715
932,IRS541,933,IRS542
1023,BMG798,1589,BMG796
1589,BMG796,1024,BMG798
1589,BMG796,1025,BMG798
1034,IRS346,1035,IRS353
1149,IRS144,1150,IRS126
1215,BMG938,1605,BMG939
1215,BMG938,1606,BMG943
1605,BMG939,1606,BMG943
1257,NUR885,1259,NUR856
1257,NUR885,1260,NUR884
1259,NUR856,1260,NUR884
1260,NUR884,1258,NUR856
1394,SLS722,1424,SLS721
1502,LAW835,1504,LAW834
1502,LAW835,1505,LAW837
1609,HTM564,1728,HTM525
1609,HTM564,1965,HTM513
1609,HTM564,1877,HTM509
1609,HTM564,1984,HTM563
1728,HTM525,1984,HTM563
1728,HTM525,1877,HTM509
1728,HTM525,1965,HTM513
1877,HTM509,1984,HTM563
1877,HTM509,1965,HTM513
1877,HTM509,1723,HTM501
1877,HTM509,1724,HTM501
1877,HTM509,1726,HTM501
1965,HTM513,1984,HTM563
1965,HTM513,1723,HTM501
1965,HTM513,1724,HTM501
1965,HTM513,1726,HTM501
1984,HTM563,1723,HTM501
1984,HTM563,1724,HTM501
1984,HTM563,1726,HTM501
1871,BMG596,1919,BMG595
1959,SUR835,2064,SUR837
1959,SUR835,1962,SUR837
2019,NUR850,2020,NUR851
